{
"type": "FeatureCollection",
"name": "nigeria_geology_legends",
"crs": { "type": "name", "properties": { "name": "urn:ogc:def:crs:OGC:1.3:CRS84" } },
"features": [
{ "type": "Feature", "properties": { "legend_id": "L01", "name": "Ignimbrite", "legend_original": "Ignimbrite [Ignimbrite]", "ngsa_code": "Myl", "formation": "Per-Alkaline Younger Granite Series", "age": "Jurassic", "province": "Jos Plateau", "seed_lon": 9.15, "seed_lat": 9.65, "fill_hex": "#7643E0" }, "geometry": { "type": "Polygon", "coordinates": [ [ [ 9.072659306, 9.470488028 ], [ 9.044360966, 9.476996294 ], [ 9.015587406, 9.485821617 ], [ 8.98630712, 9.496777803 ], [ 8.956508108, 9.510338814 ], [ 8.926197793, 9.527874053 ], [ 8.895402364, 9.550927095 ], [ 8.864165594, 9.57994159 ], [ 8.869706833, 9.60102254 ], [ 8.871373484, 9.622610861 ], [ 8.873572011, 9.644632201 ], [ 8.882223518, 9.666968352 ], [ 8.902586445, 9.689470226 ], [ 8.937110621, 9.711973793 ], [ 8.984343674, 9.734317506 ], [ 9.039443566, 9.756359652 ], [ 9.096111475, 9.777994032 ], [ 9.149098566, 9.799162532 ], [ 9.196172477, 9.819863411 ], [ 9.237121606, 9.801221277 ], [ 9.277594103, 9.786690469 ], [ 9.276319977, 9.754980601 ], [ 9.2728284, 9.726341615 ], [ 9.266207156, 9.700289401 ], [ 9.256274743, 9.676017357 ], [ 9.203950328, 9.645876807 ], [ 9.152581277, 9.61579115 ], [ 9.110680887, 9.585759978 ], [ 9.08503479, 9.555782686 ], [ 9.077802588, 9.525858478 ], [ 9.085537945, 9.495986366 ], [ 9.100532972, 9.466165176 ], [ 9.072659306, 9.470488028 ] ] ] } },
{ "type": "Feature", "properties": { "legend_id": "L02", "name": "Lignite, Claystone and Shale", "legend_original": "Lignite, Claystone and shale", "ngsa_code": "OAlgs", "formation": "Ogwashi-Asaba Formation", "age": "Oligocene/Miocene", "province": "South-central (Delta)", "seed_lon": 6.45, "seed_lat": 6.55, "fill_hex": "#F99825" }, "geometry": { "type": "Polygon", "coordinates": [ [ [ 6.824613233, 6.864291676 ], [ 6.857197496, 6.832282039 ], [ 6.886247516, 6.80016056 ], [ 6.903896362, 6.767411184 ], [ 6.904374465, 6.733485909 ], [ 6.885898523, 6.697841481 ], [ 6.851281284, 6.659977484 ], [ 6.807008709, 6.619473175 ], [ 6.761105926, 6.576020449 ], [ 6.720567356, 6.529450509 ], [ 6.689279604, 6.479752173 ], [ 6.667160306, 6.427080319 ], [ 6.650758245, 6.371753591 ], [ 6.635003943, 6.31424127 ], [ 6.615386342, 6.255139922 ], [ 6.589717594, 6.19514122 ], [ 6.558865432, 6.134992956 ], [ 6.526277268, 6.075455778 ], [ 6.496600585, 6.017258548 ], [ 6.452757735, 5.995377621 ], [ 6.421105573, 5.973647461 ], [ 6.400705678, 5.952028989 ], [ 6.388152857, 5.930482769 ], [ 6.379812639, 5.908969595 ], [ 6.350825376, 5.991567695 ], [ 6.323080525, 6.073156832 ], [ 6.296684002, 6.148442361 ], [ 6.271695764, 6.214043613 ], [ 6.24813531, 6.268675196 ], [ 6.22598881, 6.31265108 ], [ 6.205217274, 6.34710152 ], [ 6.185765128, 6.37334196 ], [ 6.167568586, 6.392670156 ], [ 6.150563267, 6.40658527 ], [ 6.134690562, 6.417164744 ], [ 6.119902392, 6.427229796 ], [ 6.106164085, 6.440031278 ], [ 6.09345528, 6.4584476 ], [ 6.081768835, 6.483979349 ], [ 6.07110791, 6.516004406 ], [ 6.061481437, 6.551723133 ], [ 6.052898363, 6.586972016 ], [ 6.045361037, 6.617714224 ], [ 6.038858242, 6.641686796 ], [ 6.033358329, 6.659549167 ], [ 6.028802945, 6.675012745 ], [ 6.025101801, 6.69379876 ], [ 6.022128872, 6.721731443 ], [ 6.019720357, 6.762638702 ], [ 6.017674629, 6.816847009 ], [ 6.015754311, 6.88086351 ], [ 6.013690506, 6.948403913 ], [ 6.011189087, 7.012417259 ], [ 6.007938862, 7.067378609 ], [ 6.003621305, 7.111019343 ], [ 5.997921475, 7.144882196 ], [ 5.99053965, 7.173536807 ], [ 6.041435237, 7.184686426 ], [ 6.088580978, 7.192842748 ], [ 6.132503061, 7.195670203 ], [ 6.17280715, 7.191656468 ], [ 6.208381997, 7.180514209 ], [ 6.237961103, 7.163322941 ], [ 6.260822286, 7.142367544 ], [ 6.27735556, 7.120705739 ], [ 6.28927629, 7.101565202 ], [ 6.299386102, 7.087713741 ], [ 6.310944196, 7.080951665 ], [ 6.326850723, 7.081842629 ], [ 6.348913289, 7.089736787 ], [ 6.377443271, 7.103064743 ], [ 6.411318612, 7.119812877 ], [ 6.448491863, 7.138047905 ], [ 6.486770702, 7.156352187 ], [ 6.524605368, 7.174062105 ], [ 6.561615446, 7.19126066 ], [ 6.598678518, 7.208545631 ], [ 6.612030608, 7.186760069 ], [ 6.625287968, 7.164321015 ], [ 6.63819219, 7.14108951 ], [ 6.650886814, 7.116519393 ], [ 6.663896618, 7.089864372 ], [ 6.67804314, 7.060580949 ], [ 6.694307109, 7.028718218 ], [ 6.71365642, 6.995079547 ], [ 6.736863828, 6.96102926 ], [ 6.76434081, 6.927966542 ], [ 6.796012611, 6.896640702 ], [ 6.824613233, 6.864291676 ] ] ] } },
{ "type": "Feature", "properties": { "legend_id": "L03", "name": "Limestone", "legend_original": "Limestone", "ngsa_code": "Kls/Glls", "formation": "Kalambaina / Dukamaje Formation (Sokoto/Rima Group)", "age": "Palaeocene / Senonian", "province": "NW Sokoto north", "seed_lon": 5.55, "seed_lat": 13.15, "fill_hex": "#2552F9" }, "geometry": { "type": "Polygon", "coordinates": [ [ [ 5.275489581, 12.72476803 ], [ 5.235257768, 12.728328366 ], [ 5.195237156, 12.741624437 ], [ 5.15543673, 12.763750868 ], [ 5.115860896, 12.791064261 ], [ 5.076509566, 12.819404682 ], [ 5.037378353, 12.84657728 ], [ 4.998458865, 12.873638213 ], [ 4.959739105, 12.904180093 ], [ 4.921203959, 12.941945237 ], [ 4.882835757, 12.988074753 ], [ 4.844614908, 13.039569442 ], [ 4.806520571, 13.089927715 ], [ 4.768531372, 13.131759348 ], [ 4.730626129, 13.160088736 ], [ 4.692784569, 13.17465573 ], [ 4.654988037, 13.180023734 ], [ 4.617220152, 13.18344367 ], [ 4.579467414, 13.191580632 ], [ 4.541719737, 13.207763184 ], [ 4.503970896, 13.231076608 ], [ 4.466218873, 13.257595522 ], [ 4.428466096, 13.282914771 ], [ 4.390719558, 13.304513439 ], [ 4.352990824, 13.32269857 ], [ 4.315360441, 13.339799773 ], [ 4.294135927, 13.366149552 ], [ 4.29306704, 13.406142111 ], [ 4.298847017, 13.452659687 ], [ 4.297414906, 13.497351773 ], [ 4.275421921115245, 13.531841484819271 ], [ 4.2877, 13.5411 ], [ 4.3132, 13.5648 ], [ 4.3488, 13.6067 ], [ 4.3691, 13.621 ], [ 4.3778, 13.6409 ], [ 4.3944, 13.6535 ], [ 4.4196, 13.66405 ], [ 4.4448, 13.6746 ], [ 4.4651, 13.6813 ], [ 4.5423, 13.7021 ], [ 4.573766667, 13.7091 ], [ 4.5895, 13.7126 ], [ 4.6367, 13.7231 ], [ 4.6671, 13.7358 ], [ 4.68775, 13.74715 ], [ 4.7084, 13.7585 ], [ 4.7446, 13.7657 ], [ 4.8014, 13.7687 ], [ 4.8735, 13.7814 ], [ 4.9089, 13.7459 ], [ 4.9502, 13.7344 ], [ 4.97795, 13.73525 ], [ 5.0057, 13.7361 ], [ 5.0418, 13.7439 ], [ 5.0779, 13.7517 ], [ 5.12825, 13.74685 ], [ 5.145033333, 13.745233333 ], [ 5.1786, 13.742 ], [ 5.2047, 13.736 ], [ 5.2475, 13.7429 ], [ 5.2813, 13.7561 ], [ 5.30715, 13.78315 ], [ 5.333, 13.8102 ], [ 5.3504, 13.8341 ], [ 5.384166667, 13.846433333 ], [ 5.40105, 13.8526 ], [ 5.4517, 13.8711 ], [ 5.49085, 13.8784 ], [ 5.53, 13.8857 ], [ 5.5572, 13.8753 ], [ 5.6316, 13.8363 ], [ 5.6623, 13.82575 ], [ 5.693, 13.8152 ], [ 5.6945, 13.817 ], [ 5.7042, 13.8146 ], [ 5.7054, 13.8113 ], [ 5.712, 13.808 ], [ 5.7685, 13.7859 ], [ 5.787333333, 13.778533333 ], [ 5.825, 13.7638 ], [ 5.8383, 13.7609 ], [ 5.8595, 13.7587 ], [ 5.8761, 13.7507 ], [ 5.8998, 13.74345 ], [ 5.9235, 13.7362 ], [ 5.9442, 13.7249 ], [ 5.98045, 13.713075 ], [ 6.0167, 13.70125 ], [ 6.05295, 13.689425 ], [ 6.0892, 13.6776 ], [ 6.1164, 13.6644 ], [ 6.1386, 13.6564 ], [ 6.1557, 13.6447 ], [ 6.19425, 13.6591 ], [ 6.2328, 13.6735 ], [ 6.2646, 13.67625 ], [ 6.2964, 13.679 ], [ 6.3407, 13.6533 ], [ 6.355466667, 13.644733333 ], [ 6.385, 13.6276 ], [ 6.403, 13.6113 ], [ 6.462, 13.59 ], [ 6.4953, 13.5684 ], [ 6.505351439, 13.55401358 ], [ 6.469929906, 13.529662285 ], [ 6.443522804, 13.50927372 ], [ 6.428839055, 13.490754605 ], [ 6.412739509, 13.471719753 ], [ 6.382281253, 13.45093264 ], [ 6.33578932, 13.426925649 ], [ 6.287782549, 13.402505682 ], [ 6.248342997, 13.378041903 ], [ 6.223301476, 13.353495601 ], [ 6.212180258, 13.328824042 ], [ 6.208384721, 13.303981577 ], [ 6.202235582, 13.278920891 ], [ 6.185286536, 13.253594356 ], [ 6.153782805, 13.227955439 ], [ 6.109649705, 13.201960142 ], [ 6.058743353, 13.17556842 ], [ 6.007507082, 13.148745531 ], [ 5.959901292, 13.121463296 ], [ 5.9161546, 13.093701212 ], [ 5.873748538, 13.065447394 ], [ 5.829767256, 13.036699309 ], [ 5.783044061, 13.007464284 ], [ 5.73479009, 12.977759769 ], [ 5.68741191, 12.947613336 ], [ 5.642389313, 12.917062416 ], [ 5.598694057, 12.886153776 ], [ 5.552919052, 12.854942745 ], [ 5.501234548, 12.8234922 ], [ 5.442114232, 12.791871347 ], [ 5.378184147, 12.76015432 ], [ 5.31591906, 12.728418624 ], [ 5.275489581, 12.72476803 ] ] ] } },
{ "type": "Feature", "properties": { "legend_id": "L04", "name": "Marble", "legend_original": "Marble", "ngsa_code": "m", "formation": "Meta-Sedimentary/Meta-Volcanic Series (lens)", "age": "Pre-Cambrian", "province": "W (Igbeti marble)", "seed_lon": 4.45, "seed_lat": 8.35, "fill_hex": "#64E082" }, "geometry": { "type": "Polygon", "coordinates": [ [ [ 4.027641499, 8.240022648 ], [ 4.059759135, 8.271904212 ], [ 4.094946955, 8.304114274 ], [ 4.13729998, 8.336587285 ], [ 4.188950537, 8.369260263 ], [ 4.248137896, 8.402074019 ], [ 4.309187036, 8.434974231 ], [ 4.364575981, 8.467912346 ], [ 4.408131808, 8.500846289 ], [ 4.437747524, 8.533740962 ], [ 4.456217337, 8.566568532 ], [ 4.469748433, 8.599308492 ], [ 4.484914734, 8.631947509 ], [ 4.505627092, 8.664479062 ], [ 4.531670982, 8.696902889 ], [ 4.559519304, 8.72922426 ], [ 4.593722615, 8.737233677 ], [ 4.627683061, 8.739602065 ], [ 4.661412168, 8.735882589 ], [ 4.694924793, 8.725584563 ], [ 4.728238851, 8.707930212 ], [ 4.761374983, 8.682532337 ], [ 4.75874842, 8.638078721 ], [ 4.756776004, 8.593325826 ], [ 4.758021676, 8.54859975 ], [ 4.764018241, 8.504215547 ], [ 4.773659085, 8.460461896 ], [ 4.782730194, 8.417586817 ], [ 4.78494783, 8.375785129 ], [ 4.774186897, 8.335188269 ], [ 4.747009972, 8.295857019 ], [ 4.704405927, 8.257777539 ], [ 4.651925998, 8.220860959 ], [ 4.598055272, 8.184946619 ], [ 4.551400408, 8.14980886 ], [ 4.517785136, 8.115167105 ], [ 4.481379772, 8.089845402 ], [ 4.456169312, 8.064680924 ], [ 4.433868792, 8.039653737 ], [ 4.406836151, 8.014740433 ], [ 4.37130016, 7.989914522 ], [ 4.328433443, 7.965146896 ], [ 4.282947836, 7.940406345 ], [ 4.240149042, 7.915660121 ], [ 4.203098586, 7.890874543 ], [ 4.171343899, 7.866015614 ], [ 4.159185121, 7.893967445 ], [ 4.147643381, 7.920930429 ], [ 4.136544592, 7.948034294 ], [ 4.125689086, 7.976595189 ], [ 4.114863483, 8.007742628 ], [ 4.103854787, 8.041821065 ], [ 4.092465846, 8.077869237 ], [ 4.080531092, 8.113512084 ], [ 4.067931214, 8.145465836 ], [ 4.054605355, 8.170603432 ], [ 4.040559428, 8.187258785 ], [ 4.025869375, 8.196283358 ], [ 4.010678513, 8.20138997 ], [ 3.99518861, 8.208536362 ], [ 4.027641499, 8.240022648 ] ] ] } },
{ "type": "Feature", "properties": { "legend_id": "L05", "name": "Medium- to Coarse-Grained Biotite Granite", "legend_original": "Medium-to coarse-Grained Biotite granite", "ngsa_code": "OGm", "formation": "Pan-African Older Granite Series", "age": "Pre-Cambrian", "province": "NE (Bauchi/Yobe)", "seed_lon": 9.95, "seed_lat": 11.85, "fill_hex": "#F9A270" }, "geometry": { "type": "Polygon", "coordinates": [ [ [ 9.906363268, 11.099413411 ], [ 9.889844745, 11.136522318 ], [ 9.873221713, 11.180913744 ], [ 9.856356724, 11.233004358 ], [ 9.839128426, 11.2915788 ], [ 9.821434163, 11.353145364 ], [ 9.803191959, 11.412271223 ], [ 9.784341851, 11.463059257 ], [ 9.764846531, 11.501297139 ], [ 9.744691304, 11.526345497 ], [ 9.723883374, 11.541804356 ], [ 9.702450489, 11.55446348 ], [ 9.680438996, 11.571808615 ], [ 9.657911388, 11.599062089 ], [ 9.634943409, 11.637031073 ], [ 9.611620824, 11.6817523 ], [ 9.588035961, 11.726164368 ], [ 9.564284118, 11.763145324 ], [ 9.540459966, 11.788635402 ], [ 9.516654054, 11.803512451 ], [ 9.492949519, 11.813429032 ], [ 9.469419097, 11.826707831 ], [ 9.446122544, 11.851219474 ], [ 9.423104524, 11.891561985 ], [ 9.400393026, 11.947660227 ], [ 9.377998379, 12.015223922 ], [ 9.355912853, 12.087678456 ], [ 9.334110894, 12.158598944 ], [ 9.312549954, 12.223586101 ], [ 9.291171898, 12.2809243 ], [ 9.269904941, 12.331022695 ], [ 9.248666054, 12.375213902 ], [ 9.227363757, 12.414693383 ], [ 9.205901214, 12.450152506 ], [ 9.221332829, 12.486192492 ], [ 9.237131038, 12.52185783 ], [ 9.250059594, 12.557664571 ], [ 9.257009847, 12.594078262 ], [ 9.255839824, 12.631473378 ], [ 9.246044634, 12.670085843 ], [ 9.228243726, 12.709294224 ], [ 9.196517595, 12.738457753 ], [ 9.166303205, 12.758960325 ], [ 9.149501569, 12.777078241 ], [ 9.145534963, 12.79958416 ], [ 9.148171403, 12.833542629 ], [ 9.1855, 12.8344 ], [ 9.1933, 12.8328 ], [ 9.23665, 12.8298 ], [ 9.28, 12.8268 ], [ 9.32335, 12.8238 ], [ 9.3667, 12.8208 ], [ 9.3804, 12.8223 ], [ 9.4056, 12.8227 ], [ 9.4308, 12.8231 ], [ 9.4531, 12.8184 ], [ 9.4754, 12.8137 ], [ 9.5059, 12.8124 ], [ 9.5364, 12.8111 ], [ 9.5566, 12.8131 ], [ 9.6349, 12.8024 ], [ 9.662, 12.8338 ], [ 9.8731, 13.0753 ], [ 9.9091, 13.1119 ], [ 9.9168, 13.1073 ], [ 9.9196, 13.1073 ], [ 9.9227, 13.109 ], [ 9.9238, 13.1118 ], [ 9.9286, 13.1117 ], [ 9.9363, 13.116 ], [ 9.9385, 13.1194 ], [ 9.9452, 13.1216 ], [ 9.9457, 13.1269 ], [ 9.9569, 13.1348 ], [ 9.9605, 13.1396 ], [ 9.9598, 13.1528 ], [ 9.9621, 13.1556 ], [ 9.9947, 13.1764 ], [ 10.0715, 13.21805 ], [ 10.1483, 13.2597 ], [ 10.1731, 13.2697 ], [ 10.19875, 13.27505 ], [ 10.2244, 13.2804 ], [ 10.28095, 13.2906 ], [ 10.3375, 13.3008 ], [ 10.3747, 13.30525 ], [ 10.4119, 13.3097 ], [ 10.4379, 13.31415 ], [ 10.4639, 13.3186 ], [ 10.529323960880195, 13.338864058679706 ], [ 10.5543, 13.3466 ], [ 10.6447, 13.3746 ], [ 10.705, 13.3844 ], [ 10.7347, 13.3873 ], [ 10.7631, 13.3882 ], [ 10.7915, 13.3891 ], [ 10.8347, 13.3869 ], [ 10.8786, 13.3806 ], [ 10.9067, 13.3725 ], [ 10.9321, 13.3692 ], [ 10.9848, 13.3733 ], [ 10.9967, 13.3763 ], [ 11.0009, 13.3764 ], [ 11.0098, 13.3724 ], [ 11.0127, 13.3745 ], [ 11.0214, 13.376 ], [ 11.1059, 13.3605 ], [ 11.1385, 13.36345 ], [ 11.1711, 13.3664 ], [ 11.2131, 13.3731 ], [ 11.2519, 13.376 ], [ 11.292428417028685, 13.377470091940586 ], [ 11.318255593, 13.323974143 ], [ 11.367010738, 13.249969118 ], [ 11.420812076, 13.165995943 ], [ 11.462869943, 13.086776266 ], [ 11.480804499, 13.029350218 ], [ 11.474123227, 13.001277807 ], [ 11.463931972, 12.983852957 ], [ 11.453442005, 12.973204138 ], [ 11.443516911, 12.966241872 ], [ 11.434874674, 12.958979931 ], [ 11.428046561, 12.947398011 ], [ 11.393092734, 12.922801727 ], [ 11.361042778, 12.896625204 ], [ 11.331518625, 12.868733241 ], [ 11.304682262, 12.839046838 ], [ 11.281401185, 12.807544941 ], [ 11.262982973, 12.774263977 ], [ 11.236565661, 12.741575921 ], [ 11.22058679, 12.708700612 ], [ 11.212400506, 12.675636887 ], [ 11.206353037, 12.64238455 ], [ 11.196247271, 12.608944374 ], [ 11.178413129, 12.575318081 ], [ 11.153647665, 12.541508336 ], [ 11.126817005, 12.507518721 ], [ 11.104166003, 12.473353713 ], [ 11.089674211, 12.43901865 ], [ 11.082399433, 12.4045197 ], [ 11.076302281, 12.369863817 ], [ 11.062764249, 12.335058698 ], [ 11.034581762, 12.300112739 ], [ 10.989416167, 12.265034974 ], [ 10.930945937, 12.229835028 ], [ 10.867163107, 12.194523052 ], [ 10.806736315, 12.159109662 ], [ 10.755331607, 12.123605877 ], [ 10.713728908, 12.088023049 ], [ 10.678548243, 12.052372795 ], [ 10.644983926, 12.016666929 ], [ 10.609916473, 11.980917386 ], [ 10.57367795, 11.945136156 ], [ 10.53960415, 11.909335205 ], [ 10.511804338, 11.873526411 ], [ 10.492572638, 11.837721484 ], [ 10.481000976, 11.801931901 ], [ 10.473578356, 11.766168837 ], [ 10.466344449, 11.730443092 ], [ 10.457224649, 11.694765033 ], [ 10.447061045, 11.659144527 ], [ 10.438637978, 11.623590881 ], [ 10.434227135, 11.588112789 ], [ 10.433126725, 11.552718274 ], [ 10.430772726, 11.517414642 ], [ 10.420168294, 11.482208436 ], [ 10.395060787, 11.447105397 ], [ 10.353236793, 11.412110425 ], [ 10.298120169, 11.37722755 ], [ 10.237683477, 11.342459906 ], [ 10.181090862, 11.307809709 ], [ 10.134716399, 11.273278243 ], [ 10.099548735, 11.238865848 ], [ 10.071286759, 11.204571917 ], [ 10.043025494, 11.170394896 ], [ 10.009083703, 11.136332291 ], [ 9.96796096, 11.10238068 ], [ 9.922927676, 11.068535729 ], [ 9.906363268, 11.099413411 ] ] ] } },
{ "type": "Feature", "properties": { "legend_id": "L06", "name": "Meta-Volcanic and Meta-Sedimentary including Pebbly Schist", "legend_original": "Meta Volcanic Meta Sedimentary including pebbly schist", "ngsa_code": "MV", "formation": "Meta-Sedimentary/Meta-Volcanic Series (schist belt)", "age": "Pre-Cambrian", "province": "W schist belt north", "seed_lon": 4.05, "seed_lat": 10.85, "fill_hex": "#E02192" }, "geometry": { "type": "Polygon", "coordinates": [ [ [ 4.048259684, 11.574633016 ], [ 4.081952294, 11.552379525 ], [ 4.115748005, 11.521869178 ], [ 4.149636797, 11.487254341 ], [ 4.183607126, 11.455700478 ], [ 4.217646019, 11.434401996 ], [ 4.251739187, 11.427452398 ], [ 4.285871141, 11.433929745 ], [ 4.320025325, 11.448019718 ], [ 4.35418426, 11.46108865 ], [ 4.388329694, 11.464767734 ], [ 4.422442763, 11.453712977 ], [ 4.456504152, 11.42693335 ], [ 4.49049427, 11.387298341 ], [ 4.524393417, 11.339681061 ], [ 4.483591535, 11.280361341 ], [ 4.437101393, 11.220579856 ], [ 4.390534155, 11.161192079 ], [ 4.348336891, 11.102846017 ], [ 4.313052059, 11.045958483 ], [ 4.285221351, 10.99071805 ], [ 4.263863899, 10.93710942 ], [ 4.247284993, 10.884952046 ], [ 4.233896504, 10.833945312 ], [ 4.222771706, 10.783713458 ], [ 4.213791221, 10.733845248 ], [ 4.207407604, 10.683925877 ], [ 4.20419833, 10.633561066 ], [ 4.204439063, 10.582395334 ], [ 4.207892758, 10.530127606 ], [ 4.213894968, 10.476527442 ], [ 4.180464381, 10.497216463 ], [ 4.146622581, 10.517129495 ], [ 4.112208815, 10.535089966 ], [ 4.077363105, 10.550011084 ], [ 4.042503427, 10.56148513 ], [ 4.008562269, 10.569446761 ], [ 3.979206474, 10.56598368 ], [ 3.950378354, 10.5542113 ], [ 3.91723735, 10.539665106 ], [ 3.878081316, 10.526783111 ], [ 3.835845269384061, 10.523450676030302 ], [ 3.841065548145254, 10.5402248419075 ], [ 3.845422635, 10.554225338 ], [ 3.855, 10.585 ], [ 3.851899999825452, 10.633900002753354 ], [ 3.850866667, 10.6502 ], [ 3.8488, 10.6828 ], [ 3.8356, 10.7097 ], [ 3.8261, 10.7142 ], [ 3.80585, 10.73555 ], [ 3.7856, 10.7569 ], [ 3.76975, 10.77565 ], [ 3.7539, 10.7944 ], [ 3.7486, 10.8031 ], [ 3.7458, 10.8203 ], [ 3.7467, 10.8267 ], [ 3.7594, 10.8475 ], [ 3.76735, 10.87305 ], [ 3.7753, 10.8986 ], [ 3.77, 10.9197 ], [ 3.7423, 10.9623 ], [ 3.7172, 11.0198 ], [ 3.7256, 11.0282 ], [ 3.7228, 11.032 ], [ 3.722, 11.0486 ], [ 3.7205, 11.0503 ], [ 3.7283, 11.0632 ], [ 3.7286, 11.0783 ], [ 3.7314, 11.0825 ], [ 3.731, 11.087 ], [ 3.7205, 11.0966 ], [ 3.7192, 11.1065 ], [ 3.7218, 11.1153 ], [ 3.7214, 11.1231 ], [ 3.7197, 11.1263 ], [ 3.7232, 11.1303 ], [ 3.7225, 11.1324 ], [ 3.7134, 11.1347 ], [ 3.711, 11.1328 ], [ 3.7087, 11.138 ], [ 3.6997, 11.1419 ], [ 3.6914, 11.1409 ], [ 3.6855, 11.1435 ], [ 3.6822, 11.1427 ], [ 3.6812, 11.1441 ], [ 3.6703, 11.1434 ], [ 3.6682, 11.1462 ], [ 3.6631, 11.1478 ], [ 3.6578, 11.1565 ], [ 3.645, 11.1653 ], [ 3.6387, 11.1721 ], [ 3.6315, 11.1766 ], [ 3.6006, 11.2039 ], [ 3.5649, 11.2525 ], [ 3.5436, 11.2582 ], [ 3.5305, 11.2644 ], [ 3.5086, 11.2911 ], [ 3.5037, 11.295 ], [ 3.4972, 11.2965 ], [ 3.4921, 11.3004 ], [ 3.4883, 11.3058 ], [ 3.4856, 11.3134 ], [ 3.482066667, 11.352166667 ], [ 3.4803, 11.37155 ], [ 3.475, 11.4297 ], [ 3.4771, 11.4554 ], [ 3.4869, 11.4793 ], [ 3.5107, 11.5247 ], [ 3.5106, 11.5675 ], [ 3.5135, 11.6234 ], [ 3.511520435, 11.6588799 ], [ 3.552360036, 11.653116258 ], [ 3.595460729, 11.646419805 ], [ 3.641428615, 11.638166607 ], [ 3.692013593, 11.627206017 ], [ 3.747254666, 11.612028536 ], [ 3.805067009, 11.595871801 ], [ 3.861137069, 11.584995682 ], [ 3.911787585, 11.582323633 ], [ 3.96272829, 11.584981476 ], [ 4.014678593, 11.589054123 ], [ 4.048259684, 11.574633016 ] ] ] } },
{ "type": "Feature", "properties": { "legend_id": "L07", "name": "Meta-conglomerate", "legend_original": "Meta-conglomerate", "ngsa_code": "Mc", "formation": "Meta-Sedimentary/Meta-Volcanic Series", "age": "Pre-Cambrian", "province": "W (Kwara/Ekiti)", "seed_lon": 4.95, "seed_lat": 8.15, "fill_hex": "#25F9CC" }, "geometry": { "type": "Polygon", "coordinates": [ [ [ 4.75874842, 8.638078721 ], [ 4.761374983, 8.682532337 ], [ 4.791573675, 8.675438615 ], [ 4.821075709, 8.665411249 ], [ 4.850637853, 8.653977054 ], [ 4.881231414, 8.643066688 ], [ 4.91385916, 8.634572591 ], [ 4.949355863, 8.629842214 ], [ 4.98821455, 8.629258084 ], [ 5.010749834, 8.601203263 ], [ 5.033825724, 8.574245553 ], [ 5.0574212, 8.542100406 ], [ 5.081528519, 8.499949537 ], [ 5.106152834, 8.446628964 ], [ 5.131311011, 8.385404765 ], [ 5.157029721, 8.32292416 ], [ 5.183342892, 8.266708098 ], [ 5.210288634, 8.222194264 ], [ 5.237905792, 8.190553732 ], [ 5.266230253, 8.16818854 ], [ 5.295291212, 8.148108463 ], [ 5.325107527, 8.122597956 ], [ 5.355684363, 8.086065566 ], [ 5.387010256, 8.036939033 ], [ 5.419054755, 7.977925934 ], [ 5.451766741, 7.914680224 ], [ 5.485073535, 7.853567875 ], [ 5.518880843, 7.79952449 ], [ 5.553073562, 7.754835398 ], [ 5.587517451, 7.719154773 ], [ 5.622061622, 7.690482473 ], [ 5.641513283, 7.663119616 ], [ 5.610289244, 7.667583696 ], [ 5.578426946, 7.67583968 ], [ 5.545930723, 7.690394664 ], [ 5.512702672, 7.7132776 ], [ 5.478512414, 7.744535322 ], [ 5.442990255, 7.78132145 ], [ 5.405647022, 7.818217636 ], [ 5.365919843, 7.8488684 ], [ 5.323239047, 7.868357521 ], [ 5.277107876, 7.875326625 ], [ 5.227184208, 7.872858937 ], [ 5.173352557, 7.867636516 ], [ 5.115775273, 7.867618647 ], [ 5.054914133, 7.879146081 ], [ 4.991517166, 7.904645181 ], [ 4.926570023, 7.941858824 ], [ 4.861215954, 7.984876735 ], [ 4.79665286, 8.026474225 ], [ 4.734019238, 8.060740277 ], [ 4.674282754, 8.084914631 ], [ 4.618145287, 8.099769879 ], [ 4.565976564, 8.108558252 ], [ 4.517785136, 8.115167105 ], [ 4.551400408, 8.14980886 ], [ 4.598055272, 8.184946619 ], [ 4.651925998, 8.220860959 ], [ 4.704405927, 8.257777539 ], [ 4.747009972, 8.295857019 ], [ 4.774186897, 8.335188269 ], [ 4.78494783, 8.375785129 ], [ 4.782730194, 8.417586817 ], [ 4.773659085, 8.460461896 ], [ 4.764018241, 8.504215547 ], [ 4.758021676, 8.54859975 ], [ 4.756776004, 8.593325826 ], [ 4.75874842, 8.638078721 ] ] ] } },
{ "type": "Feature", "properties": { "legend_id": "L08", "name": "Migmatite", "legend_original": "Migmatite [Migmatite]", "ngsa_code": "M", "formation": "Migmatite-Gneiss Complex", "age": "Pre-Cambrian", "province": "Central (Kaduna)", "seed_lon": 7.15, "seed_lat": 10.95, "fill_hex": "#F2F925" }, "geometry": { "type": "Polygon", "coordinates": [ [ [ 7.106968424, 11.383273318 ], [ 7.148151449, 11.368200376 ], [ 7.190684058, 11.352577819 ], [ 7.233351245, 11.337726572 ], [ 7.275133085, 11.325815792 ], [ 7.315426629, 11.31923361 ], [ 7.354166814, 11.31975602 ], [ 7.374694705, 11.300221168 ], [ 7.394971624, 11.288073731 ], [ 7.414971244, 11.27882093 ], [ 7.434700026, 11.267601943 ], [ 7.454197238, 11.251032691 ], [ 7.473533667, 11.22848006 ], [ 7.49280907, 11.202148464 ], [ 7.512148453, 11.17586897 ], [ 7.53169731, 11.153066766 ], [ 7.551615987, 11.134779843 ], [ 7.572073373, 11.118622226 ], [ 7.593240128, 11.099207507 ], [ 7.590910335, 11.062880018 ], [ 7.597509192, 11.022321723 ], [ 7.615015245, 10.976931789 ], [ 7.642978545, 10.926431205 ], [ 7.678202694, 10.870905137 ], [ 7.715181887, 10.81080977 ], [ 7.747213249, 10.746942487 ], [ 7.767901737, 10.680378154 ], [ 7.772652051, 10.612377883 ], [ 7.759738412, 10.544279595 ], [ 7.730660752, 10.4773816 ], [ 7.689699262, 10.412831107 ], [ 7.642806366, 10.351528987 ], [ 7.563864383, 10.367064257 ], [ 7.49150071, 10.385473999 ], [ 7.427799, 10.405047221 ], [ 7.372149835, 10.423760911 ], [ 7.322001947, 10.439608378 ], [ 7.274098611, 10.450937856 ], [ 7.225730787, 10.456728697 ], [ 7.175574792, 10.456745192 ], [ 7.146287935, 10.493303433 ], [ 7.116918123, 10.520638622 ], [ 7.087465553, 10.543676129 ], [ 7.057930621, 10.566416148 ], [ 7.028313917, 10.590250967 ], [ 6.998616221, 10.613822883 ], [ 6.968838507, 10.634373185 ], [ 6.938981931, 10.649775366 ], [ 6.909047834, 10.660128837 ], [ 6.879037734, 10.668064998 ], [ 6.848953322, 10.677628767 ], [ 6.818796457, 10.692365522 ], [ 6.788569159, 10.713661823 ], [ 6.758273605, 10.740241505 ], [ 6.797067462, 10.77607816 ], [ 6.836576936, 10.812105147 ], [ 6.874814567, 10.848363395 ], [ 6.911277267, 10.884895963 ], [ 6.946762978, 10.921746465 ], [ 6.982351398, 10.958957303 ], [ 7.018103089, 10.996567771 ], [ 7.052207152, 11.034612104 ], [ 7.08111834, 11.07311756 ], [ 7.100752216, 11.11210261 ], [ 7.108272884, 11.151575328 ], [ 7.103669177, 11.191532044 ], [ 7.090343798, 11.231956342 ], [ 7.074339059, 11.272818452 ], [ 7.062421512, 11.31407508 ], [ 7.059775748, 11.355669712 ], [ 7.068269278, 11.397533397 ], [ 7.106968424, 11.383273318 ] ] ] } },
{ "type": "Feature", "properties": { "legend_id": "L09", "name": "Migmatitic Gneiss", "legend_original": "Migmatitic Gneiss", "ngsa_code": "MG", "formation": "Migmatite-Gneiss Complex", "age": "Pre-Cambrian", "province": "Central north (Katsina)", "seed_lon": 7.85, "seed_lat": 11.35, "fill_hex": "#C064E0" }, "geometry": { "type": "Polygon", "coordinates": [ [ [ 7.374694705, 11.300221168 ], [ 7.354166814, 11.31975602 ], [ 7.373171237, 11.35139822 ], [ 7.393885109, 11.383215617 ], [ 7.421248932, 11.415223271 ], [ 7.458427581, 11.447434892 ], [ 7.505246276, 11.479862653 ], [ 7.558196109, 11.512517019 ], [ 7.611904258, 11.54540659 ], [ 7.661283165, 11.578537955 ], [ 7.703303505, 11.611915572 ], [ 7.737591701, 11.645541664 ], [ 7.765688185, 11.679416142 ], [ 7.789488891, 11.713536558 ], [ 7.809784152, 11.747898075 ], [ 7.825715397, 11.78249348 ], [ 7.862289404, 11.759607648 ], [ 7.897703941, 11.749709643 ], [ 7.931609514, 11.752731506 ], [ 7.963758225, 11.764954494 ], [ 7.994033665, 11.780142435 ], [ 8.022470219, 11.791750983 ], [ 8.049259939, 11.795327928 ], [ 8.074746175, 11.790095915 ], [ 8.099404269, 11.779033567 ], [ 8.123810727, 11.767406342 ], [ 8.148603257, 11.760362679 ], [ 8.174434852, 11.760607074 ], [ 8.201925638, 11.767114455 ], [ 8.217991077, 11.738670012 ], [ 8.240373186, 11.710156029 ], [ 8.26073407, 11.681042826 ], [ 8.27153562, 11.650785518 ], [ 8.268242618, 11.618851654 ], [ 8.250196343, 11.584748459 ], [ 8.220009865, 11.548048271 ], [ 8.18196249, 11.508410815 ], [ 8.140225694, 11.465601177 ], [ 8.097698656, 11.419502543 ], [ 8.055826912, 11.37012307 ], [ 8.015242037, 11.317596555 ], [ 7.976662572, 11.262176909 ], [ 7.923861298, 11.254705659 ], [ 7.87496709, 11.245481183 ], [ 7.831587375, 11.234295178 ], [ 7.79425476, 11.221006492 ], [ 7.761757341, 11.205551339 ], [ 7.731359911, 11.187948763 ], [ 7.699944363, 11.168300849 ], [ 7.665602502, 11.146787536 ], [ 7.62891858, 11.123656321 ], [ 7.593240128, 11.099207507 ], [ 7.572073373, 11.118622226 ], [ 7.551615987, 11.134779843 ], [ 7.53169731, 11.153066766 ], [ 7.512148453, 11.17586897 ], [ 7.49280907, 11.202148464 ], [ 7.473533667, 11.22848006 ], [ 7.454197238, 11.251032691 ], [ 7.434700026, 11.267601943 ], [ 7.414971244, 11.27882093 ], [ 7.394971624, 11.288073731 ], [ 7.374694705, 11.300221168 ] ] ] } },
{ "type": "Feature", "properties": { "legend_id": "L10", "name": "Migmatitic Augen Gneiss", "legend_original": "Migmatitic augen Gneiss", "ngsa_code": "MaG", "formation": "Migmatite-Gneiss Complex", "age": "Pre-Cambrian", "province": "Central NW (Zamfara)", "seed_lon": 6.75, "seed_lat": 11.15, "fill_hex": "#4AF999" }, "geometry": { "type": "Polygon", "coordinates": [ [ [ 6.797067462, 10.77607816 ], [ 6.758273605, 10.740241505 ], [ 6.704829795, 10.750588735 ], [ 6.652668702, 10.759939831 ], [ 6.60259813, 10.76677876 ], [ 6.555165222, 10.771705743 ], [ 6.510544016, 10.777152853 ], [ 6.46848875, 10.786194657 ], [ 6.428360276, 10.800993451 ], [ 6.389220069, 10.821595478 ], [ 6.349974661, 10.845645052 ], [ 6.309544949, 10.869174183 ], [ 6.267031047, 10.888141446 ], [ 6.221844807, 10.900054479 ], [ 6.173788462, 10.904969506 ], [ 6.123067732, 10.905437048 ], [ 6.070239529, 10.905430288 ], [ 6.01610577, 10.908739857 ], [ 5.961573901, 10.917544164 ], [ 5.969652981, 10.937818328 ], [ 6.017801545, 10.975331888 ], [ 6.060665345, 11.012913989 ], [ 6.092338285, 11.050621682 ], [ 6.111579391, 11.088505674 ], [ 6.12277479, 11.1266092 ], [ 6.134288098, 11.164967054 ], [ 6.154898357, 11.203604808 ], [ 6.18996845, 11.242538231 ], [ 6.239124166, 11.281772911 ], [ 6.296487111, 11.321304103 ], [ 6.35327052, 11.361116783 ], [ 6.401439869, 11.401185937 ], [ 6.436708124, 11.441477039 ], [ 6.459569701, 11.481946752 ], [ 6.474122006, 11.522543795 ], [ 6.485520135, 11.563209995 ], [ 6.497496143, 11.603881472 ], [ 6.511177302, 11.644489961 ], [ 6.525609439, 11.684964217 ], [ 6.539413073, 11.7252315 ], [ 6.552412959, 11.765219094 ], [ 6.566192974, 11.804855829 ], [ 6.583248088, 11.844073597 ], [ 6.616309119, 11.804261396 ], [ 6.649208657, 11.758253306 ], [ 6.681957803, 11.711834412 ], [ 6.714568731, 11.672230373 ], [ 6.747054548, 11.644768859 ], [ 6.779429158, 11.630296881 ], [ 6.811707097, 11.624670536 ], [ 6.843903373, 11.6205571 ], [ 6.876033293, 11.610601446 ], [ 6.908112283, 11.590349483 ], [ 6.940155716, 11.559532344 ], [ 6.972178725, 11.521255818 ], [ 7.004196028, 11.479772638 ], [ 7.036221755, 11.438212074 ], [ 7.068269278, 11.397533397 ], [ 7.059775748, 11.355669712 ], [ 7.062421512, 11.31407508 ], [ 7.074339059, 11.272818452 ], [ 7.090343798, 11.231956342 ], [ 7.103669177, 11.191532044 ], [ 7.108272884, 11.151575328 ], [ 7.100752216, 11.11210261 ], [ 7.08111834, 11.07311756 ], [ 7.052207152, 11.034612104 ], [ 7.018103089, 10.996567771 ], [ 6.982351398, 10.958957303 ], [ 6.946762978, 10.921746465 ], [ 6.911277267, 10.884895963 ], [ 6.874814567, 10.848363395 ], [ 6.836576936, 10.812105147 ], [ 6.797067462, 10.77607816 ] ] ] } },
{ "type": "Feature", "properties": { "legend_id": "L11", "name": "Mylonites", "legend_original": "Mylonites", "ngsa_code": "My", "formation": "Cataclastic Rocks (shear zone)", "age": "Pre-Cambrian", "province": "Zungeru shear", "seed_lon": 5.05, "seed_lat": 9.15, "fill_hex": "#E0A164" }, "geometry": { "type": "Polygon", "coordinates": [ [ [ 4.593722615, 8.737233677 ], [ 4.559519304, 8.72922426 ], [ 4.537941534, 8.733390391 ], [ 4.516453109, 8.737137472 ], [ 4.494759724, 8.74560183 ], [ 4.472620713, 8.764662688 ], [ 4.449870866, 8.799319289 ], [ 4.426436976, 8.851915884 ], [ 4.402348009, 8.920955361 ], [ 4.377738204, 9.00110233 ], [ 4.352842821, 9.08454277 ], [ 4.327986753, 9.163312517 ], [ 4.303566636, 9.231770627 ], [ 4.280027517, 9.288276701 ], [ 4.313620364, 9.302265641 ], [ 4.362608367, 9.314254112 ], [ 4.427939551, 9.324106973 ], [ 4.506138126, 9.331858992 ], [ 4.590680735, 9.337715669 ], [ 4.674379411, 9.34203848 ], [ 4.751726162, 9.345316149 ], [ 4.820230378, 9.34812486 ], [ 4.880286765, 9.351081404 ], [ 4.93380499, 9.354793889 ], [ 4.982387905, 9.359814788 ], [ 5.026009033, 9.366600784 ], [ 5.062846041, 9.37548308 ], [ 5.090325803, 9.386650694 ], [ 5.10682179, 9.400147872 ], [ 5.113111751, 9.41588527 ], [ 5.112811115, 9.43366314 ], [ 5.111491345, 9.45320354 ], [ 5.114833799, 9.474187739 ], [ 5.126649043, 9.496294528 ], [ 5.156146986, 9.492534022 ], [ 5.187562851, 9.493850225 ], [ 5.220667971, 9.499916514 ], [ 5.255116171, 9.510748872 ], [ 5.290505127, 9.525973202 ], [ 5.326442503, 9.544102996 ], [ 5.362607185, 9.562260937 ], [ 5.398796824, 9.57659034 ], [ 5.403669763, 9.547258022 ], [ 5.408559769, 9.510975152 ], [ 5.415374598, 9.46723255 ], [ 5.426625439, 9.416727076 ], [ 5.444657708, 9.361248167 ], [ 5.470859632, 9.303338277 ], [ 5.505056057, 9.245790459 ], [ 5.545253093, 9.191085617 ], [ 5.58781431, 9.140889281 ], [ 5.628042796, 9.095718283 ], [ 5.661042384, 9.05485284 ], [ 5.655002421, 9.021165432 ], [ 5.622392469, 8.987620921 ], [ 5.566512507, 8.954224296 ], [ 5.496536411, 8.920980245 ], [ 5.423197314, 8.887893143 ], [ 5.354390993, 8.854967036 ], [ 5.292841691, 8.82220563 ], [ 5.236734894, 8.789612282 ], [ 5.182572955, 8.757189986 ], [ 5.128381384, 8.724941366 ], [ 5.075388072, 8.692868669 ], [ 5.027356834, 8.660973753 ], [ 4.98821455, 8.629258084 ], [ 4.949355863, 8.629842214 ], [ 4.91385916, 8.634572591 ], [ 4.881231414, 8.643066688 ], [ 4.850637853, 8.653977054 ], [ 4.821075709, 8.665411249 ], [ 4.791573675, 8.675438615 ], [ 4.761374983, 8.682532337 ], [ 4.728238851, 8.707930212 ], [ 4.694924793, 8.725584563 ], [ 4.661412168, 8.735882589 ], [ 4.627683061, 8.739602065 ], [ 4.593722615, 8.737233677 ] ] ] } },
{ "type": "Feature", "properties": { "legend_id": "L12", "name": "Mylonites Interlayered with Amphibolites", "legend_original": "Mylonites Interlayed with Amphibolites", "ngsa_code": "aMy", "formation": "Cataclastic Rocks (Ifewara shear)", "age": "Pre-Cambrian", "province": "Ifewara shear", "seed_lon": 4.85, "seed_lat": 7.85, "fill_hex": "#6E4AF9" }, "geometry": { "type": "Polygon", "coordinates": [ [ [ 4.481379772, 8.089845402 ], [ 4.517785136, 8.115167105 ], [ 4.565976564, 8.108558252 ], [ 4.618145287, 8.099769879 ], [ 4.674282754, 8.084914631 ], [ 4.734019238, 8.060740277 ], [ 4.79665286, 8.026474225 ], [ 4.861215954, 7.984876735 ], [ 4.926570023, 7.941858824 ], [ 4.991517166, 7.904645181 ], [ 5.054914133, 7.879146081 ], [ 5.115775273, 7.867618647 ], [ 5.173352557, 7.867636516 ], [ 5.227184208, 7.872858937 ], [ 5.277107876, 7.875326625 ], [ 5.323239047, 7.868357521 ], [ 5.365919843, 7.8488684 ], [ 5.405647022, 7.818217636 ], [ 5.442990255, 7.78132145 ], [ 5.478512414, 7.744535322 ], [ 5.512702672, 7.7132776 ], [ 5.545930723, 7.690394664 ], [ 5.578426946, 7.67583968 ], [ 5.610289244, 7.667583696 ], [ 5.641513283, 7.663119616 ], [ 5.654727649, 7.648364698 ], [ 5.634107875, 7.634976272 ], [ 5.609967506, 7.621875339 ], [ 5.580862206, 7.609469557 ], [ 5.544355341, 7.598447399 ], [ 5.497548355, 7.589632019 ], [ 5.438195979, 7.583773296 ], [ 5.365978271, 7.581324598 ], [ 5.283363959, 7.582257152 ], [ 5.195601052, 7.585959376 ], [ 5.109682882, 7.591252214 ], [ 5.032541375, 7.596527618 ], [ 4.969051827, 7.599990895 ], [ 4.920554704, 7.599964437 ], [ 4.884451057, 7.595195385 ], [ 4.855057332, 7.585106425 ], [ 4.82545118, 7.569938204 ], [ 4.78967682, 7.550751937 ], [ 4.744547854, 7.529287698 ], [ 4.690438661, 7.507702057 ], [ 4.630833332, 7.48823235 ], [ 4.570857102, 7.472849088 ], [ 4.515373971, 7.462959809 ], [ 4.467360782, 7.459216871 ], [ 4.427121073, 7.461460474 ], [ 4.392548316, 7.468801165 ], [ 4.360234014, 7.479818796 ], [ 4.326907207, 7.492833137 ], [ 4.29060605, 7.506189353 ], [ 4.251143082, 7.518501786 ], [ 4.236409588, 7.581245288 ], [ 4.222155249, 7.637562886 ], [ 4.208464204, 7.686881499 ], [ 4.195393723, 7.729673989 ], [ 4.182977768, 7.767010054 ], [ 4.171230135, 7.800111472 ], [ 4.160146308, 7.830063215 ], [ 4.165594713, 7.848086817 ], [ 4.171343899, 7.866015614 ], [ 4.203098586, 7.890874543 ], [ 4.240149042, 7.915660121 ], [ 4.282947836, 7.940406345 ], [ 4.328433443, 7.965146896 ], [ 4.37130016, 7.989914522 ], [ 4.406836151, 8.014740433 ], [ 4.433868792, 8.039653737 ], [ 4.456169312, 8.064680924 ], [ 4.481379772, 8.089845402 ] ] ] } },
{ "type": "Feature", "properties": { "legend_id": "L13", "name": "Pebbles and Grit", "legend_original": "Pebbles and Grit", "ngsa_code": "Glpg", "formation": "Gundumi-Illo Formation", "age": "Turonian pre-Maastrichtian", "province": "NW Bida fringe", "seed_lon": 5.15, "seed_lat": 10.35, "fill_hex": "#64C2E0" }, "geometry": { "type": "Polygon", "coordinates": [ [ [ 4.867700903, 10.090704533 ], [ 4.836203006, 10.121095232 ], [ 4.804651029, 10.158377683 ], [ 4.773034916, 10.200885284 ], [ 4.741345311, 10.242928976 ], [ 4.709573674, 10.277034477 ], [ 4.677712392, 10.297165757 ], [ 4.645754883, 10.301503795 ], [ 4.613695682, 10.293529153 ], [ 4.581530515, 10.280925496 ], [ 4.604117942, 10.315679962 ], [ 4.626215258, 10.350562477 ], [ 4.649859231, 10.385571348 ], [ 4.680587367, 10.420703694 ], [ 4.725066217, 10.455955472 ], [ 4.787315251, 10.491321524 ], [ 4.865438314, 10.526795624 ], [ 4.950743151, 10.562370541 ], [ 5.030049695, 10.598038104 ], [ 5.090389053, 10.633789274 ], [ 5.124017889, 10.669614229 ], [ 5.131412926, 10.705502443 ], [ 5.120834008, 10.741442786 ], [ 5.104689152, 10.77742361 ], [ 5.126624956, 10.794824822 ], [ 5.152020952, 10.814936343 ], [ 5.181245911, 10.831248346 ], [ 5.214094239, 10.838399594 ], [ 5.249887008, 10.833862756 ], [ 5.287638074, 10.818561476 ], [ 5.326255811, 10.796213178 ], [ 5.36474625, 10.771712444 ], [ 5.402384479, 10.749247819 ], [ 5.438827591, 10.73092088 ], [ 5.474153217, 10.716384192 ], [ 5.508820718, 10.703552132 ], [ 5.543565306, 10.689972856 ], [ 5.527183377, 10.659460998 ], [ 5.510853256, 10.628874264 ], [ 5.493017149, 10.598210912 ], [ 5.474687796, 10.567469403 ], [ 5.458961915, 10.536648399 ], [ 5.448878698, 10.505746774 ], [ 5.444750173, 10.474763611 ], [ 5.442540837, 10.44369821 ], [ 5.434443264, 10.412550083 ], [ 5.411678147, 10.381318961 ], [ 5.368327665, 10.350004794 ], [ 5.304355242, 10.318607747 ], [ 5.226253379, 10.287128203 ], [ 5.144876348, 10.255566761 ], [ 5.071392875, 10.223924233 ], [ 5.013222526, 10.192201643 ], [ 4.971814323, 10.160400223 ], [ 4.943190893, 10.128521409 ], [ 4.920805406, 10.096566838 ], [ 4.899155342, 10.064538344 ], [ 4.867700903, 10.090704533 ] ] ] } },
{ "type": "Feature", "properties": { "legend_id": "L14", "name": "Pegmatite", "legend_original": "Pegmatite", "ngsa_code": "P", "formation": "Pan-African Older Granite Series (veins/dykes)", "age": "Pre-Cambrian", "province": "Central (FCT/Kaduna)", "seed_lon": 7.05, "seed_lat": 9.35, "fill_hex": "#64E0DF" }, "geometry": { "type": "Polygon", "coordinates": [ [ [ 6.484790816, 8.693498512 ], [ 6.476414333, 8.753304742 ], [ 6.468470641, 8.817692592 ], [ 6.461653668, 8.882917252 ], [ 6.456687846, 8.946143649 ], [ 6.454197237, 9.006013704 ], [ 6.454573238, 9.062666577 ], [ 6.457862694, 9.1172725 ], [ 6.463697081, 9.171302193 ], [ 6.471278644, 9.22582626 ], [ 6.479431577, 9.281101104 ], [ 6.486716644, 9.336568678 ], [ 6.49159744, 9.391228297 ], [ 6.492637464, 9.444194325 ], [ 6.488700899, 9.495187226 ], [ 6.479127472, 9.544740331 ], [ 6.463853857, 9.594025355 ], [ 6.443460459, 9.644358381 ], [ 6.419132431, 9.696583043 ], [ 6.392536012, 9.750586158 ], [ 6.400787794, 9.770051788 ], [ 6.415807869, 9.790156929 ], [ 6.44446119, 9.810886302 ], [ 6.48990306, 9.832152527 ], [ 6.550374165, 9.85380062 ], [ 6.61972773, 9.875617727 ], [ 6.689497706, 9.897347355 ], [ 6.751706904, 9.918707074 ], [ 6.801340884, 9.939408368 ], [ 6.837587248, 9.959177173 ], [ 6.871704579, 9.914376736 ], [ 6.905737351, 9.862623772 ], [ 6.939679548, 9.806569909 ], [ 6.97352541, 9.750906879 ], [ 7.00726944, 9.700357773 ], [ 7.040906415, 9.657510472 ], [ 7.074431392, 9.621596286 ], [ 7.107839714, 9.588872412 ], [ 7.14112702, 9.554475217 ], [ 7.174289245, 9.514870651 ], [ 7.207322627, 9.469714403 ], [ 7.240223711, 9.42220976 ], [ 7.27298935, 9.377780329 ], [ 7.30561671, 9.341693548 ], [ 7.338103267, 9.316770428 ], [ 7.37044681, 9.30225123 ], [ 7.402645441, 9.294296047 ], [ 7.434697571, 9.287787933 ], [ 7.416437585, 9.254505294 ], [ 7.386750949, 9.221043168 ], [ 7.346141037, 9.187159306 ], [ 7.297975332, 9.152655989 ], [ 7.24808391, 9.117388117 ], [ 7.203377178, 9.081266417 ], [ 7.169868649, 9.044255763 ], [ 7.15077047, 9.006368987 ], [ 7.145365143, 8.967656934 ], [ 7.149116258, 8.928195775 ], [ 7.155045622, 8.888072819 ], [ 7.155937396, 8.847372128 ], [ 7.146613688, 8.80616125 ], [ 7.125487274, 8.764480252 ], [ 7.094856219, 8.722334028 ], [ 7.037631134, 8.728146014 ], [ 6.979355631, 8.7337413 ], [ 6.921772279, 8.738616704 ], [ 6.86628904, 8.740685281 ], [ 6.813749766, 8.737306438 ], [ 6.764339014, 8.726671812 ], [ 6.71763159, 8.708956869 ], [ 6.672765324, 8.686736771 ], [ 6.628689838, 8.664464425 ], [ 6.584430076, 8.647193129 ], [ 6.539303785, 8.639034769 ], [ 6.493046536, 8.641948682 ], [ 6.484790816, 8.693498512 ] ] ] } },
{ "type": "Feature", "properties": { "legend_id": "L15", "name": "Pelitic Schist / Muscovite Schist", "legend_original": "Pelitic Schist/Muscovite Schist", "ngsa_code": "MS", "formation": "Meta-Sedimentary/Meta-Volcanic Series", "age": "Pre-Cambrian", "province": "W (Niger)", "seed_lon": 4.65, "seed_lat": 10.75, "fill_hex": "#C7F970" }, "geometry": { "type": "Polygon", "coordinates": [ [ [ 4.483591535, 11.280361341 ], [ 4.524393417, 11.339681061 ], [ 4.587571727, 11.324371426 ], [ 4.640705905, 11.308510256 ], [ 4.681653631, 11.292274363 ], [ 4.710150425, 11.275334216 ], [ 4.727962668, 11.257300805 ], [ 4.738566335, 11.238157651 ], [ 4.746425507, 11.218513808 ], [ 4.756050651, 11.199581813 ], [ 4.77107342, 11.182884223 ], [ 4.793566924, 11.16979025 ], [ 4.823770718, 11.1610472 ], [ 4.84834532, 11.121366908 ], [ 4.873802123, 11.084715372 ], [ 4.900159455, 11.04726407 ], [ 4.927403497, 11.006028981 ], [ 4.955487497, 10.96022902 ], [ 4.984332051, 10.911861909 ], [ 5.013826461, 10.865176346 ], [ 5.043831121, 10.825162246 ], [ 5.074180862, 10.795599944 ], [ 5.104689152, 10.77742361 ], [ 5.120834008, 10.741442786 ], [ 5.131412926, 10.705502443 ], [ 5.124017889, 10.669614229 ], [ 5.090389053, 10.633789274 ], [ 5.030049695, 10.598038104 ], [ 4.950743151, 10.562370541 ], [ 4.865438314, 10.526795624 ], [ 4.787315251, 10.491321524 ], [ 4.725066217, 10.455955472 ], [ 4.680587367, 10.420703694 ], [ 4.649859231, 10.385571348 ], [ 4.626215258, 10.350562477 ], [ 4.604117942, 10.315679962 ], [ 4.581530515, 10.280925496 ], [ 4.544793736, 10.251215566 ], [ 4.509386401, 10.225257427 ], [ 4.476317662, 10.204571892 ], [ 4.445946908, 10.189891331 ], [ 4.417864047, 10.181163907 ], [ 4.391101785, 10.177704227 ], [ 4.361200107, 10.222195465 ], [ 4.331453075, 10.272370021 ], [ 4.301855355, 10.324526939 ], [ 4.272400929, 10.376387826 ], [ 4.243083176, 10.427090727 ], [ 4.213894968, 10.476527442 ], [ 4.207892758, 10.530127606 ], [ 4.204439063, 10.582395334 ], [ 4.20419833, 10.633561066 ], [ 4.207407604, 10.683925877 ], [ 4.213791221, 10.733845248 ], [ 4.222771706, 10.783713458 ], [ 4.233896504, 10.833945312 ], [ 4.247284993, 10.884952046 ], [ 4.263863899, 10.93710942 ], [ 4.285221351, 10.99071805 ], [ 4.313052059, 11.045958483 ], [ 4.348336891, 11.102846017 ], [ 4.390534155, 11.161192079 ], [ 4.437101393, 11.220579856 ], [ 4.483591535, 11.280361341 ] ] ] } },
{ "type": "Feature", "properties": { "legend_id": "L16", "name": "Porphyritic Granite / Coarse Porphyritic Biotite and Biotite-Hornblende Granite", "legend_original": "Porphyritic Granite/Coarse porphyritic biotite and biotite hornblende granite", "ngsa_code": "OGH/OSq", "formation": "Pan-African Older Granite Series (batholith)", "age": "Pre-Cambrian", "province": "Central (Kaduna/Plateau)", "seed_lon": 8.65, "seed_lat": 10.35, "fill_hex": "#4AD7F9" }, "geometry": { "type": "Polygon", "coordinates": [ [ [ 9.029884817, 10.899083718 ], [ 9.062003975, 10.886526886 ], [ 9.095779847, 10.861910933 ], [ 9.131183517, 10.82474705 ], [ 9.168119914, 10.777982959 ], [ 9.206433952, 10.72715357 ], [ 9.192327917, 10.674799814 ], [ 9.18853342, 10.622971616 ], [ 9.191737421, 10.572033639 ], [ 9.195822565, 10.522310546 ], [ 9.193822929, 10.474074705 ], [ 9.18024841, 10.427536017 ], [ 9.152911368, 10.382834306 ], [ 9.113571201, 10.340034577 ], [ 9.067168649, 10.299125318 ], [ 9.019968703, 10.260019935 ], [ 8.977348047, 10.22256123 ], [ 8.942082226, 10.186528742 ], [ 8.896158478, 10.156895887 ], [ 8.854143174, 10.127513286 ], [ 8.811924263, 10.098413948 ], [ 8.767283325, 10.069628932 ], [ 8.721255987, 10.041186782 ], [ 8.677655383, 10.013112987 ], [ 8.641105746, 9.98542948 ], [ 8.614699713, 9.958154187 ], [ 8.598542998, 9.93130064 ], [ 8.589919306, 9.904877645 ], [ 8.584895603, 9.878889034 ], [ 8.58039253, 9.853333491 ], [ 8.575499512, 9.828204455 ], [ 8.571252804, 9.803490124 ], [ 8.568980618, 9.779173527 ], [ 8.568170027, 9.755232693 ], [ 8.565154946, 9.731640901 ], [ 8.553556882, 9.708367011 ], [ 8.52650423, 9.685375868 ], [ 8.482463406, 9.688098419 ], [ 8.425864744, 9.692022185 ], [ 8.358702134, 9.696250815 ], [ 8.285017402, 9.699885724 ], [ 8.256139525, 9.747932372 ], [ 8.227144065, 9.78839572 ], [ 8.19804306, 9.819709927 ], [ 8.168849146, 9.842563162 ], [ 8.16696734, 9.872756699 ], [ 8.165065831, 9.899680949 ], [ 8.16282371, 9.926657908 ], [ 8.159909177, 9.95544953 ], [ 8.155989266, 9.985990169 ], [ 8.150739885, 10.016935769 ], [ 8.143855818, 10.046686029 ], [ 8.194034518, 10.08349889 ], [ 8.217349835, 10.1202996 ], [ 8.215838231, 10.157073722 ], [ 8.197980395, 10.1938069 ], [ 8.17512795, 10.230484957 ], [ 8.157221576, 10.267093989 ], [ 8.149707426, 10.303620454 ], [ 8.152839042, 10.340051262 ], [ 8.163314457, 10.376373858 ], [ 8.177094421, 10.412576299 ], [ 8.191827395, 10.448647332 ], [ 8.207734031, 10.484576459 ], [ 8.226786413, 10.520353999 ], [ 8.250982915, 10.555971146 ], [ 8.280937289, 10.591420016 ], [ 8.315670243, 10.626693686 ], [ 8.353644493, 10.661786234 ], [ 8.394241623, 10.696692761 ], [ 8.438551457, 10.731409414 ], [ 8.48873902, 10.765933392 ], [ 8.546152461, 10.800262957 ], [ 8.609214148, 10.834397422 ], [ 8.671448966, 10.853098137 ], [ 8.73019667, 10.87020526 ], [ 8.781356999, 10.885755857 ], [ 8.821672254, 10.89991048 ], [ 8.849784165, 10.912941362 ], [ 8.878250265, 10.903302092 ], [ 8.903221006, 10.894713186 ], [ 8.926143585, 10.890099276 ], [ 8.948699692, 10.890833949 ], [ 8.972602003, 10.896149281 ], [ 8.999382361, 10.903218043 ], [ 9.029884817, 10.899083718 ] ] ] } },
{ "type": "Feature", "properties": { "legend_id": "L17", "name": "Porphyry / Quartz Porphyry", "legend_original": "Porphyry/Quartz Porphyry", "ngsa_code": "MyP", "formation": "Per-Alkaline Younger Granite Series", "age": "Jurassic", "province": "Jos Plateau north", "seed_lon": 9.05, "seed_lat": 9.85, "fill_hex": "#C1E021" }, "geometry": { "type": "Polygon", "coordinates": [ [ [ 8.869706833, 9.60102254 ], [ 8.864165594, 9.57994159 ], [ 8.836130802, 9.595162138 ], [ 8.806355543, 9.611435106 ], [ 8.775741849, 9.625486858 ], [ 8.74520938, 9.634386208 ], [ 8.715428146, 9.636864452 ], [ 8.686603059, 9.634154142 ], [ 8.658354539, 9.629926139 ], [ 8.629721032, 9.62925282 ], [ 8.599285797, 9.636925176 ], [ 8.565406263, 9.655734845 ], [ 8.52650423, 9.685375868 ], [ 8.553556882, 9.708367011 ], [ 8.565154946, 9.731640901 ], [ 8.568170027, 9.755232693 ], [ 8.568980618, 9.779173527 ], [ 8.571252804, 9.803490124 ], [ 8.575499512, 9.828204455 ], [ 8.58039253, 9.853333491 ], [ 8.584895603, 9.878889034 ], [ 8.589919306, 9.904877645 ], [ 8.598542998, 9.93130064 ], [ 8.614699713, 9.958154187 ], [ 8.641105746, 9.98542948 ], [ 8.677655383, 10.013112987 ], [ 8.721255987, 10.041186782 ], [ 8.767283325, 10.069628932 ], [ 8.811924263, 10.098413948 ], [ 8.854143174, 10.127513286 ], [ 8.896158478, 10.156895887 ], [ 8.942082226, 10.186528742 ], [ 8.962514511, 10.167215947 ], [ 8.983672832, 10.151079604 ], [ 9.005513502, 10.131929915 ], [ 9.027980068, 10.105971256 ], [ 9.051004884, 10.072409777 ], [ 9.074510937, 10.032813294 ], [ 9.098413853, 9.989776276 ], [ 9.122624061, 9.945663579 ], [ 9.14704905, 9.902020587 ], [ 9.171595679, 9.859773461 ], [ 9.196172477, 9.819863411 ], [ 9.149098566, 9.799162532 ], [ 9.096111475, 9.777994032 ], [ 9.039443566, 9.756359652 ], [ 8.984343674, 9.734317506 ], [ 8.937110621, 9.711973793 ], [ 8.902586445, 9.689470226 ], [ 8.882223518, 9.666968352 ], [ 8.873572011, 9.644632201 ], [ 8.871373484, 9.622610861 ], [ 8.869706833, 9.60102254 ] ] ] } },
{ "type": "Feature", "properties": { "legend_id": "L18", "name": "Quartz-Feldspathic Granulite and Gneiss", "legend_original": "Quartz feldspathic granulite and gneiss", "ngsa_code": "Ge", "formation": "Migmatite-Gneiss Complex (granulite)", "age": "Pre-Cambrian", "province": "Central (Kogi/Benue)", "seed_lon": 7.95, "seed_lat": 8.05, "fill_hex": "#F925BD" }, "geometry": { "type": "Polygon", "coordinates": [ [ [ 7.407387711, 8.344148798 ], [ 7.446218037, 8.350450173 ], [ 7.47940677, 8.359056837 ], [ 7.512241775, 8.369192514 ], [ 7.550532614, 8.380095037 ], [ 7.598392276, 8.391186367 ], [ 7.656765727, 8.402201519 ], [ 7.723312887, 8.413252223 ], [ 7.793642709, 8.424813588 ], [ 7.863292288, 8.437636482 ], [ 7.929524848, 8.452602285 ], [ 7.992127477, 8.470547353 ], [ 8.052872373, 8.49209004 ], [ 8.113940115, 8.517492534 ], [ 8.176096885, 8.546583062 ], [ 8.237541514, 8.578752687 ], [ 8.294034653, 8.613027006 ], [ 8.340329902, 8.648199203 ], [ 8.376483398, 8.661857951 ], [ 8.412512579, 8.668921645 ], [ 8.448405147, 8.664791462 ], [ 8.48414892, 8.648809238 ], [ 8.519731917, 8.623284444 ], [ 8.555142443, 8.591407591 ], [ 8.590369168, 8.555352451 ], [ 8.625401217, 8.51562232 ], [ 8.640159399, 8.460168162 ], [ 8.647562365, 8.402255283 ], [ 8.648222687, 8.34292842 ], [ 8.643258025, 8.283922777 ], [ 8.634161851, 8.227345645 ], [ 8.622637784, 8.175057612 ], [ 8.610417348, 8.127994446 ], [ 8.599082529, 8.085721716 ], [ 8.589913443, 8.046443858 ], [ 8.583777933, 8.007521224 ], [ 8.581074472, 7.966346616 ], [ 8.581733002, 7.92127641 ], [ 8.585271297, 7.872265486 ], [ 8.590897775, 7.8209436 ], [ 8.597646425, 7.770066207 ], [ 8.60452608, 7.722505192 ], [ 8.610665174, 7.680127643 ], [ 8.61543435, 7.642972563 ], [ 8.618532656, 7.609047994 ], [ 8.620028052, 7.574860875 ], [ 8.560756791, 7.561352266 ], [ 8.501223063, 7.547555986 ], [ 8.44539609, 7.534962588 ], [ 8.396078039, 7.524581802 ], [ 8.354111964, 7.516763265 ], [ 8.318456123, 7.511173968 ], [ 8.286965377, 7.506933908 ], [ 8.257434482, 7.502875272 ], [ 8.228387211, 7.497862528 ], [ 8.199260652, 7.491097401 ], [ 8.16995351, 7.482337009 ], [ 8.140032407, 7.471974303 ], [ 8.108071807, 7.460962503 ], [ 8.071556641, 7.450601833 ], [ 8.027519159, 7.442239032 ], [ 7.973725215, 7.436950262 ], [ 7.909929375, 7.435281717 ], [ 7.8386204, 7.437108425 ], [ 7.778169065, 7.465038476 ], [ 7.718414749, 7.493918163 ], [ 7.660680475, 7.520157729 ], [ 7.606157166, 7.541426588 ], [ 7.555763152, 7.55753823 ], [ 7.510033362, 7.570385747 ], [ 7.469054927, 7.582949776 ], [ 7.4324596, 7.597808656 ], [ 7.399475282, 7.615801593 ], [ 7.369030318, 7.635432722 ], [ 7.339896401, 7.653284686 ], [ 7.310849984, 7.665274967 ], [ 7.280829225, 7.66822721 ], [ 7.263033956, 7.700400432 ], [ 7.245603743, 7.727207974 ], [ 7.23259585, 7.749236673 ], [ 7.227163511, 7.767626653 ], [ 7.230731427, 7.783899082 ], [ 7.242607046, 7.799738132 ], [ 7.260155319, 7.816766162 ], [ 7.279504223, 7.83634994 ], [ 7.296592419, 7.859467794 ], [ 7.30826643, 7.88665465 ], [ 7.313115285, 7.918026586 ], [ 7.311803141, 7.953371808 ], [ 7.30680482, 7.992283471 ], [ 7.301623142, 8.034303684 ], [ 7.299718715, 8.079048147 ], [ 7.303467142, 8.126287018 ], [ 7.3134499, 8.175968189 ], [ 7.328286132, 8.22818208 ], [ 7.345052611, 8.283079537 ], [ 7.360166172, 8.340764056 ], [ 7.407387711, 8.344148798 ] ] ] } },
{ "type": "Feature", "properties": { "legend_id": "L19", "name": "Quartz Porphyry", "legend_original": "Quartz porphyry", "ngsa_code": "MyP", "formation": "Per-Alkaline Younger Granite Series", "age": "Jurassic", "province": "Jos Plateau", "seed_lon": 9.35, "seed_lat": 9.45, "fill_hex": "#25F92D" }, "geometry": { "type": "Polygon", "coordinates": [ [ [ 9.203950328, 9.645876807 ], [ 9.256274743, 9.676017357 ], [ 9.287363742, 9.668792902 ], [ 9.318517024, 9.659014761 ], [ 9.349730996, 9.642045624 ], [ 9.381002005, 9.615129593 ], [ 9.412326343, 9.578846086 ], [ 9.443700254, 9.537309817 ], [ 9.475119942, 9.496850286 ], [ 9.506581581, 9.463586314 ], [ 9.46585475, 9.425680075 ], [ 9.424322548, 9.388251221 ], [ 9.389098788, 9.351282711 ], [ 9.366807595, 9.314737331 ], [ 9.361348101, 9.27855912 ], [ 9.372450328, 9.242675403 ], [ 9.3955467, 9.206999358 ], [ 9.423013627, 9.171433047 ], [ 9.44634815, 9.135870802 ], [ 9.434828592, 9.113493123 ], [ 9.410907318, 9.093179697 ], [ 9.375061406, 9.075689611 ], [ 9.33016742, 9.06143105 ], [ 9.313893747, 9.087611488 ], [ 9.297388882, 9.117840003 ], [ 9.289104183, 9.177009026 ], [ 9.275891879, 9.236493693 ], [ 9.257412973, 9.292027583 ], [ 9.233693381, 9.340498598 ], [ 9.205160155, 9.380705373 ], [ 9.172635535, 9.413439404 ], [ 9.137286493, 9.440964478 ], [ 9.100532972, 9.466165176 ], [ 9.085537945, 9.495986366 ], [ 9.077802588, 9.525858478 ], [ 9.08503479, 9.555782686 ], [ 9.110680887, 9.585759978 ], [ 9.152581277, 9.61579115 ], [ 9.203950328, 9.645876807 ] ] ] } },
{ "type": "Feature", "properties": { "legend_id": "L20", "name": "Quartzite, Massive and Schistose, also occurring as Ridges", "legend_original": "Quartzite, massive and schistose, also occuring as ridges", "ngsa_code": "Qs", "formation": "Meta-Sedimentary/Meta-Volcanic Series (ridges)", "age": "Pre-Cambrian", "province": "W (Kwara/Oyo)", "seed_lon": 3.55, "seed_lat": 9.15, "fill_hex": "#2162E0" }, "geometry": { "type": "Polygon", "coordinates": [ [ [ 4.048480784, 9.456068899 ], [ 4.026828894, 9.415578545 ], [ 3.996044785, 9.374769607 ], [ 3.962399963, 9.333678499 ], [ 3.932938935, 9.292344046 ], [ 3.912043693, 9.250806972 ], [ 3.899606736, 9.209109374 ], [ 3.891512069, 9.16729419 ], [ 3.881948362, 9.125404656 ], [ 3.866228159, 9.083483779 ], [ 3.842672977, 9.041573812 ], [ 3.812756785, 8.999715763 ], [ 3.779698979, 8.957948916 ], [ 3.746506783, 8.916310397 ], [ 3.714658522, 8.87483477 ], [ 3.670698213, 8.903503368 ], [ 3.626782321, 8.930436318 ], [ 3.582710605, 8.95113209 ], [ 3.538438769, 8.962724815 ], [ 3.494112566, 8.96484409 ], [ 3.450074273, 8.959363671 ], [ 3.406838915, 8.94932097 ], [ 3.365041656, 8.937642523 ], [ 3.325361816, 8.926330204 ], [ 3.288432291, 8.916456206 ], [ 3.254745606, 8.908846812 ], [ 3.22458167, 8.904968528 ], [ 3.206275959, 8.925596916 ], [ 3.195407551, 8.979732503 ], [ 3.178354032, 9.046920554 ], [ 3.148595249, 9.102365995 ], [ 3.108848106, 9.130383965 ], [ 3.119624053, 9.161341982 ], [ 3.1304, 9.1923 ], [ 3.1424, 9.229133333 ], [ 3.148399984012804, 9.247549950928189 ], [ 3.1664, 9.3028 ], [ 3.16665, 9.3343 ], [ 3.1669, 9.3658 ], [ 3.1522, 9.4056 ], [ 3.145, 9.4189 ], [ 3.1419, 9.4292 ], [ 3.1417, 9.4411 ], [ 3.15655, 9.46875 ], [ 3.1714, 9.4964 ], [ 3.18825, 9.5139 ], [ 3.2051, 9.5314 ], [ 3.22535, 9.559 ], [ 3.2456, 9.5866 ], [ 3.2656, 9.6115 ], [ 3.2856, 9.6364 ], [ 3.308, 9.658633333 ], [ 3.3192, 9.66975 ], [ 3.3528, 9.7031 ], [ 3.3372, 9.735 ], [ 3.3311, 9.7558 ], [ 3.3312, 9.781 ], [ 3.3335, 9.7913 ], [ 3.3412, 9.8079 ], [ 3.344349138042074, 9.812260344981334 ], [ 3.371301357, 9.80030275 ], [ 3.394171053, 9.791402687 ], [ 3.41395847, 9.782952352 ], [ 3.446722217, 9.764746587 ], [ 3.470802608, 9.740492589 ], [ 3.48573442, 9.703408433 ], [ 3.502883566, 9.650456416 ], [ 3.534781621, 9.593927155 ], [ 3.580227809, 9.54823853 ], [ 3.62640664, 9.511038727 ], [ 3.67281788, 9.483035569 ], [ 3.718957181, 9.464341479 ], [ 3.764289075, 9.455187045 ], [ 3.808299553, 9.455961524 ], [ 3.850549937, 9.466476766 ], [ 3.890726606, 9.484918265 ], [ 3.92868136, 9.507214676 ], [ 3.964457976, 9.527415713 ], [ 3.99830176, 9.539173833 ], [ 4.030650514, 9.537822246 ], [ 4.044863496, 9.519024234 ], [ 4.058952117, 9.496207148 ], [ 4.048480784, 9.456068899 ] ] ] } },
{ "type": "Feature", "properties": { "legend_id": "L21", "name": "Rhyolite", "legend_original": "Rhyolite", "ngsa_code": "r/Jyr", "formation": "Younger Granite volcanics (ring dykes)", "age": "Jurassic", "province": "Jos Plateau north", "seed_lon": 9.35, "seed_lat": 10.05, "fill_hex": "#E770F9" }, "geometry": { "type": "Polygon", "coordinates": [ [ [ 9.237121606, 9.801221277 ], [ 9.196172477, 9.819863411 ], [ 9.171595679, 9.859773461 ], [ 9.14704905, 9.902020587 ], [ 9.122624061, 9.945663579 ], [ 9.098413853, 9.989776276 ], [ 9.074510937, 10.032813294 ], [ 9.051004884, 10.072409777 ], [ 9.027980068, 10.105971256 ], [ 9.005513502, 10.131929915 ], [ 8.983672832, 10.151079604 ], [ 8.962514511, 10.167215947 ], [ 8.942082226, 10.186528742 ], [ 8.977348047, 10.22256123 ], [ 9.019968703, 10.260019935 ], [ 9.067168649, 10.299125318 ], [ 9.113571201, 10.340034577 ], [ 9.152911368, 10.382834306 ], [ 9.18024841, 10.427536017 ], [ 9.193822929, 10.474074705 ], [ 9.195822565, 10.522310546 ], [ 9.191737421, 10.572033639 ], [ 9.18853342, 10.622971616 ], [ 9.192327917, 10.674799814 ], [ 9.206433952, 10.72715357 ], [ 9.259151136, 10.71202705 ], [ 9.316876685, 10.700584589 ], [ 9.375160734, 10.694321734 ], [ 9.430291618, 10.693904671 ], [ 9.48044717, 10.699177789 ], [ 9.526050172, 10.70932833 ], [ 9.569245439, 10.723155913 ], [ 9.612749519, 10.739374109 ], [ 9.658553824, 10.756869114 ], [ 9.707002471, 10.774856915 ], [ 9.756604631, 10.792910602 ], [ 9.804643531, 10.810865643 ], [ 9.848327398, 10.828643837 ], [ 9.886014988, 10.846057958 ], [ 9.918021346, 10.862663398 ], [ 9.946324652, 10.845756333 ], [ 9.974744802, 10.823006531 ], [ 9.978096924, 10.780439467 ], [ 9.974527232, 10.736037803 ], [ 9.961777147, 10.689911725 ], [ 9.940858215, 10.642253795 ], [ 9.915157515, 10.593331128 ], [ 9.888693778, 10.543473809 ], [ 9.864373585, 10.493060068 ], [ 9.843027189, 10.44249889 ], [ 9.823576681, 10.392210907 ], [ 9.804121735, 10.342608497 ], [ 9.783295599, 10.294076075 ], [ 9.761149652, 10.24695156 ], [ 9.739104442, 10.201509968 ], [ 9.719012088, 10.157949961 ], [ 9.701853521, 10.11638405 ], [ 9.68680361, 10.076832983 ], [ 9.671229611, 10.039224607 ], [ 9.651721147, 10.003397294 ], [ 9.625710541, 9.969107764 ], [ 9.592899425, 9.936042941 ], [ 9.533297668, 9.908928295 ], [ 9.472603435, 9.8827291 ], [ 9.415482994, 9.857484936 ], [ 9.364819348, 9.833152154 ], [ 9.320108124, 9.809612893 ], [ 9.277594103, 9.786690469 ], [ 9.237121606, 9.801221277 ] ] ] } },
{ "type": "Feature", "properties": { "legend_id": "L22", "name": "Sand and Clay", "legend_original": "Sand and Clay", "ngsa_code": "Bnst", "formation": "Benin Formation (coastal plain sands)", "age": "Pleistocene/Pliocene", "province": "South (Benin Fm, large)", "seed_lon": 5.95, "seed_lat": 6.35, "fill_hex": "#43E0C6" }, "geometry": { "type": "Polygon", "coordinates": [ [ [ 6.350825376, 5.991567695 ], [ 6.379812639, 5.908969595 ], [ 6.386562531, 5.864055422 ], [ 6.394411105, 5.819700402 ], [ 6.402469329, 5.776039849 ], [ 6.40923025, 5.733193779 ], [ 6.412292181, 5.691264597 ], [ 6.40862752, 5.650335183 ], [ 6.395398164, 5.610467439 ], [ 6.350311857, 5.654782366 ], [ 6.303148294, 5.70884777 ], [ 6.254001565, 5.76700874 ], [ 6.203092913, 5.823923428 ], [ 6.150765927, 5.875783081 ], [ 6.097468335, 5.920437582 ], [ 6.043721628, 5.956655863 ], [ 5.990081152, 5.983213747 ], [ 5.937090546, 5.998544658 ], [ 5.885235155, 6.001297912 ], [ 5.834899373, 5.991546017 ], [ 5.78633261, 5.971904552 ], [ 5.739627784, 5.947752001 ], [ 5.694715021, 5.926128529 ], [ 5.651371641, 5.913568326 ], [ 5.609247825, 5.913734866 ], [ 5.567905587, 5.925951696 ], [ 5.526867228, 5.945408693 ], [ 5.4856683, 5.965097962 ], [ 5.443909511, 5.97873152 ], [ 5.401301977, 5.983403234 ], [ 5.357700841, 5.980828242 ], [ 5.313123366, 5.976606224 ], [ 5.267749237, 5.977830803 ], [ 5.221902652, 5.990097612 ], [ 5.176017706, 6.015208516 ], [ 5.130590424, 6.050521852 ], [ 5.086122297, 6.090133189 ], [ 5.043061177, 6.127257225 ], [ 5.00174584, 6.156700482 ], [ 4.963116436, 6.175941573 ], [ 4.928828022, 6.185312626 ], [ 4.895753039, 6.190226681 ], [ 4.864635926, 6.194223975 ], [ 4.833826472, 6.200716534 ], [ 4.801461772, 6.210866974 ], [ 4.81555887, 6.236004495 ], [ 4.830044328, 6.262870375 ], [ 4.853877101, 6.29240155 ], [ 4.88292929, 6.322033335 ], [ 4.915696948, 6.351686529 ], [ 4.95007673, 6.381365902 ], [ 4.985105121, 6.411076153 ], [ 5.021570312, 6.440821895 ], [ 5.060908628, 6.470607646 ], [ 5.10319883, 6.50043781 ], [ 5.145736257, 6.530316669 ], [ 5.183390059, 6.560248367 ], [ 5.210866402, 6.590236898 ], [ 5.225756477, 6.620286098 ], [ 5.230599701, 6.650399629 ], [ 5.232571046, 6.68058097 ], [ 5.24064559, 6.710833408 ], [ 5.261524452, 6.741160024 ], [ 5.296406558, 6.77156369 ], [ 5.340371236, 6.802047056 ], [ 5.384826675, 6.832612544 ], [ 5.421868961, 6.863262338 ], [ 5.4483606, 6.893998384 ], [ 5.467649743, 6.924822375 ], [ 5.488062094, 6.955735757 ], [ 5.518957599, 6.986739713 ], [ 5.566363195, 7.017835171 ], [ 5.630330256, 7.049022793 ], [ 5.705178601, 7.080302977 ], [ 5.782247376, 7.111675856 ], [ 5.853529908, 7.143141296 ], [ 5.914282611, 7.174698899 ], [ 5.953204527, 7.173120773 ], [ 5.99053965, 7.173536807 ], [ 5.997921475, 7.144882196 ], [ 6.003621305, 7.111019343 ], [ 6.007938862, 7.067378609 ], [ 6.011189087, 7.012417259 ], [ 6.013690506, 6.948403913 ], [ 6.015754311, 6.88086351 ], [ 6.017674629, 6.816847009 ], [ 6.019720357, 6.762638702 ], [ 6.022128872, 6.721731443 ], [ 6.025101801, 6.69379876 ], [ 6.028802945, 6.675012745 ], [ 6.033358329, 6.659549167 ], [ 6.038858242, 6.641686796 ], [ 6.045361037, 6.617714224 ], [ 6.052898363, 6.586972016 ], [ 6.061481437, 6.551723133 ], [ 6.07110791, 6.516004406 ], [ 6.081768835, 6.483979349 ], [ 6.09345528, 6.4584476 ], [ 6.106164085, 6.440031278 ], [ 6.119902392, 6.427229796 ], [ 6.134690562, 6.417164744 ], [ 6.150563267, 6.40658527 ], [ 6.167568586, 6.392670156 ], [ 6.185765128, 6.37334196 ], [ 6.205217274, 6.34710152 ], [ 6.22598881, 6.31265108 ], [ 6.24813531, 6.268675196 ], [ 6.271695764, 6.214043613 ], [ 6.296684002, 6.148442361 ], [ 6.323080525, 6.073156832 ], [ 6.350825376, 5.991567695 ] ] ] } },
{ "type": "Feature", "properties": { "legend_id": "L23", "name": "Sand, Clay and Swamp", "legend_original": "Sand, Clay and Swamp", "ngsa_code": "SDsm", "formation": "Sombreiro Deltaic Formation", "age": "Pleistocene/Pliocene", "province": "SE delta swamp", "seed_lon": 6.95, "seed_lat": 4.95, "fill_hex": "#F970E8" }, "geometry": { "type": "Polygon", "coordinates": [ [ [ 6.583294785, 5.481145737 ], [ 6.628696018, 5.476940039 ], [ 6.670215089, 5.469887013 ], [ 6.708486864, 5.464214977 ], [ 6.744167831, 5.464263237 ], [ 6.77779118, 5.472684706 ], [ 6.809689005, 5.489234067 ], [ 6.839995864, 5.510601605 ], [ 6.868727358, 5.531351888 ], [ 6.895908672, 5.545605989 ], [ 6.921715406, 5.548834037 ], [ 6.946585422, 5.539107429 ], [ 6.971266576, 5.517397778 ], [ 6.996779897, 5.486899025 ], [ 7.024297715, 5.451727134 ], [ 7.054956997, 5.415564537 ], [ 7.089645074, 5.380783523 ], [ 7.128804132, 5.348329121 ], [ 7.172299938, 5.318285222 ], [ 7.219389264, 5.290746026 ], [ 7.268801333, 5.266498355 ], [ 7.318925276, 5.247135536 ], [ 7.368072908, 5.234514071 ], [ 7.402836005, 5.216236015 ], [ 7.437135279, 5.206312576 ], [ 7.47095626, 5.201379082 ], [ 7.504296065, 5.196386593 ], [ 7.537163496, 5.18624855 ], [ 7.569578838, 5.167721701 ], [ 7.601573354, 5.140698197 ], [ 7.63318849, 5.108293473 ], [ 7.664474808, 5.07562132 ], [ 7.695490669, 5.047728216 ], [ 7.713283942, 5.010402066 ], [ 7.730151884, 4.980056529 ], [ 7.746264446, 4.954261161 ], [ 7.761889095, 4.929055863 ], [ 7.777368369, 4.900433644 ], [ 7.793091827, 4.865814264 ], [ 7.809464321, 4.82497708 ], [ 7.828400168, 4.779228616 ], [ 7.859030843, 4.727934243 ], [ 7.896596812, 4.67742414 ], [ 7.933693769, 4.629279272 ], [ 7.964237004, 4.58180112 ], [ 7.984920954, 4.537697615 ], [ 7.983856054399786, 4.537593952198208 ], [ 7.886846025000817, 4.528150498008929 ], [ 7.876305239, 4.527124404 ], [ 7.8401, 4.5236 ], [ 7.77, 4.5133 ], [ 7.6939, 4.4989 ], [ 7.6814, 4.4947 ], [ 7.6672, 4.4954 ], [ 7.6412, 4.4843 ], [ 7.6142, 4.4686 ], [ 7.6058, 4.4703 ], [ 7.6023, 4.4777 ], [ 7.603, 4.4884 ], [ 7.5966, 4.4966 ], [ 7.5796, 4.5088 ], [ 7.5713, 4.5123 ], [ 7.5612, 4.5138 ], [ 7.552, 4.5203 ], [ 7.5389, 4.5389 ], [ 7.5277, 4.55 ], [ 7.5352, 4.5568 ], [ 7.5449, 4.5691 ], [ 7.5467, 4.5852 ], [ 7.5319, 4.6041 ], [ 7.5311, 4.6173 ], [ 7.5225, 4.6308 ], [ 7.528, 4.6508 ], [ 7.5259, 4.6637 ], [ 7.5226, 4.6709 ], [ 7.5237, 4.6837 ], [ 7.5315, 4.6924 ], [ 7.5351, 4.7004 ], [ 7.5278, 4.6969 ], [ 7.5219, 4.6892 ], [ 7.5175, 4.6797 ], [ 7.5163, 4.6633 ], [ 7.5215, 4.6621 ], [ 7.5241, 4.6549 ], [ 7.5176, 4.6336 ], [ 7.5249, 4.6131 ], [ 7.5259, 4.6028 ], [ 7.5323, 4.5913 ], [ 7.5437, 4.5798 ], [ 7.5429, 4.5755 ], [ 7.527, 4.5656 ], [ 7.5213, 4.5547 ], [ 7.5214, 4.5502 ], [ 7.5326, 4.5259 ], [ 7.5427, 4.5147 ], [ 7.5571, 4.5029 ], [ 7.5766, 4.497 ], [ 7.5894, 4.4895 ], [ 7.5817, 4.4757 ], [ 7.5833, 4.4613 ], [ 7.5897, 4.4628 ], [ 7.5906, 4.4589 ], [ 7.5871, 4.4532 ], [ 7.5803, 4.4501 ], [ 7.54945, 4.4507 ], [ 7.5186, 4.4513 ], [ 7.4874, 4.4487 ], [ 7.4474, 4.4399 ], [ 7.4184, 4.4315 ], [ 7.39285, 4.43675 ], [ 7.3673, 4.442 ], [ 7.3334, 4.4437 ], [ 7.3246, 4.4395 ], [ 7.3231, 4.4335 ], [ 7.3286, 4.4168 ], [ 7.3081, 4.4089 ], [ 7.277333333, 4.3994 ], [ 7.26195, 4.39465 ], [ 7.2158, 4.3804 ], [ 7.2038, 4.379 ], [ 7.1819, 4.3795 ], [ 7.1438, 4.3841 ], [ 7.1406, 4.3832 ], [ 7.1393, 4.3801 ], [ 7.1399, 4.376 ], [ 7.1373, 4.3745 ], [ 7.1322, 4.3858 ], [ 7.1347, 4.4104 ], [ 7.15065, 4.429 ], [ 7.1666, 4.4476 ], [ 7.1708, 4.4576 ], [ 7.1757, 4.46 ], [ 7.1887, 4.4757 ], [ 7.20305, 4.4982 ], [ 7.2174, 4.5207 ], [ 7.2167, 4.5448 ], [ 7.2065, 4.5646 ], [ 7.1984, 4.5873 ], [ 7.1903, 4.61 ], [ 7.1684, 4.6317 ], [ 7.1528, 4.66 ], [ 7.1442, 4.6649 ], [ 7.1082, 4.674 ], [ 7.1024, 4.6785 ], [ 7.0914, 4.6929 ], [ 7.0888, 4.7011 ], [ 7.088, 4.7187 ], [ 7.0857, 4.7232 ], [ 7.0818, 4.7219 ], [ 7.0787, 4.7027 ], [ 7.0835, 4.6841 ], [ 7.0921, 4.6762 ], [ 7.0958, 4.6684 ], [ 7.1048, 4.6665 ], [ 7.1292, 4.6565 ], [ 7.1502, 4.6406 ], [ 7.1573, 4.6294 ], [ 7.1697, 4.6044 ], [ 7.1761, 4.5844 ], [ 7.1764, 4.5711 ], [ 7.166, 4.5486 ], [ 7.1771, 4.5295 ], [ 7.1774, 4.515 ], [ 7.17, 4.4865 ], [ 7.1589, 4.4636 ], [ 7.1313, 4.45755 ], [ 7.1037, 4.4515 ], [ 7.0941, 4.453 ], [ 7.0751, 4.4463 ], [ 7.0673, 4.4406 ], [ 7.0444, 4.4364 ], [ 7.0342, 4.4378 ], [ 7.0241, 4.4412 ], [ 7.0214, 4.4467 ], [ 7.0221, 4.4534 ], [ 7.0159, 4.4684 ], [ 7.0073, 4.5128 ], [ 7.0094, 4.5307 ], [ 7.0082, 4.5365 ], [ 6.9975, 4.5638 ], [ 6.9939, 4.5899 ], [ 6.9983, 4.6067 ], [ 6.9838, 4.6171 ], [ 6.9754, 4.5972 ], [ 6.9816, 4.5327 ], [ 6.985, 4.5139 ], [ 6.9775, 4.5084 ], [ 6.9756, 4.5033 ], [ 6.9793, 4.4879 ], [ 6.9847, 4.4773 ], [ 6.9913, 4.4696 ], [ 6.9924, 4.462 ], [ 6.9918, 4.4517 ], [ 6.9946, 4.4356 ], [ 7.0009, 4.4186 ], [ 7.0174, 4.409 ], [ 7.025, 4.3894 ], [ 7.0247, 4.3842 ], [ 7.0194, 4.3756 ], [ 7.0111, 4.3706 ], [ 7.0056, 4.3694 ], [ 6.9905, 4.3703 ], [ 6.9751, 4.3753 ], [ 6.9575, 4.373 ], [ 6.9244, 4.3814 ], [ 6.8913, 4.3898 ], [ 6.8582, 4.3982 ], [ 6.8502, 4.3901 ], [ 6.8569, 4.3791 ], [ 6.8748, 4.3638 ], [ 6.8752, 4.3571 ], [ 6.81895, 4.35175 ], [ 6.8002, 4.349966667 ], [ 6.7627, 4.3464 ], [ 6.738, 4.3464 ], [ 6.7169, 4.35 ], [ 6.7125, 4.3589 ], [ 6.7135, 4.384 ], [ 6.7126, 4.4035 ], [ 6.716, 4.4088 ], [ 6.7159, 4.4166 ], [ 6.7074, 4.4449 ], [ 6.7092, 4.4572 ], [ 6.7035, 4.4654 ], [ 6.6997, 4.4773 ], [ 6.6971, 4.4961 ], [ 6.7007, 4.5111 ], [ 6.7061, 4.5213 ], [ 6.7114, 4.5358 ], [ 6.7169, 4.5456 ], [ 6.7226, 4.5507 ], [ 6.7267, 4.5567 ], [ 6.7321, 4.5723 ], [ 6.7317, 4.5847 ], [ 6.7286, 4.5937 ], [ 6.7266, 4.6087 ], [ 6.7245, 4.6127 ], [ 6.7187, 4.6109 ], [ 6.7209, 4.5992 ], [ 6.7193, 4.5783 ], [ 6.7132, 4.5618 ], [ 6.6951, 4.5336 ], [ 6.6898, 4.5185 ], [ 6.6893, 4.5116 ], [ 6.6921, 4.494 ], [ 6.6903, 4.4821 ], [ 6.6915, 4.4716 ], [ 6.6953, 4.4609 ], [ 6.6975, 4.4476 ], [ 6.7003, 4.4196 ], [ 6.6887, 4.4225 ], [ 6.6817, 4.4094 ], [ 6.6876, 4.4046 ], [ 6.6938, 4.3892 ], [ 6.7001, 4.36395 ], [ 6.7064, 4.3387 ], [ 6.6942, 4.33 ], [ 6.6706, 4.3282 ], [ 6.647, 4.3264 ], [ 6.6467, 4.3152 ], [ 6.641, 4.3119 ], [ 6.62, 4.3258 ], [ 6.581672193804145, 4.325529323402572 ], [ 6.563844065, 4.325403419 ], [ 6.54808899, 4.367054634 ], [ 6.509389514, 4.406477602 ], [ 6.457339672, 4.446103291 ], [ 6.435387752, 4.491584061 ], [ 6.427166564, 4.541930559 ], [ 6.419468113, 4.598956983 ], [ 6.42036786, 4.665275748 ], [ 6.432524677, 4.738481006 ], [ 6.448284471, 4.815363923 ], [ 6.463416965, 4.891089612 ], [ 6.474454509, 4.962426751 ], [ 6.480303698, 5.025459508 ], [ 6.480917706, 5.077437909 ], [ 6.477233824, 5.117408811 ], [ 6.47094643, 5.146458658 ], [ 6.464160636, 5.167492345 ], [ 6.458991025, 5.184589686 ], [ 6.457176958, 5.202091105 ], [ 6.459779861, 5.223636994 ], [ 6.467010434, 5.25140001 ], [ 6.478208472, 5.285701463 ], [ 6.491969894, 5.325103934 ], [ 6.506390107, 5.366948795 ], [ 6.519374352, 5.408192303 ], [ 6.528957444, 5.4463183 ], [ 6.533578107, 5.480089226 ], [ 6.583294785, 5.481145737 ] ] ] } },
{ "type": "Feature", "properties": { "legend_id": "L24", "name": "Sands and Pebbles", "legend_original": "Sands and Pebbles", "ngsa_code": "AB", "formation": "Abandoned Beach Ridges", "age": "Holocene (Neogene)", "province": "SW coast (Lagos)", "seed_lon": 3.6, "seed_lat": 6.55, "fill_hex": "#90E021" }, "geometry": { "type": "Polygon", "coordinates": [ [ [ 3.309670928, 6.844344661 ], [ 3.325918354, 6.860333171 ], [ 3.346820609, 6.875711889 ], [ 3.375505925, 6.890618195 ], [ 3.412969958, 6.905180626 ], [ 3.456964372, 6.919513433 ], [ 3.502760743, 6.933712231 ], [ 3.545557148, 6.947850992 ], [ 3.583267863, 6.961980504 ], [ 3.618081609, 6.976128375 ], [ 3.655731313, 6.990300575 ], [ 3.702620052, 7.00448438 ], [ 3.762152976, 7.018652549 ], [ 3.823144956, 6.989366517 ], [ 3.887273521, 6.959237578 ], [ 3.951752638, 6.928987846 ], [ 4.013323708, 6.900050756 ], [ 4.068919606, 6.874570029 ], [ 4.116299774, 6.855006416 ], [ 4.154510619, 6.843458327 ], [ 4.184068832, 6.840926252 ], [ 4.206832703, 6.84679517 ], [ 4.225600945, 6.858754621 ], [ 4.243541159, 6.873238514 ], [ 4.263585567, 6.886291671 ], [ 4.292711484, 6.863067163 ], [ 4.32179784, 6.831238502 ], [ 4.350675531, 6.79302902 ], [ 4.379171791, 6.753966351 ], [ 4.407115765, 6.72037773 ], [ 4.434344087, 6.696466417 ], [ 4.460706285, 6.68221976 ], [ 4.486069824, 6.673058678 ], [ 4.510324636, 6.661394001 ], [ 4.533223083, 6.637700491 ], [ 4.554287651, 6.591868155 ], [ 4.574078043, 6.529244039 ], [ 4.5934162, 6.461983867 ], [ 4.612807673, 6.398243627 ], [ 4.632802858, 6.344056393 ], [ 4.65365306, 6.299292472 ], [ 4.675202988, 6.260558669 ], [ 4.697379206, 6.224612878 ], [ 4.720365667, 6.189494496 ], [ 4.70087265012255, 6.154543057219735 ], [ 4.6921, 6.1606 ], [ 4.666466667, 6.1854 ], [ 4.65365, 6.1978 ], [ 4.6152, 6.235 ], [ 4.58805, 6.25565 ], [ 4.5609, 6.2763 ], [ 4.535, 6.2929 ], [ 4.52205, 6.3012 ], [ 4.5091, 6.3095 ], [ 4.4832, 6.3261 ], [ 4.4598, 6.3366 ], [ 4.4364, 6.3471 ], [ 4.4027, 6.3575 ], [ 4.3597, 6.3678 ], [ 4.3508, 6.3704 ], [ 4.32185, 6.3737 ], [ 4.2929, 6.377 ], [ 4.2593, 6.3792 ], [ 4.22575, 6.38365 ], [ 4.1922, 6.3881 ], [ 4.138399979837017, 6.398050003729027 ], [ 4.120466667, 6.401366667 ], [ 4.0846, 6.408 ], [ 4.077, 6.4106 ], [ 4.043166667, 6.415666667 ], [ 4.026249978930207, 6.418200003155279 ], [ 3.9755, 6.4258 ], [ 3.93595, 6.42975 ], [ 3.8964, 6.4337 ], [ 3.8719, 6.4341 ], [ 3.8602, 6.4357 ], [ 3.8328, 6.4355 ], [ 3.8054, 6.4353 ], [ 3.7752, 6.431566667 ], [ 3.7601, 6.4297 ], [ 3.7148, 6.4241 ], [ 3.6723, 6.4221 ], [ 3.6242, 6.4217 ], [ 3.608166667, 6.421566667 ], [ 3.5761, 6.4213 ], [ 3.5364, 6.4204 ], [ 3.4967, 6.4195 ], [ 3.4918, 6.4183 ], [ 3.4818, 6.4193 ], [ 3.4773, 6.4177 ], [ 3.4678, 6.4173 ], [ 3.4609, 6.4201 ], [ 3.44, 6.4186 ], [ 3.4304, 6.4238 ], [ 3.4301, 6.4222 ], [ 3.4088, 6.4161 ], [ 3.4046, 6.4119 ], [ 3.4017, 6.3986 ], [ 3.3596, 6.3977 ], [ 3.335, 6.4009 ], [ 3.2966, 6.4019 ], [ 3.2582, 6.4029 ], [ 3.2147, 6.4016 ], [ 3.1812, 6.4024 ], [ 3.16225743, 6.401638622 ], [ 3.194091143, 6.453169266 ], [ 3.235576316, 6.527298973 ], [ 3.269768226, 6.613794689 ], [ 3.28970457, 6.700942534 ], [ 3.296371272, 6.776770377 ], [ 3.29494117, 6.827606384 ], [ 3.309670928, 6.844344661 ] ] ] } },
{ "type": "Feature", "properties": { "legend_id": "L25", "name": "Sands, Clays, Siltstones and Limestones", "legend_original": "Sands, Clays, Siltstones and limestones", "ngsa_code": "Cst", "formation": "Chad Formation", "age": "Pleistocene/Pliocene", "province": "NE Chad Basin (large)", "seed_lon": 13.15, "seed_lat": 12.55, "fill_hex": "#5EE043" }, "geometry": { "type": "Polygon", "coordinates": [ [ [ 11.318255593, 13.323974143 ], [ 11.292428417028685, 13.377470091940586 ], [ 11.297768075522464, 13.377663777988367 ], [ 11.325785612, 13.378680061 ], [ 11.341851781128323, 13.379262831321155 ], [ 11.3925, 13.3811 ], [ 11.4361, 13.3775 ], [ 11.4522, 13.3774 ], [ 11.4633, 13.3733 ], [ 11.50105, 13.3632 ], [ 11.5388, 13.3531 ], [ 11.577, 13.3413 ], [ 11.6152, 13.3295 ], [ 11.6544, 13.3149 ], [ 11.686033333, 13.307633333 ], [ 11.701850007872668, 13.303999998191527 ], [ 11.7493, 13.2931 ], [ 11.7845, 13.2831 ], [ 11.8197, 13.2731 ], [ 11.8573, 13.2541 ], [ 11.8949, 13.2351 ], [ 11.95135006491409, 13.203249963374423 ], [ 11.970166667, 13.192633333 ], [ 12.0078, 13.1714 ], [ 12.0248, 13.158 ], [ 12.0609, 13.1342 ], [ 12.0903, 13.1215 ], [ 12.1168, 13.1143 ], [ 12.1409, 13.1143 ], [ 12.163, 13.1175 ], [ 12.1718, 13.1232 ], [ 12.1779, 13.1241 ], [ 12.1792, 13.1226 ], [ 12.1784, 13.1205 ], [ 12.1812, 13.1171 ], [ 12.1819, 13.12 ], [ 12.1845, 13.1203 ], [ 12.187, 13.1245 ], [ 12.1929, 13.1231 ], [ 12.1952, 13.1254 ], [ 12.1941, 13.1273 ], [ 12.1953, 13.1294 ], [ 12.1971, 13.127 ], [ 12.1996, 13.1304 ], [ 12.2051, 13.1241 ], [ 12.2076, 13.1255 ], [ 12.2097, 13.1232 ], [ 12.2078, 13.1193 ], [ 12.2127, 13.1151 ], [ 12.2193, 13.1148 ], [ 12.2227, 13.1115 ], [ 12.223, 13.114 ], [ 12.2265, 13.1147 ], [ 12.2286, 13.1105 ], [ 12.2332, 13.1063 ], [ 12.2335, 13.1104 ], [ 12.2384, 13.1171 ], [ 12.2586, 13.1177 ], [ 12.26, 13.1135 ], [ 12.2641, 13.114 ], [ 12.2808, 13.0966 ], [ 12.30845, 13.0899 ], [ 12.3361, 13.0832 ], [ 12.3592, 13.0829 ], [ 12.3947, 13.0743 ], [ 12.4296, 13.073 ], [ 12.4592, 13.0661 ], [ 12.4786, 13.0918 ], [ 12.4967, 13.1127 ], [ 12.5085, 13.1397 ], [ 12.52, 13.1464 ], [ 12.52, 13.148 ], [ 12.5246, 13.1493 ], [ 12.527, 13.154 ], [ 12.533, 13.154 ], [ 12.54, 13.1519 ], [ 12.5435, 13.1564 ], [ 12.5563, 13.1613 ], [ 12.5569, 13.1624 ], [ 12.5555, 13.1632 ], [ 12.5492, 13.1628 ], [ 12.5521, 13.1687 ], [ 12.5498, 13.1722 ], [ 12.5494, 13.1804 ], [ 12.55, 13.185 ], [ 12.5552, 13.1924 ], [ 12.5601, 13.1963 ], [ 12.5591, 13.2012 ], [ 12.5558, 13.2035 ], [ 12.5505, 13.2024 ], [ 12.5342, 13.207 ], [ 12.5382, 13.2153 ], [ 12.554, 13.2122 ], [ 12.5558, 13.2199 ], [ 12.555, 13.2228 ], [ 12.5511, 13.227 ], [ 12.566, 13.2281 ], [ 12.5701, 13.234 ], [ 12.5684, 13.2386 ], [ 12.5658, 13.2383 ], [ 12.5647, 13.2396 ], [ 12.5647, 13.2441 ], [ 12.5691, 13.2439 ], [ 12.5731, 13.2415 ], [ 12.5749, 13.2459 ], [ 12.5778, 13.2461 ], [ 12.582, 13.251 ], [ 12.587, 13.254 ], [ 12.593, 13.255 ], [ 12.594, 13.257 ], [ 12.59, 13.258 ], [ 12.59, 13.265 ], [ 12.588, 13.266 ], [ 12.589, 13.268 ], [ 12.588, 13.2719 ], [ 12.59, 13.274 ], [ 12.589, 13.2779 ], [ 12.591, 13.283 ], [ 12.598, 13.287 ], [ 12.601, 13.2869 ], [ 12.604, 13.2809 ], [ 12.611, 13.279 ], [ 12.619, 13.2799 ], [ 12.623, 13.278 ], [ 12.6255, 13.2786 ], [ 12.6327, 13.2854 ], [ 12.6337, 13.2895 ], [ 12.64, 13.2973 ], [ 12.6402, 13.3022 ], [ 12.6441, 13.3076 ], [ 12.6461, 13.3077 ], [ 12.6479, 13.3054 ], [ 12.6424, 13.301 ], [ 12.6447, 13.2942 ], [ 12.6424, 13.2931 ], [ 12.6437, 13.2886 ], [ 12.6514, 13.287 ], [ 12.6541, 13.2908 ], [ 12.6566, 13.291 ], [ 12.6651, 13.2853 ], [ 12.6657, 13.2772 ], [ 12.6681, 13.2738 ], [ 12.6693, 13.273 ], [ 12.6729, 13.2747 ], [ 12.6727, 13.2775 ], [ 12.6748, 13.2754 ], [ 12.6766, 13.2762 ], [ 12.677, 13.2824 ], [ 12.6845, 13.2912 ], [ 12.687, 13.2924 ], [ 12.6871, 13.295 ], [ 12.6849, 13.2942 ], [ 12.6852, 13.2961 ], [ 12.689, 13.2972 ], [ 12.6917, 13.3028 ], [ 12.6843, 13.3133 ], [ 12.6818, 13.3206 ], [ 12.6838, 13.3211 ], [ 12.6854, 13.3178 ], [ 12.6875, 13.3189 ], [ 12.687, 13.3207 ], [ 12.6933, 13.3184 ], [ 12.6986, 13.321 ], [ 12.7013, 13.3206 ], [ 12.7064, 13.3155 ], [ 12.7062, 13.3107 ], [ 12.7088, 13.3077 ], [ 12.7147, 13.3067 ], [ 12.7196, 13.3094 ], [ 12.72, 13.3141 ], [ 12.7105, 13.3169 ], [ 12.7079, 13.3214 ], [ 12.7083, 13.3235 ], [ 12.7129, 13.3248 ], [ 12.7196, 13.3227 ], [ 12.7257, 13.3238 ], [ 12.7299, 13.3266 ], [ 12.7392, 13.3264 ], [ 12.7408, 13.3349 ], [ 12.7376, 13.338 ], [ 12.7337, 13.3361 ], [ 12.7326, 13.3374 ], [ 12.7332, 13.3414 ], [ 12.7371, 13.3455 ], [ 12.7364, 13.3481 ], [ 12.7482, 13.3542 ], [ 12.7512, 13.3597 ], [ 12.7581, 13.3673 ], [ 12.7729, 13.3937 ], [ 12.7926, 13.4025 ], [ 12.7988, 13.4036 ], [ 12.8189, 13.4217 ], [ 12.848, 13.45365 ], [ 12.8771, 13.4856 ], [ 12.8878, 13.4911 ], [ 12.9277, 13.4963 ], [ 12.957166667, 13.508733333 ], [ 12.9719, 13.51495 ], [ 13.0161, 13.5336 ], [ 13.0369, 13.5398 ], [ 13.0491, 13.5381 ], [ 13.052, 13.5391 ], [ 13.0583, 13.5459 ], [ 13.0616, 13.5471 ], [ 13.0602, 13.5492 ], [ 13.062, 13.5499 ], [ 13.0645, 13.5499 ], [ 13.0674, 13.5476 ], [ 13.0667, 13.5439 ], [ 13.0694, 13.5418 ], [ 13.069, 13.5388 ], [ 13.0728, 13.5354 ], [ 13.0688, 13.5323 ], [ 13.0687, 13.5368 ], [ 13.0653, 13.538 ], [ 13.064, 13.5334 ], [ 13.0602, 13.5338 ], [ 13.0625, 13.5301 ], [ 13.061, 13.5275 ], [ 13.0632, 13.5267 ], [ 13.0652, 13.528 ], [ 13.0685, 13.5261 ], [ 13.0743, 13.5256 ], [ 13.081, 13.52 ], [ 13.0837, 13.5219 ], [ 13.0876, 13.522 ], [ 13.0885, 13.5161 ], [ 13.0907, 13.518 ], [ 13.0894, 13.52 ], [ 13.0908, 13.5212 ], [ 13.0911, 13.5197 ], [ 13.0921, 13.5201 ], [ 13.0955, 13.5276 ], [ 13.0997, 13.5295 ], [ 13.1013, 13.5341 ], [ 13.1007, 13.5386 ], [ 13.1042, 13.5399 ], [ 13.1059, 13.5396 ], [ 13.108, 13.5357 ], [ 13.1099, 13.5361 ], [ 13.1111, 13.5306 ], [ 13.1165, 13.5249 ], [ 13.1208, 13.5218 ], [ 13.1252, 13.5217 ], [ 13.1269, 13.5243 ], [ 13.1243, 13.5263 ], [ 13.1239, 13.5291 ], [ 13.1259, 13.5308 ], [ 13.1269, 13.5292 ], [ 13.1273, 13.5314 ], [ 13.1237, 13.5372 ], [ 13.1211, 13.5387 ], [ 13.1224, 13.5412 ], [ 13.1265, 13.544 ], [ 13.136, 13.5416 ], [ 13.1394, 13.5443 ], [ 13.1426, 13.55 ], [ 13.1466, 13.5505 ], [ 13.1481, 13.5489 ], [ 13.1419, 13.543 ], [ 13.1447, 13.5366 ], [ 13.1422, 13.5359 ], [ 13.1401, 13.533 ], [ 13.1405, 13.5255 ], [ 13.1387, 13.5216 ], [ 13.1404, 13.5177 ], [ 13.1436, 13.5164 ], [ 13.1488, 13.5177 ], [ 13.1552, 13.5162 ], [ 13.157, 13.5198 ], [ 13.1549, 13.5218 ], [ 13.1551, 13.5242 ], [ 13.1605, 13.5277 ], [ 13.1594, 13.5308 ], [ 13.1618, 13.5337 ], [ 13.169, 13.5316 ], [ 13.1722, 13.5349 ], [ 13.1811, 13.5375 ], [ 13.1863, 13.5332 ], [ 13.1851, 13.5254 ], [ 13.1876, 13.5191 ], [ 13.1944, 13.513 ], [ 13.1978, 13.5134 ], [ 13.2002, 13.5177 ], [ 13.1943, 13.5226 ], [ 13.1944, 13.5262 ], [ 13.1987, 13.5285 ], [ 13.2047, 13.5272 ], [ 13.2059, 13.531 ], [ 13.2123, 13.5332 ], [ 13.2047, 13.5358 ], [ 13.2063, 13.5387 ], [ 13.2057, 13.5418 ], [ 13.2079, 13.5451 ], [ 13.2104, 13.5457 ], [ 13.2067, 13.5491 ], [ 13.2095, 13.5487 ], [ 13.2118, 13.5539 ], [ 13.2138, 13.5552 ], [ 13.2162, 13.555 ], [ 13.2148, 13.5515 ], [ 13.2178, 13.5495 ], [ 13.2198, 13.5523 ], [ 13.2209, 13.5596 ], [ 13.2232, 13.5594 ], [ 13.2255, 13.5558 ], [ 13.2313, 13.5604 ], [ 13.233, 13.5597 ], [ 13.2355, 13.564 ], [ 13.2397, 13.565 ], [ 13.2356, 13.5717 ], [ 13.2364, 13.5749 ], [ 13.2343, 13.5753 ], [ 13.2328, 13.5727 ], [ 13.227, 13.5759 ], [ 13.2262, 13.5784 ], [ 13.2299, 13.5828 ], [ 13.2263, 13.589 ], [ 13.2282, 13.5899 ], [ 13.2305, 13.5866 ], [ 13.2338, 13.5889 ], [ 13.2392, 13.5882 ], [ 13.2423, 13.5898 ], [ 13.244, 13.5836 ], [ 13.2484, 13.5825 ], [ 13.2514, 13.5801 ], [ 13.2543, 13.5905 ], [ 13.257, 13.5938 ], [ 13.2626, 13.5952 ], [ 13.259, 13.5988 ], [ 13.2568, 13.6043 ], [ 13.2538, 13.5974 ], [ 13.2519, 13.597 ], [ 13.2522, 13.599 ], [ 13.2495, 13.5999 ], [ 13.2476, 13.6039 ], [ 13.2484, 13.6055 ], [ 13.2525, 13.6057 ], [ 13.2524, 13.6072 ], [ 13.2462, 13.6104 ], [ 13.2449, 13.6125 ], [ 13.2427, 13.6125 ], [ 13.2433, 13.6163 ], [ 13.2463, 13.6189 ], [ 13.2485, 13.6175 ], [ 13.2507, 13.6181 ], [ 13.2515, 13.6198 ], [ 13.2556, 13.6184 ], [ 13.2569, 13.6224 ], [ 13.2594, 13.62 ], [ 13.2631, 13.6195 ], [ 13.2628, 13.6219 ], [ 13.2589, 13.6246 ], [ 13.2597, 13.6263 ], [ 13.2579, 13.6309 ], [ 13.2619, 13.6325 ], [ 13.2621, 13.6365 ], [ 13.2756, 13.6392 ], [ 13.2758, 13.6404 ], [ 13.2688, 13.6425 ], [ 13.2693, 13.646 ], [ 13.2736, 13.6474 ], [ 13.273, 13.6488 ], [ 13.275, 13.6492 ], [ 13.2787, 13.6544 ], [ 13.2864, 13.659 ], [ 13.2867, 13.6611 ], [ 13.2925, 13.657 ], [ 13.2943, 13.6586 ], [ 13.2973, 13.6639 ], [ 13.2963, 13.6655 ], [ 13.2926, 13.665 ], [ 13.2939, 13.6678 ], [ 13.2928, 13.6693 ], [ 13.2961, 13.6693 ], [ 13.2981, 13.6648 ], [ 13.2994, 13.6684 ], [ 13.2958, 13.6742 ], [ 13.2977, 13.674 ], [ 13.2979, 13.6752 ], [ 13.2998, 13.6738 ], [ 13.3019, 13.6753 ], [ 13.3035, 13.6717 ], [ 13.3027, 13.6759 ], [ 13.306, 13.6768 ], [ 13.3047, 13.6785 ], [ 13.3036, 13.6767 ], [ 13.3026, 13.6772 ], [ 13.3053, 13.6802 ], [ 13.3039, 13.6823 ], [ 13.3099, 13.6832 ], [ 13.3118, 13.6871 ], [ 13.3115, 13.6891 ], [ 13.31, 13.6881 ], [ 13.3075, 13.6913 ], [ 13.3097, 13.6916 ], [ 13.3098, 13.6934 ], [ 13.3073, 13.694 ], [ 13.3101, 13.6949 ], [ 13.3092, 13.6962 ], [ 13.3132, 13.6974 ], [ 13.3168, 13.6936 ], [ 13.3163, 13.6901 ], [ 13.32, 13.6899 ], [ 13.3187, 13.6925 ], [ 13.3221, 13.6942 ], [ 13.3248, 13.6888 ], [ 13.3268, 13.6903 ], [ 13.3253, 13.6923 ], [ 13.3266, 13.6922 ], [ 13.3286, 13.6952 ], [ 13.3314, 13.6932 ], [ 13.3354, 13.6935 ], [ 13.336, 13.6953 ], [ 13.334, 13.6983 ], [ 13.336, 13.7042 ], [ 13.3353, 13.7113 ], [ 13.3336, 13.7107 ], [ 13.3318, 13.7123 ], [ 13.3329, 13.714 ], [ 13.3319, 13.7164 ], [ 13.3366, 13.717 ], [ 13.3384, 13.7213 ], [ 13.3404, 13.7211 ], [ 13.3408, 13.7192 ], [ 13.3454, 13.72 ], [ 13.3489, 13.7147 ], [ 13.3508, 13.7158 ], [ 13.3511, 13.7142 ], [ 13.3533, 13.7148 ], [ 13.3588, 13.7128 ], [ 13.358, 13.7093 ], [ 13.3613, 13.7102 ], [ 13.3634, 13.7077 ], [ 13.3716, 13.7087 ], [ 13.41525, 13.708633333 ], [ 13.437075029121161, 13.708599999955524 ], [ 13.50255, 13.7085 ], [ 13.502550116129216, 13.708499999822635 ], [ 13.5462, 13.708433333 ], [ 13.56802497087884, 13.708400000044476 ], [ 13.6335, 13.7083 ], [ 13.6593, 13.6724875 ], [ 13.6851, 13.636675 ], [ 13.7109, 13.6008625 ], [ 13.7367, 13.56505 ], [ 13.7625, 13.5292375 ], [ 13.7883, 13.493425 ], [ 13.8141, 13.4576125 ], [ 13.8399, 13.4218 ], [ 13.86423, 13.38796 ], [ 13.877691572569539, 13.369236629027816 ], [ 13.88856, 13.35412 ], [ 13.91289, 13.32028 ], [ 13.93722, 13.28644 ], [ 13.96155, 13.2526 ], [ 13.98588, 13.21876 ], [ 14.01021, 13.18492 ], [ 14.03454, 13.15108 ], [ 14.05887, 13.11724 ], [ 14.0832, 13.0834 ], [ 14.099341406447472, 13.010111832341323 ], [ 14.101676923, 12.999507692 ], [ 14.104802629875532, 12.985315786252054 ], [ 14.118339825816383, 12.92385173174293 ], [ 14.120153846, 12.915615385 ], [ 14.121647382226074, 12.908834158802016 ], [ 14.135179300400575, 12.847394067373578 ], [ 14.138630769, 12.831723077 ], [ 14.14325, 12.81075 ], [ 14.151320699599426, 12.774105932626421 ], [ 14.157107692, 12.747830769 ], [ 14.164852642858873, 12.712665727302722 ], [ 14.168160146992269, 12.697648391716196 ], [ 14.175584615, 12.663938462 ], [ 14.181697367264951, 12.636184226731244 ], [ 14.187158593552528, 12.611388167658676 ], [ 14.194061538, 12.580046154 ], [ 14.2033, 12.5381 ], [ 14.2001, 12.5015 ], [ 14.1967, 12.5021 ], [ 14.1929, 12.4999 ], [ 14.1903, 12.4934 ], [ 14.1902, 12.4856 ], [ 14.1882, 12.4819 ], [ 14.1855, 12.4806 ], [ 14.1777, 12.4809 ], [ 14.1761, 12.4791 ], [ 14.1778, 12.4718 ], [ 14.1814, 12.4651 ], [ 14.1838, 12.4522 ], [ 14.1823, 12.447 ], [ 14.1843, 12.4468 ], [ 14.1907, 12.4516 ], [ 14.1942, 12.4515 ], [ 14.197, 12.449 ], [ 14.196, 12.4471 ], [ 14.1887, 12.4441 ], [ 14.1881, 12.4412 ], [ 14.1947, 12.4345 ], [ 14.193, 12.433 ], [ 14.1866, 12.4362 ], [ 14.1855, 12.4355 ], [ 14.185, 12.4283 ], [ 14.183, 12.4271 ], [ 14.1766, 12.4281 ], [ 14.176, 12.4252 ], [ 14.1798, 12.4185 ], [ 14.1753, 12.4125 ], [ 14.1758, 12.4095 ], [ 14.1875, 12.4062 ], [ 14.2017, 12.3843 ], [ 14.222, 12.3741 ], [ 14.223, 12.3718 ], [ 14.2213, 12.3682 ], [ 14.2224, 12.3641 ], [ 14.2283, 12.3623 ], [ 14.2516, 12.3684 ], [ 14.2659, 12.3693 ], [ 14.2707, 12.3717 ], [ 14.2786, 12.3713 ], [ 14.2834, 12.3687 ], [ 14.2882, 12.3597 ], [ 14.292, 12.357 ], [ 14.2966, 12.359 ], [ 14.2973, 12.3632 ], [ 14.2915, 12.3702 ], [ 14.2923, 12.3718 ], [ 14.2982, 12.3706 ], [ 14.3018, 12.3664 ], [ 14.303, 12.3603 ], [ 14.3087, 12.3594 ], [ 14.3137, 12.3606 ], [ 14.321, 12.3711 ], [ 14.3269, 12.3747 ], [ 14.3339, 12.3736 ], [ 14.3514, 12.3637 ], [ 14.3657, 12.365 ], [ 14.373, 12.3628 ], [ 14.3763, 12.3595 ], [ 14.3836, 12.3596 ], [ 14.3879, 12.3636 ], [ 14.4009, 12.3674 ], [ 14.4072, 12.3668 ], [ 14.4138, 12.3621 ], [ 14.4193, 12.3612 ], [ 14.4225, 12.3622 ], [ 14.4281, 12.3702 ], [ 14.4314, 12.3704 ], [ 14.4392, 12.3676 ], [ 14.4427, 12.3643 ], [ 14.4441, 12.3617 ], [ 14.4426, 12.353 ], [ 14.4444, 12.3502 ], [ 14.4479, 12.3503 ], [ 14.4556, 12.3572 ], [ 14.4639, 12.3605 ], [ 14.4682, 12.3581 ], [ 14.4748, 12.3464 ], [ 14.4776, 12.3466 ], [ 14.4804, 12.3518 ], [ 14.4825, 12.3527 ], [ 14.4854, 12.3514 ], [ 14.4875, 12.3478 ], [ 14.4873, 12.3457 ], [ 14.4833, 12.3436 ], [ 14.483, 12.3416 ], [ 14.486, 12.3393 ], [ 14.4916, 12.3383 ], [ 14.4979, 12.3309 ], [ 14.5027, 12.3296 ], [ 14.5149, 12.3296 ], [ 14.5203, 12.3274 ], [ 14.5222, 12.3183 ], [ 14.5206, 12.3137 ], [ 14.514, 12.3174 ], [ 14.5113, 12.3169 ], [ 14.5101, 12.3138 ], [ 14.5157, 12.3055 ], [ 14.5118, 12.3002 ], [ 14.5116, 12.2962 ], [ 14.5188, 12.298 ], [ 14.5229, 12.2963 ], [ 14.528, 12.2902 ], [ 14.5348, 12.2893 ], [ 14.5411, 12.2838 ], [ 14.5478, 12.2807 ], [ 14.5432, 12.2715 ], [ 14.5496, 12.2579 ], [ 14.5522, 12.2568 ], [ 14.5554, 12.2575 ], [ 14.5583, 12.2608 ], [ 14.5594, 12.2594 ], [ 14.5592, 12.2563 ], [ 14.5558, 12.2512 ], [ 14.5557, 12.2469 ], [ 14.5482, 12.2412 ], [ 14.548, 12.2384 ], [ 14.55, 12.236 ], [ 14.557, 12.2357 ], [ 14.5675, 12.2325 ], [ 14.5722, 12.2297 ], [ 14.5742, 12.2269 ], [ 14.5804, 12.2293 ], [ 14.5932, 12.2285 ], [ 14.5962, 12.2239 ], [ 14.5954, 12.2214 ], [ 14.5919, 12.2195 ], [ 14.5926, 12.2166 ], [ 14.6017, 12.2142 ], [ 14.609, 12.2008 ], [ 14.6047, 12.1984 ], [ 14.5989, 12.1982 ], [ 14.5975, 12.1947 ], [ 14.6036, 12.1943 ], [ 14.6103, 12.1913 ], [ 14.614, 12.1925 ], [ 14.6158, 12.1901 ], [ 14.6133, 12.1883 ], [ 14.6136, 12.1858 ], [ 14.6176, 12.1862 ], [ 14.622, 12.1835 ], [ 14.6291, 12.1824 ], [ 14.6298, 12.186 ], [ 14.6259, 12.1892 ], [ 14.6266, 12.1915 ], [ 14.6324, 12.195 ], [ 14.6345, 12.1943 ], [ 14.6363, 12.1914 ], [ 14.6387, 12.1912 ], [ 14.6403, 12.1925 ], [ 14.6416, 12.1977 ], [ 14.6443, 12.1952 ], [ 14.6493, 12.1941 ], [ 14.6528, 12.1974 ], [ 14.6593, 12.198 ], [ 14.6668, 12.1891 ], [ 14.6669, 12.1864 ], [ 14.6638, 12.1798 ], [ 14.6735, 12.1761 ], [ 14.6775, 12.1666 ], [ 14.678, 12.1641 ], [ 14.6752, 12.1624 ], [ 14.6773, 12.1602 ], [ 14.6735, 12.1563 ], [ 14.6738, 12.1545 ], [ 14.6675, 12.1526 ], [ 14.667, 12.1493 ], [ 14.6635, 12.1482 ], [ 14.6626, 12.1445 ], [ 14.6575, 12.1423 ], [ 14.6561, 12.1388 ], [ 14.6535, 12.1391 ], [ 14.6523, 12.1373 ], [ 14.6562, 12.1308 ], [ 14.6559, 12.1157 ], [ 14.651, 12.114 ], [ 14.6527, 12.1114 ], [ 14.6484, 12.1082 ], [ 14.6425, 12.1004 ], [ 14.6387, 12.0981 ], [ 14.6358, 12.0922 ], [ 14.6363, 12.0891 ], [ 14.6411, 12.0838 ], [ 14.6401, 12.0807 ], [ 14.652, 12.0713 ], [ 14.6535, 12.0641 ], [ 14.6488, 12.0625 ], [ 14.6368, 12.0617 ], [ 14.6312, 12.0585 ], [ 14.6281, 12.0531 ], [ 14.6242, 12.0502 ], [ 14.6222, 12.0417 ], [ 14.6237, 12.0376 ], [ 14.6216, 12.036 ], [ 14.6233, 12.0338 ], [ 14.6232, 12.0303 ], [ 14.6275, 12.0278 ], [ 14.6324, 12.0208 ], [ 14.6316, 12.0172 ], [ 14.6346, 12.0095 ], [ 14.633, 12.0004 ], [ 14.6354, 11.9938 ], [ 14.6382, 11.9905 ], [ 14.6387, 11.9844 ], [ 14.6412, 11.983 ], [ 14.6444, 11.9723 ], [ 14.647, 11.9719 ], [ 14.6495, 11.9685 ], [ 14.6525, 11.9686 ], [ 14.6564, 11.9623 ], [ 14.6538, 11.9554 ], [ 14.6477, 11.9504 ], [ 14.6469, 11.9473 ], [ 14.6444, 11.9463 ], [ 14.6447, 11.9436 ], [ 14.6424, 11.9429 ], [ 14.6356, 11.9364 ], [ 14.634, 11.9325 ], [ 14.6357, 11.9266 ], [ 14.6396, 11.9229 ], [ 14.6394, 11.9186 ], [ 14.6431, 11.915 ], [ 14.6432, 11.9121 ], [ 14.6402, 11.9094 ], [ 14.6365, 11.9089 ], [ 14.6327, 11.9057 ], [ 14.628, 11.904 ], [ 14.6284, 11.9014 ], [ 14.6256, 11.8934 ], [ 14.6196, 11.8865 ], [ 14.6193, 11.8831 ], [ 14.6142, 11.879 ], [ 14.6114, 11.8783 ], [ 14.6047, 11.8695 ], [ 14.6087, 11.862 ], [ 14.6158, 11.8564 ], [ 14.6146, 11.8548 ], [ 14.6153, 11.8521 ], [ 14.613, 11.8486 ], [ 14.6071, 11.8434 ], [ 14.6058, 11.8374 ], [ 14.6061, 11.8328 ], [ 14.6122, 11.8253 ], [ 14.6004, 11.79015 ], [ 14.5886, 11.755 ], [ 14.5886, 11.7236 ], [ 14.5886, 11.6922 ], [ 14.5989, 11.6883 ], [ 14.61695, 11.6715 ], [ 14.635, 11.6547 ], [ 14.6411, 11.6469 ], [ 14.64375, 11.61135 ], [ 14.6464, 11.5758 ], [ 14.6321, 11.5407 ], [ 14.6178, 11.5056 ], [ 14.6106, 11.4992 ], [ 14.574625, 11.4785 ], [ 14.53865, 11.4578 ], [ 14.526049985669246, 11.450549957007739 ], [ 14.502675, 11.4371 ], [ 14.4667, 11.4164 ], [ 14.4425, 11.4061 ], [ 14.4108, 11.4039 ], [ 14.39235, 11.391 ], [ 14.3739, 11.3781 ], [ 14.3617, 11.366 ], [ 14.3297, 11.3389 ], [ 14.2945, 11.3149 ], [ 14.2593, 11.2909 ], [ 14.2241, 11.2669 ], [ 14.1886, 11.2442 ], [ 14.1644, 11.2342 ], [ 14.1581, 11.2336 ], [ 14.1475, 11.2358 ], [ 14.107233333, 11.250266667 ], [ 14.087099916273273, 11.257500030080628 ], [ 14.0267, 11.2792 ], [ 14.0156, 11.2822 ], [ 14.0036, 11.2833 ], [ 13.9919, 11.2742 ], [ 13.9659, 11.2493 ], [ 13.9606, 11.2361 ], [ 13.9484, 11.2152 ], [ 13.9196, 11.1808 ], [ 13.8901, 11.1537 ], [ 13.8783, 11.1482 ], [ 13.8755, 11.1413 ], [ 13.8811, 11.1358 ], [ 13.8808, 11.1339 ], [ 13.8727, 11.1254 ], [ 13.864, 11.1208 ], [ 13.857, 11.1114 ], [ 13.8541, 11.099 ], [ 13.844, 11.0847 ], [ 13.8249, 11.0676 ], [ 13.8108, 11.0517 ], [ 13.8029, 11.0291 ], [ 13.795, 11.0065 ], [ 13.7927, 11.0031 ], [ 13.7803, 10.9927 ], [ 13.7744, 10.9789 ], [ 13.775, 10.9528 ], [ 13.7725, 10.9411 ], [ 13.7681, 10.9317 ], [ 13.7507, 10.9141 ], [ 13.7345, 10.8978 ], [ 13.7183, 10.8815 ], [ 13.7131, 10.8608 ], [ 13.7064, 10.8467 ], [ 13.69165, 10.8271 ], [ 13.6769, 10.8075 ], [ 13.671134977, 10.798697121 ], [ 13.642920752, 10.825846775 ], [ 13.626508102, 10.855370668 ], [ 13.614201617, 10.885578713 ], [ 13.597912115, 10.914307454 ], [ 13.569590907, 10.939871736 ], [ 13.532944446, 10.965277217 ], [ 13.496244596, 10.995197188 ], [ 13.459600001, 11.031590599 ], [ 13.42311273, 11.073666331 ], [ 13.386875284, 11.117364211 ], [ 13.350967876, 11.156644723 ], [ 13.315456078, 11.186104385 ], [ 13.280388883, 11.203639937 ], [ 13.245797243, 11.211750507 ], [ 13.211693124, 11.216697004 ], [ 13.178069104, 11.225818562 ], [ 13.144898524, 11.244269049 ], [ 13.112136182, 11.272765091 ], [ 13.079719563, 11.307445185 ], [ 13.047570562, 11.341877743 ], [ 13.015597654, 11.370179075 ], [ 12.983698448, 11.38967346 ], [ 12.950149961, 11.40867089 ], [ 12.916527007, 11.424810325 ], [ 12.882839382, 11.443053248 ], [ 12.849097218, 11.4664942 ], [ 12.815310946, 11.495209558 ], [ 12.78149126, 11.5268923 ], [ 12.747649079, 11.558759359 ], [ 12.713795508, 11.589535285 ], [ 12.679941794, 11.620331673 ], [ 12.646099286, 11.65392913 ], [ 12.612279392, 11.692925411 ], [ 12.578493535, 11.737890925 ], [ 12.544753107, 11.786683401 ], [ 12.511069429, 11.835407873 ], [ 12.477453702, 11.880541326 ], [ 12.443916965, 11.921023517 ], [ 12.410470052, 11.959064381 ], [ 12.377123545, 11.999082976 ], [ 12.343887736, 12.045220791 ], [ 12.310772579, 12.098699517 ], [ 12.277787657, 12.156454857 ], [ 12.244942135, 12.211864968 ], [ 12.212244726, 12.257318618 ], [ 12.179703654, 12.287403439 ], [ 12.147326621, 12.301156893 ], [ 12.115120771, 12.302296295 ], [ 12.08309266, 12.297379371 ], [ 12.051248231, 12.292892836 ], [ 12.019592785, 12.292769938 ], [ 11.98813096, 12.297540941 ], [ 11.956866708, 12.305398046 ], [ 11.925803277, 12.314417257 ], [ 11.894943199, 12.324587936 ], [ 11.864288275, 12.338467547 ], [ 11.833839565, 12.360096288 ], [ 11.803597384, 12.392810262 ], [ 11.773561298, 12.437221846 ], [ 11.743730124, 12.490543983 ], [ 11.714101931, 12.547677183 ], [ 11.684674048, 12.603481083 ], [ 11.655443074, 12.654976731 ], [ 11.626404886, 12.702253162 ], [ 11.597554658, 12.747573109 ], [ 11.568886878, 12.793190639 ], [ 11.540395368, 12.839141561 ], [ 11.512073308, 12.882322444 ], [ 11.483913261, 12.917492418 ], [ 11.455907205, 12.939776881 ], [ 11.428046561, 12.947398011 ], [ 11.434874674, 12.958979931 ], [ 11.443516911, 12.966241872 ], [ 11.453442005, 12.973204138 ], [ 11.463931972, 12.983852957 ], [ 11.474123227, 13.001277807 ], [ 11.480804499, 13.029350218 ], [ 11.462869943, 13.086776266 ], [ 11.420812076, 13.165995943 ], [ 11.367010738, 13.249969118 ], [ 11.318255593, 13.323974143 ] ] ] } },
{ "type": "Feature", "properties": { "legend_id": "L26", "name": "Sands, Gravels and Clay", "legend_original": "Sands, Gravels and Clay", "ngsa_code": "MWS", "formation": "Meander belt, back swamps, fresh water swamps", "age": "Holocene (Neogene)", "province": "Niger Delta", "seed_lon": 5.55, "seed_lat": 5.35, "fill_hex": "#4A7EF9" }, "geometry": { "type": "Polygon", "coordinates": [ [ [ 6.350311857, 5.654782366 ], [ 6.395398164, 5.610467439 ], [ 6.400313396, 5.585171033 ], [ 6.356996004, 5.555816223 ], [ 6.301159289, 5.52649843 ], [ 6.239378287, 5.497215338 ], [ 6.18046237, 5.467964483 ], [ 6.131885875, 5.438743262 ], [ 6.096375821, 5.40954894 ], [ 6.070416657, 5.380378653 ], [ 6.045600579, 5.351229418 ], [ 6.012372124, 5.322098137 ], [ 5.96449214, 5.292981609 ], [ 5.902124634, 5.263876536 ], [ 5.832070278, 5.234779531 ], [ 5.765032248, 5.205687126 ], [ 5.711215935, 5.176595784 ], [ 5.676319461, 5.147501906 ], [ 5.659699305, 5.118401842 ], [ 5.655362631, 5.089291899 ], [ 5.655050422, 5.060168352 ], [ 5.651748815, 5.031027456 ], [ 5.641945671, 5.001865452 ], [ 5.625961772, 4.97262043 ], [ 5.608787048, 4.941676893 ], [ 5.589308015, 4.908493433 ], [ 5.565419714, 4.873884472 ], [ 5.537161908, 4.839284051 ], [ 5.50664389, 4.80664389 ], [ 5.4835, 4.8449 ], [ 5.46365, 4.8841 ], [ 5.4438, 4.9233 ], [ 5.4437, 4.933 ], [ 5.4363, 4.9597 ], [ 5.4383, 4.9706 ], [ 5.4417, 4.9758 ], [ 5.4237, 5.0244 ], [ 5.3904, 5.0956 ], [ 5.3771, 5.1194 ], [ 5.3752, 5.1262 ], [ 5.3955, 5.1332 ], [ 5.4017, 5.1372 ], [ 5.4144, 5.1361 ], [ 5.4315, 5.1393 ], [ 5.4378, 5.1322 ], [ 5.4484, 5.1337 ], [ 5.4477, 5.1387 ], [ 5.4439, 5.1467 ], [ 5.4316, 5.1517 ], [ 5.4216, 5.1525 ], [ 5.388, 5.139 ], [ 5.3726, 5.1456 ], [ 5.3527, 5.1679 ], [ 5.3492, 5.19965 ], [ 5.3457, 5.2314 ], [ 5.33805, 5.26575 ], [ 5.3304, 5.3001 ], [ 5.32, 5.3548 ], [ 5.3206, 5.3644 ], [ 5.3247, 5.3665 ], [ 5.3369, 5.3612 ], [ 5.3517, 5.3633 ], [ 5.3705, 5.3566 ], [ 5.3855, 5.3608 ], [ 5.4263, 5.36625 ], [ 5.4671, 5.3717 ], [ 5.5128, 5.3987 ], [ 5.5194, 5.4054 ], [ 5.5269, 5.4071 ], [ 5.525, 5.4171 ], [ 5.5145, 5.4265 ], [ 5.5073, 5.4437 ], [ 5.5085, 5.4681 ], [ 5.5195, 5.5011 ], [ 5.5311, 5.5053 ], [ 5.5528, 5.5065 ], [ 5.5689, 5.5038 ], [ 5.5849, 5.5059 ], [ 5.5998, 5.5132 ], [ 5.6, 5.5167 ], [ 5.5958, 5.5191 ], [ 5.5822, 5.5145 ], [ 5.5556, 5.5187 ], [ 5.5407, 5.5187 ], [ 5.5243, 5.5134 ], [ 5.5098, 5.5009 ], [ 5.5002, 5.4807 ], [ 5.4956, 5.45675 ], [ 5.491, 5.4328 ], [ 5.4723, 5.3994 ], [ 5.431, 5.3855 ], [ 5.3794, 5.39 ], [ 5.3549, 5.3898 ], [ 5.318, 5.4039 ], [ 5.2891, 5.4162 ], [ 5.2602, 5.4285 ], [ 5.2398, 5.4402 ], [ 5.2083, 5.4675 ], [ 5.1571, 5.5371 ], [ 5.1597, 5.5471 ], [ 5.1637, 5.5547 ], [ 5.1704, 5.5571 ], [ 5.1796, 5.5705 ], [ 5.1958, 5.5805 ], [ 5.2074, 5.5988 ], [ 5.2141, 5.6012 ], [ 5.2314, 5.6021 ], [ 5.2873, 5.5999 ], [ 5.3266, 5.588 ], [ 5.3486, 5.5851 ], [ 5.3766, 5.5866 ], [ 5.3873, 5.5857 ], [ 5.3936, 5.5883 ], [ 5.4029, 5.6133 ], [ 5.4021, 5.6299 ], [ 5.4079, 5.6368 ], [ 5.4179, 5.6399 ], [ 5.4357, 5.6352 ], [ 5.4669, 5.6311 ], [ 5.4804, 5.6218 ], [ 5.4945, 5.6078 ], [ 5.5106, 5.5961 ], [ 5.5036, 5.6164 ], [ 5.4978, 5.6242 ], [ 5.4714, 5.6393 ], [ 5.445, 5.6544 ], [ 5.4128, 5.647 ], [ 5.3992, 5.6373 ], [ 5.3878, 5.608 ], [ 5.3735, 5.5985 ], [ 5.3512, 5.5961 ], [ 5.32625, 5.60505 ], [ 5.3013, 5.614 ], [ 5.27425, 5.618 ], [ 5.2472, 5.622 ], [ 5.2282, 5.6193 ], [ 5.2053, 5.606 ], [ 5.1913, 5.5958 ], [ 5.181, 5.592 ], [ 5.1701, 5.5938 ], [ 5.1497, 5.6092 ], [ 5.1215, 5.6432 ], [ 5.0845, 5.713 ], [ 5.0841, 5.7176 ], [ 5.0806, 5.7244 ], [ 5.0811, 5.7364 ], [ 5.0798, 5.7468 ], [ 5.0678, 5.7667 ], [ 5.0408, 5.7827 ], [ 5.026, 5.8179 ], [ 5.0092, 5.8447 ], [ 4.993, 5.8662 ], [ 4.9768, 5.8877 ], [ 4.9486, 5.9244 ], [ 4.9073, 5.9683 ], [ 4.8887, 5.98655 ], [ 4.8701, 6.0048 ], [ 4.8538, 6.0248 ], [ 4.848, 6.0281 ], [ 4.82585, 6.04595 ], [ 4.8037, 6.0638 ], [ 4.7903, 6.0805 ], [ 4.7496, 6.1209 ], [ 4.70087265012255, 6.154543057219735 ], [ 4.720365667, 6.189494496 ], [ 4.749468281, 6.196210653 ], [ 4.777060287, 6.203071984 ], [ 4.801461772, 6.210866974 ], [ 4.833826472, 6.200716534 ], [ 4.864635926, 6.194223975 ], [ 4.895753039, 6.190226681 ], [ 4.928828022, 6.185312626 ], [ 4.963116436, 6.175941573 ], [ 5.00174584, 6.156700482 ], [ 5.043061177, 6.127257225 ], [ 5.086122297, 6.090133189 ], [ 5.130590424, 6.050521852 ], [ 5.176017706, 6.015208516 ], [ 5.221902652, 5.990097612 ], [ 5.267749237, 5.977830803 ], [ 5.313123366, 5.976606224 ], [ 5.357700841, 5.980828242 ], [ 5.401301977, 5.983403234 ], [ 5.443909511, 5.97873152 ], [ 5.4856683, 5.965097962 ], [ 5.526867228, 5.945408693 ], [ 5.567905587, 5.925951696 ], [ 5.609247825, 5.913734866 ], [ 5.651371641, 5.913568326 ], [ 5.694715021, 5.926128529 ], [ 5.739627784, 5.947752001 ], [ 5.78633261, 5.971904552 ], [ 5.834899373, 5.991546017 ], [ 5.885235155, 6.001297912 ], [ 5.937090546, 5.998544658 ], [ 5.990081152, 5.983213747 ], [ 6.043721628, 5.956655863 ], [ 6.097468335, 5.920437582 ], [ 6.150765927, 5.875783081 ], [ 6.203092913, 5.823923428 ], [ 6.254001565, 5.76700874 ], [ 6.303148294, 5.70884777 ], [ 6.350311857, 5.654782366 ] ] ] } },
{ "type": "Feature", "properties": { "legend_id": "L27", "name": "Sandstone", "legend_original": "Sandstone", "ngsa_code": "Ess/Awst", "formation": "Eze-Aku Group / Awi-Mfamosing Fm", "age": "Turonian / Albian-Cenomanian", "province": "SE (Cross River)", "seed_lon": 8.55, "seed_lat": 6.05, "fill_hex": "#E0C164" }, "geometry": { "type": "Polygon", "coordinates": [ [ [ 9.458572409, 6.888978928 ], [ 9.506273156, 6.876433049 ], [ 9.55698453, 6.86219641 ], [ 9.611037579, 6.845407982 ], [ 9.671153525, 6.835193368 ], [ 9.730927269, 6.829518249 ], [ 9.786321652, 6.823268984 ], [ 9.838847745, 6.824085193 ], [ 9.889843968, 6.858122335 ], [ 9.934824751, 6.887825575 ], [ 9.976121549, 6.900674247 ], [ 10.016569052, 6.895677639 ], [ 9.994209735995721, 6.876784286048055 ], [ 9.96957941172362, 6.855971958993468 ], [ 9.959821431, 6.847726583 ], [ 9.956668778983877, 6.845062629985343 ], [ 9.918095231332867, 6.812468447281956 ], [ 9.90307381, 6.799775528 ], [ 9.8747, 6.7758 ], [ 9.83515, 6.78875 ], [ 9.7956, 6.8017 ], [ 9.7864, 6.7778 ], [ 9.76700001853389, 6.713675061262152 ], [ 9.760533333, 6.6923 ], [ 9.747600005212849, 6.649550017230617 ], [ 9.7476, 6.64955 ], [ 9.728199998696788, 6.585424995692343 ], [ 9.721733333, 6.56405 ], [ 9.7088, 6.5213 ], [ 9.6822, 6.52355 ], [ 9.6556, 6.5258 ], [ 9.6378, 6.5233 ], [ 9.6179, 6.5116 ], [ 9.598, 6.4999 ], [ 9.5944, 6.4978 ], [ 9.55985, 6.46375 ], [ 9.548333333, 6.4524 ], [ 9.5253, 6.4297 ], [ 9.4969, 6.417 ], [ 9.4685, 6.4043 ], [ 9.4674, 6.4013 ], [ 9.4556, 6.3692 ], [ 9.4453, 6.3485 ], [ 9.435, 6.3278 ], [ 9.4308, 6.325 ], [ 9.4247, 6.3244 ], [ 9.4069, 6.3275 ], [ 9.3806, 6.3292 ], [ 9.3739, 6.3292 ], [ 9.3633, 6.3258 ], [ 9.3482, 6.30275 ], [ 9.3331, 6.2797 ], [ 9.30565, 6.247425 ], [ 9.2965, 6.236666666666666 ], [ 9.2782, 6.21515 ], [ 9.25075, 6.182875 ], [ 9.2233, 6.1506 ], [ 9.19298, 6.1232 ], [ 9.16266, 6.0958 ], [ 9.135332189750105, 6.071104023718763 ], [ 9.13234, 6.0684 ], [ 9.10202, 6.041 ], [ 9.0717, 6.0136 ], [ 9.04455, 5.986925 ], [ 9.0174, 5.96025 ], [ 8.99025, 5.933575 ], [ 8.9631, 5.9069 ], [ 8.9439, 5.9072 ], [ 8.9342, 5.9033 ], [ 8.90115, 5.87455 ], [ 8.8681, 5.8458 ], [ 8.8653, 5.8419 ], [ 8.8611, 5.8256 ], [ 8.851518923523043, 5.729696215070474 ], [ 8.798045637, 5.737597368 ], [ 8.729120213, 5.74379435 ], [ 8.65735193, 5.74986179 ], [ 8.593391233, 5.75671316 ], [ 8.544667726, 5.76322373 ], [ 8.508921526, 5.768535727 ], [ 8.471986883, 5.77262779 ], [ 8.432704426, 5.777345433 ], [ 8.390825176, 5.784674336 ], [ 8.346488222, 5.795691197 ], [ 8.300196237, 5.809927649 ], [ 8.25272809, 5.825376913 ], [ 8.205005913, 5.839162843 ], [ 8.157942364, 5.848625991 ], [ 8.112297166, 5.85241043 ], [ 8.068569763, 5.851125718 ], [ 8.076378442, 5.885163035 ], [ 8.087688661, 5.920143137 ], [ 8.099458418, 5.957228467 ], [ 8.108291609, 5.997389892 ], [ 8.11156316, 6.041261059 ], [ 8.108392044, 6.089034636 ], [ 8.126765653, 6.114939237 ], [ 8.14364232, 6.14116952 ], [ 8.167243283, 6.167702414 ], [ 8.203927652, 6.19450686 ], [ 8.254986045, 6.221544307 ], [ 8.315769517, 6.248769431 ], [ 8.377694484, 6.276131059 ], [ 8.432192693, 6.303573274 ], [ 8.474664357, 6.331036669 ], [ 8.506485003, 6.358459731 ], [ 8.534118683, 6.385780298 ], [ 8.56586741, 6.412937066 ], [ 8.607954663, 6.439871101 ], [ 8.66189184, 6.466527304 ], [ 8.724306015, 6.492855812 ], [ 8.78906235, 6.518813265 ], [ 8.850339046, 6.544363939 ], [ 8.904934619, 6.569480678 ], [ 8.952675538, 6.594145627 ], [ 8.994974654, 6.618350726 ], [ 9.032674373, 6.642097961 ], [ 9.064675166, 6.66539936 ], [ 9.088305517, 6.688276727 ], [ 9.101267828, 6.710761139 ], [ 9.10396328, 6.732892185 ], [ 9.100672515, 6.754717006 ], [ 9.098657582, 6.776289133 ], [ 9.105432846, 6.797667155 ], [ 9.125555739, 6.818913274 ], [ 9.158668067, 6.840091761 ], [ 9.20281359, 6.848224207 ], [ 9.248409938, 6.857011358 ], [ 9.291598052, 6.866750856 ], [ 9.331515143, 6.877643604 ], [ 9.370707674, 6.889773101 ], [ 9.4139071, 6.903096591 ], [ 9.458572409, 6.888978928 ] ] ] } },
{ "type": "Feature", "properties": { "legend_id": "L28", "name": "Sandstone and Clay", "legend_original": "Sandstone and Clay", "ngsa_code": "Gwss", "formation": "Gwandu Formation", "age": "Middle Eocene", "province": "NW Sokoto (large)", "seed_lon": 5.05, "seed_lat": 12.45, "fill_hex": "#70F9A3" }, "geometry": { "type": "Polygon", "coordinates": [ [ [ 5.235257768, 12.728328366 ], [ 5.275489581, 12.72476803 ], [ 5.31591906, 12.728418624 ], [ 5.323028438, 12.71683623 ], [ 5.332888628, 12.704855282 ], [ 5.34588744, 12.690903886 ], [ 5.362240174, 12.674584593 ], [ 5.381968277, 12.656442009 ], [ 5.404891119, 12.637255764 ], [ 5.430631725, 12.617169291 ], [ 5.458636238, 12.595051769 ], [ 5.488205955, 12.568413806 ], [ 5.518539812, 12.533983183 ], [ 5.548784475, 12.488777865 ], [ 5.578088584, 12.431296224 ], [ 5.605657409, 12.362367998 ], [ 5.630804104, 12.285309326 ], [ 5.607095185, 12.252583657 ], [ 5.566744411, 12.219764278 ], [ 5.514852995, 12.186858286 ], [ 5.46090111, 12.15387296 ], [ 5.414910791, 12.120815725 ], [ 5.383420479, 12.08769412 ], [ 5.367008496, 12.054515756 ], [ 5.36036806, 12.021288288 ], [ 5.354759789, 11.988019373 ], [ 5.341621028, 11.954716638 ], [ 5.315687712, 11.921387642 ], [ 5.27843634, 11.932962231 ], [ 5.234084876, 11.991235934 ], [ 5.188705179, 12.041633479 ], [ 5.142696156, 12.081793733 ], [ 5.096444077, 12.111848258 ], [ 5.050290171, 12.133184911 ], [ 5.004504252, 12.146930691 ], [ 4.959266449, 12.153062471 ], [ 4.914658287, 12.150659125 ], [ 4.870663535, 12.139136033 ], [ 4.827178335, 12.119714079 ], [ 4.784029296, 12.096188744 ], [ 4.777963475, 12.097128947 ], [ 4.770922398, 12.105421376 ], [ 4.762750961, 12.124504513 ], [ 4.753357937, 12.154825932 ], [ 4.742715222, 12.193758161 ], [ 4.730853171, 12.236714578 ], [ 4.717852433, 12.279066826 ], [ 4.703832917, 12.318087102 ], [ 4.688940708, 12.354087285 ], [ 4.67333385, 12.390239676 ], [ 4.657167982, 12.431115187 ], [ 4.640582793, 12.480528198 ], [ 4.623690214, 12.539590219 ], [ 4.606565106, 12.605805789 ], [ 4.589239064, 12.673618442 ], [ 4.571697712, 12.736212644 ], [ 4.553881663, 12.787857536 ], [ 4.535691045, 12.825861736 ], [ 4.516993295, 12.851383841 ], [ 4.497633684, 12.868828354 ], [ 4.477447885, 12.884136992 ], [ 4.456275749, 12.902710527 ], [ 4.433975392, 12.92779141 ], [ 4.41043668, 12.95987764 ], [ 4.38559322, 12.997255637 ], [ 4.359432089, 13.037259008 ], [ 4.332083894, 13.077803467 ], [ 4.30491793, 13.119496838 ], [ 4.27876214, 13.161560888 ], [ 4.252850042, 13.202939875 ], [ 4.227681601, 13.244239571 ], [ 4.209036986, 13.288847173 ], [ 4.194003867, 13.333360493 ], [ 4.188699832, 13.382141836 ], [ 4.195930466, 13.439271767 ], [ 4.19046903, 13.488905597 ], [ 4.2324, 13.4994 ], [ 4.253910961, 13.515620742 ], [ 4.269726728140912, 13.527546917965209 ], [ 4.275421921115245, 13.531841484819271 ], [ 4.297414906, 13.497351773 ], [ 4.298847017, 13.452659687 ], [ 4.29306704, 13.406142111 ], [ 4.294135927, 13.366149552 ], [ 4.315360441, 13.339799773 ], [ 4.352990824, 13.32269857 ], [ 4.390719558, 13.304513439 ], [ 4.428466096, 13.282914771 ], [ 4.466218873, 13.257595522 ], [ 4.503970896, 13.231076608 ], [ 4.541719737, 13.207763184 ], [ 4.579467414, 13.191580632 ], [ 4.617220152, 13.18344367 ], [ 4.654988037, 13.180023734 ], [ 4.692784569, 13.17465573 ], [ 4.730626129, 13.160088736 ], [ 4.768531372, 13.131759348 ], [ 4.806520571, 13.089927715 ], [ 4.844614908, 13.039569442 ], [ 4.882835757, 12.988074753 ], [ 4.921203959, 12.941945237 ], [ 4.959739105, 12.904180093 ], [ 4.998458865, 12.873638213 ], [ 5.037378353, 12.84657728 ], [ 5.076509566, 12.819404682 ], [ 5.115860896, 12.791064261 ], [ 5.15543673, 12.763750868 ], [ 5.195237156, 12.741624437 ], [ 5.235257768, 12.728328366 ] ] ] } },
{ "type": "Feature", "properties": { "legend_id": "L29", "name": "Sandstone and Ironstone", "legend_original": "Sandstone and Ironstone", "ngsa_code": "Bssf", "formation": "Bassange Formation", "age": "Coniacian", "province": "Middle Benue", "seed_lon": 9.55, "seed_lat": 8.75, "fill_hex": "#F97082" }, "geometry": { "type": "Polygon", "coordinates": [ [ [ 9.434828592, 9.113493123 ], [ 9.44634815, 9.135870802 ], [ 9.470496149, 9.136993808 ], [ 9.492847802, 9.132877698 ], [ 9.51409324, 9.117114932 ], [ 9.535058617, 9.086843059 ], [ 9.55664568, 9.043819728 ], [ 9.579763456, 8.993724011 ], [ 9.605258228, 8.944010344 ], [ 9.633848147, 8.901236355 ], [ 9.666068367, 8.868962134 ], [ 9.702231629, 8.847010026 ], [ 9.74240769, 8.832238264 ], [ 9.786423269, 8.820321248 ], [ 9.833882216, 8.807646474 ], [ 9.884203738, 8.792492525 ], [ 9.936674867, 8.775090226 ], [ 9.990512093, 8.756755467 ], [ 10.044926303, 8.738721413 ], [ 10.099185021, 8.721379533 ], [ 10.152666311, 8.704339273 ], [ 10.204899649, 8.68720614 ], [ 10.255590459, 8.670533453 ], [ 10.304626649, 8.65626418 ], [ 10.352067312, 8.647227961 ], [ 10.343202909, 8.611244295 ], [ 10.330903967, 8.580027901 ], [ 10.316399768, 8.552850915 ], [ 10.301628923, 8.528112104 ], [ 10.288958857, 8.503520433 ], [ 10.280751983, 8.476431062 ], [ 10.278864285, 8.444279126 ], [ 10.284189603, 8.405031981 ], [ 10.296363441, 8.357571297 ], [ 10.313711563, 8.301925528 ], [ 10.3334764, 8.239299712 ], [ 10.352290137, 8.171888487 ], [ 10.366802965, 8.102501717 ], [ 10.374333468, 8.034071114 ], [ 10.373396811, 7.969132289 ], [ 10.363989252, 7.909383889 ], [ 10.347560266, 7.85541186 ], [ 10.326674359, 7.806634836 ], [ 10.304436785, 7.761482643 ], [ 10.283813452, 7.717772861 ], [ 10.267001424, 7.673210139 ], [ 10.254995689, 7.625907885 ], [ 10.24745236, 7.574827287 ], [ 10.242878587, 7.520045404 ], [ 10.239101868, 7.462798604 ], [ 10.233904637, 7.405292888 ], [ 10.225670131, 7.350318998 ], [ 10.193561204, 7.399544868 ], [ 10.161569288, 7.450929903 ], [ 10.129696873, 7.497066333 ], [ 10.097946262, 7.535147001 ], [ 10.066319569, 7.567875578 ], [ 10.034818714, 7.601798112 ], [ 10.003445417, 7.643841243 ], [ 9.972201195, 7.697697151 ], [ 9.94108736, 7.761748564 ], [ 9.910105014, 7.829459071 ], [ 9.879255048, 7.891960225 ], [ 9.848538139, 7.941550752 ], [ 9.81795475, 7.974480554 ], [ 9.787505128, 7.991859871 ], [ 9.757189303, 7.998529398 ], [ 9.72700709, 8.000711419 ], [ 9.696958088, 8.003732154 ], [ 9.667041683, 8.010859077 ], [ 9.637257045, 8.023526668 ], [ 9.607603136, 8.042395884 ], [ 9.578078709, 8.068278678 ], [ 9.548682311, 8.102174279 ], [ 9.519412287, 8.144352605 ], [ 9.490266782, 8.193150918 ], [ 9.461243751, 8.244467252 ], [ 9.432340954, 8.292622578 ], [ 9.403555969, 8.332476832 ], [ 9.374886196, 8.361865207 ], [ 9.346328858, 8.383057469 ], [ 9.317881012, 8.402287852 ], [ 9.289539553, 8.427321793 ], [ 9.26130122, 8.464054258 ], [ 9.233162604, 8.513721092 ], [ 9.205120156, 8.572109423 ], [ 9.17717019, 8.631238326 ], [ 9.149308896, 8.682791592 ], [ 9.121532343, 8.721721313 ], [ 9.093836488, 8.748347599 ], [ 9.066217185, 8.76800815 ], [ 9.107406538, 8.808606431 ], [ 9.147141866, 8.849322181 ], [ 9.185425528, 8.89037415 ], [ 9.223177667, 8.931962653 ], [ 9.26099004, 8.974257473 ], [ 9.297779313, 9.017387271 ], [ 9.33016742, 9.06143105 ], [ 9.375061406, 9.075689611 ], [ 9.410907318, 9.093179697 ], [ 9.434828592, 9.113493123 ] ] ] } },
{ "type": "Feature", "properties": { "legend_id": "L30", "name": "Sandstone and Limestone", "legend_original": "Sandstone and Limestone", "ngsa_code": "Asl", "formation": "Abeokuta Formation (Dahomey Basin)", "age": "Coniacian/Maastrichtian", "province": "SW Dahomey (Ogun)", "seed_lon": 3.65, "seed_lat": 7.35, "fill_hex": "#E02161" }, "geometry": { "type": "Polygon", "coordinates": [ [ [ 3.823144956, 6.989366517 ], [ 3.762152976, 7.018652549 ], [ 3.727505508, 7.078170528 ], [ 3.693212733, 7.132936493 ], [ 3.659252728, 7.179550424 ], [ 3.625594485, 7.213748151 ], [ 3.592198464, 7.232136253 ], [ 3.559017311, 7.234364464 ], [ 3.525996747, 7.224354333 ], [ 3.493076582, 7.209583253 ], [ 3.460191869, 7.198462982 ], [ 3.427274148, 7.196970838 ], [ 3.394252763, 7.206234803 ], [ 3.361056238, 7.22239135 ], [ 3.327613673, 7.238894513 ], [ 3.293856128, 7.250161198 ], [ 3.259717989, 7.25470108 ], [ 3.225138269, 7.256117585 ], [ 3.190061824, 7.261466575 ], [ 3.154440471, 7.277834052 ], [ 3.11823397, 7.308903888 ], [ 3.081410858, 7.353247251 ], [ 3.043949127, 7.405114637 ], [ 3.005836715, 7.457182486 ], [ 2.985236376, 7.507193432 ], [ 2.964790981, 7.550776203 ], [ 2.942192951, 7.591166557 ], [ 2.915381738, 7.630842137 ], [ 2.884320818, 7.670823303 ], [ 2.849855859, 7.710984052 ], [ 2.813799807, 7.750237124 ], [ 2.779054817, 7.787472427 ], [ 2.748927624, 7.821624903 ], [ 2.721973126, 7.853829219 ], [ 2.694876573140235, 7.886148111832738 ], [ 2.6926, 7.9063 ], [ 2.699627012278792, 7.950186493863865 ], [ 2.752526194, 7.924355489 ], [ 2.824179505, 7.892317042 ], [ 2.885768081, 7.866479386 ], [ 2.946206674, 7.841007307 ], [ 3.010003036, 7.813110408 ], [ 3.067380809, 7.786186889 ], [ 3.109320477, 7.764389584 ], [ 3.147730337, 7.743415997 ], [ 3.186137174, 7.719633259 ], [ 3.224531686, 7.689707123 ], [ 3.262837562, 7.651501645 ], [ 3.300921687, 7.606015967 ], [ 3.338608659, 7.557992507 ], [ 3.375698421, 7.514648557 ], [ 3.411985605, 7.482955573 ], [ 3.447279112, 7.466698754 ], [ 3.481420444, 7.464753538 ], [ 3.514299456, 7.471483619 ], [ 3.545866395, 7.479150165 ], [ 3.57613941, 7.481235187 ], [ 3.605207055, 7.475127452 ], [ 3.633225696, 7.462930963 ], [ 3.660412102, 7.450075318 ], [ 3.687031858, 7.442466334 ], [ 3.713384524, 7.443581028 ], [ 3.739786672, 7.452861321 ], [ 3.766554076, 7.466047463 ], [ 3.793984346, 7.477105392 ], [ 3.822341229, 7.480659031 ], [ 3.851841647, 7.473707606 ], [ 3.882646289, 7.455920765 ], [ 3.914854309, 7.428647555 ], [ 3.948502326, 7.393471184 ], [ 3.983567617, 7.351310479 ], [ 4.019975053, 7.302636201 ], [ 4.057607082, 7.24860226 ], [ 4.096315841, 7.192243946 ], [ 4.13593635, 7.138756564 ], [ 4.176299687, 7.094340488 ], [ 4.217245113, 7.063935668 ], [ 4.216638952, 7.0256637 ], [ 4.217972323, 6.992956903 ], [ 4.22263997, 6.964485599 ], [ 4.231686026, 6.938479422 ], [ 4.245496616, 6.913007726 ], [ 4.263585567, 6.886291671 ], [ 4.243541159, 6.873238514 ], [ 4.225600945, 6.858754621 ], [ 4.206832703, 6.84679517 ], [ 4.184068832, 6.840926252 ], [ 4.154510619, 6.843458327 ], [ 4.116299774, 6.855006416 ], [ 4.068919606, 6.874570029 ], [ 4.013323708, 6.900050756 ], [ 3.951752638, 6.928987846 ], [ 3.887273521, 6.959237578 ], [ 3.823144956, 6.989366517 ] ] ] } },
{ "type": "Feature", "properties": { "legend_id": "L31", "name": "Sandstone, Limestone, Coal", "legend_original": "Sandstone, Limestone, Coal", "ngsa_code": "Ncsh", "formation": "Nsukka Formation lateral", "age": "Coniacian/Maastrichtian", "province": "SE Anambra", "seed_lon": 7.05, "seed_lat": 6.35, "fill_hex": "#CD25F9" }, "geometry": { "type": "Polygon", "coordinates": [ [ [ 6.857197496, 6.832282039 ], [ 6.824613233, 6.864291676 ], [ 6.796012611, 6.896640702 ], [ 6.825817499, 6.882723832 ], [ 6.855772625, 6.867150483 ], [ 6.885901387, 6.845397501 ], [ 6.916225291, 6.812718665 ], [ 6.946763682, 6.766634199 ], [ 6.977533504, 6.708748576 ], [ 7.008549104, 6.644865893 ], [ 7.039822078, 6.583171239 ], [ 7.071361161, 6.531212032 ], [ 7.103172168, 6.493046447 ], [ 7.135257984, 6.467889077 ], [ 7.167618599, 6.450880449 ], [ 7.19160738, 6.417829064 ], [ 7.218646395, 6.383489124 ], [ 7.248332696, 6.346378708 ], [ 7.279874139, 6.306606943 ], [ 7.312114461, 6.265721699 ], [ 7.343612342, 6.226114559 ], [ 7.372768912, 6.190184558 ], [ 7.397990668, 6.159526676 ], [ 7.390005013, 6.132794723 ], [ 7.365232907, 6.106063674 ], [ 7.322402672, 6.079332007 ], [ 7.256448835, 6.068045174 ], [ 7.184256332, 6.060682396 ], [ 7.111438674, 6.056186766 ], [ 7.043420568, 6.052786821 ], [ 6.98401538, 6.04849982 ], [ 6.934461402, 6.041710188 ], [ 6.893211924, 6.031669598 ], [ 6.856538039, 6.018783606 ], [ 6.8197475, 6.004604864 ], [ 6.77863263, 5.991529804 ], [ 6.730697861, 5.982273417 ], [ 6.675801884, 5.979254196 ], [ 6.616049818, 5.984043203 ], [ 6.555017638, 5.997011865 ], [ 6.496600585, 6.017258548 ], [ 6.526277268, 6.075455778 ], [ 6.558865432, 6.134992956 ], [ 6.589717594, 6.19514122 ], [ 6.615386342, 6.255139922 ], [ 6.635003943, 6.31424127 ], [ 6.650758245, 6.371753591 ], [ 6.667160306, 6.427080319 ], [ 6.689279604, 6.479752173 ], [ 6.720567356, 6.529450509 ], [ 6.761105926, 6.576020449 ], [ 6.807008709, 6.619473175 ], [ 6.851281284, 6.659977484 ], [ 6.885898523, 6.697841481 ], [ 6.904374465, 6.733485909 ], [ 6.903896362, 6.767411184 ], [ 6.886247516, 6.80016056 ], [ 6.857197496, 6.832282039 ] ] ] } },
{ "type": "Feature", "properties": { "legend_id": "L32", "name": "Sandstone, Siltstone and Shale", "legend_original": "Sandstone, Siltstone and Shale", "ngsa_code": "Tst/Ts", "formation": "Taloka Formation / Rima Group", "age": "Coniacian / Senonian", "province": "NW (Zamfara south)", "seed_lon": 5.35, "seed_lat": 11.15, "fill_hex": "#F9C570" }, "geometry": { "type": "Polygon", "coordinates": [ [ [ 5.969652981, 10.937818328 ], [ 5.961573901, 10.917544164 ], [ 5.918407909, 10.88223737 ], [ 5.883646288, 10.846797364 ], [ 5.85750521, 10.811175079 ], [ 5.836749903, 10.775322384 ], [ 5.816724689, 10.739192909 ], [ 5.793839098, 10.70274284 ], [ 5.767272482, 10.665931699 ], [ 5.724090538, 10.667396568 ], [ 5.682400586, 10.671048968 ], [ 5.643249543, 10.676119559 ], [ 5.607201427, 10.68156618 ], [ 5.574194866, 10.686396784 ], [ 5.543565306, 10.689972856 ], [ 5.508820718, 10.703552132 ], [ 5.474153217, 10.716384192 ], [ 5.438827591, 10.73092088 ], [ 5.402384479, 10.749247819 ], [ 5.36474625, 10.771712444 ], [ 5.326255811, 10.796213178 ], [ 5.287638074, 10.818561476 ], [ 5.249887008, 10.833862756 ], [ 5.214094239, 10.838399594 ], [ 5.181245911, 10.831248346 ], [ 5.152020952, 10.814936343 ], [ 5.126624956, 10.794824822 ], [ 5.104689152, 10.77742361 ], [ 5.074180862, 10.795599944 ], [ 5.043831121, 10.825162246 ], [ 5.013826461, 10.865176346 ], [ 4.984332051, 10.911861909 ], [ 4.955487497, 10.96022902 ], [ 4.927403497, 11.006028981 ], [ 4.900159455, 11.04726407 ], [ 4.873802123, 11.084715372 ], [ 4.84834532, 11.121366908 ], [ 4.823770718, 11.1610472 ], [ 4.836562392, 11.19829179 ], [ 4.854701815, 11.235957924 ], [ 4.871979564, 11.274149154 ], [ 4.88424017, 11.312958013 ], [ 4.89078196, 11.352463654 ], [ 4.894135517, 11.39272977 ], [ 4.898553517, 11.433802856 ], [ 4.90806422, 11.475710836 ], [ 4.925017493, 11.518462104 ], [ 4.949686585, 11.562044994 ], [ 4.980892017, 11.606427688 ], [ 5.017097273, 11.651558587 ], [ 5.057244815, 11.697367105 ], [ 5.100830274, 11.743764907 ], [ 5.147214717, 11.790647538 ], [ 5.194672183, 11.83789642 ], [ 5.239888334, 11.885381178 ], [ 5.27843634, 11.932962231 ], [ 5.315687712, 11.921387642 ], [ 5.341858019, 11.843734867 ], [ 5.367812822, 11.773520517 ], [ 5.39354751, 11.715776504 ], [ 5.419059477, 11.671519445 ], [ 5.44434821, 11.637611761 ], [ 5.469415369, 11.608432525 ], [ 5.494264837, 11.578600746 ], [ 5.518902754, 11.545457697 ], [ 5.543337522, 11.510117226 ], [ 5.567579801, 11.476592353 ], [ 5.591642465, 11.449455196 ], [ 5.615540551, 11.43120806 ], [ 5.639291178, 11.420673636 ], [ 5.662913447, 11.413189626 ], [ 5.686428317, 11.402487306 ], [ 5.709858469, 11.383306189 ], [ 5.733228144, 11.353463731 ], [ 5.756562964, 11.314417247 ], [ 5.779889748, 11.270146265 ], [ 5.803236295, 11.225030253 ], [ 5.826631175, 11.181862187 ], [ 5.850103495, 11.140993901 ], [ 5.873682667, 11.100949064 ], [ 5.89739816, 11.060027369 ], [ 5.921279258, 11.017896362 ], [ 5.94535481, 10.976203901 ], [ 5.969652981, 10.937818328 ] ] ] } },
{ "type": "Feature", "properties": { "legend_id": "L33", "name": "Sandstone, Siltstone, Shale and Ironstone", "legend_original": "Sandstone, Siltstone, Shale and Ironstone", "ngsa_code": "Gss", "formation": "Gombe Formation", "age": "Coniacian/Maastrichtian", "province": "NE (Gombe)", "seed_lon": 11.05, "seed_lat": 10.55, "fill_hex": "#4AF9C6" }, "geometry": { "type": "Polygon", "coordinates": [ [ [ 11.536723418, 10.24818665 ], [ 11.471773909, 10.226683514 ], [ 11.41078692, 10.20943518 ], [ 11.353165574, 10.197914298 ], [ 11.297443802, 10.192939395 ], [ 11.242317643, 10.194566703 ], [ 11.187354473, 10.202135295 ], [ 11.133112167, 10.214446474 ], [ 11.080686316, 10.23002836 ], [ 11.030966229, 10.247419072 ], [ 10.984007635, 10.265400912 ], [ 10.938868867, 10.28313334 ], [ 10.894035818, 10.300160336 ], [ 10.848275575, 10.316301012 ], [ 10.801534583, 10.331462744 ], [ 10.755435358, 10.34543616 ], [ 10.7130608, 10.35773603 ], [ 10.677998518, 10.367540245 ], [ 10.652936849, 10.373753501 ], [ 10.638327015, 10.375189261 ], [ 10.631654319, 10.37083116 ], [ 10.627672937, 10.360111414 ], [ 10.619617749, 10.343134979 ], [ 10.584781587, 10.358336283 ], [ 10.54948023, 10.367741029 ], [ 10.513992033, 10.378497015 ], [ 10.478596784, 10.396488311 ], [ 10.443568452, 10.424316888 ], [ 10.409168138, 10.460458242 ], [ 10.375637416, 10.500001599 ], [ 10.343192291, 10.536739421 ], [ 10.312017927, 10.56579633 ], [ 10.282264315, 10.585739099 ], [ 10.254042988, 10.599303832 ], [ 10.27621785, 10.629598307 ], [ 10.312526555, 10.65957745 ], [ 10.35947241, 10.689025095 ], [ 10.410641039, 10.717764318 ], [ 10.460092011, 10.745667743 ], [ 10.505100166, 10.772664703 ], [ 10.546941174, 10.798744786 ], [ 10.589513252, 10.823957527 ], [ 10.636731841, 10.848408264 ], [ 10.690211629, 10.872250418 ], [ 10.748472747, 10.895674697 ], [ 10.807963933, 10.918895911 ], [ 10.865136361, 10.942138268 ], [ 10.918229947, 10.965620083 ], [ 10.967665109, 10.989538892 ], [ 11.014822689, 11.014057935 ], [ 11.060020809, 11.03929487 ], [ 11.101056113, 11.06531344 ], [ 11.133424477, 11.092118611 ], [ 11.152389372, 11.119655492 ], [ 11.155944239, 11.147812068 ], [ 11.147057569, 11.176425561 ], [ 11.133798918, 11.205291974 ], [ 11.163394682, 11.193890853 ], [ 11.193079165, 11.180994226 ], [ 11.222852338, 11.163643916 ], [ 11.252714035, 11.14031409 ], [ 11.282663941, 11.111126599 ], [ 11.312701596, 11.077121724 ], [ 11.342826387, 11.039077756 ], [ 11.373037552, 10.996617969 ], [ 11.403334171, 10.948190386 ], [ 11.432365615680414, 10.89452545821227 ], [ 11.428767556, 10.894216695 ], [ 11.43371517, 10.892030793 ], [ 11.473731112, 10.823045888 ], [ 11.514004199, 10.749336914 ], [ 11.551691066, 10.673067091 ], [ 11.584238812, 10.59726097 ], [ 11.609680746, 10.525321796 ], [ 11.626842784, 10.460404897 ], [ 11.635434264, 10.404791561 ], [ 11.636015317, 10.359416752 ], [ 11.629851944, 10.323672716 ], [ 11.618686468, 10.295545905 ], [ 11.604462568, 10.272062842 ], [ 11.536723418, 10.24818665 ] ] ] } },
{ "type": "Feature", "properties": { "legend_id": "L34", "name": "Sandstone, Shale and Clay", "legend_original": "Sandstone, shale and clay", "ngsa_code": "Kss", "formation": "Kerri-Kerri Formation", "age": "Palaeocene", "province": "NE (Kerri-Kerri, large)", "seed_lon": 10.65, "seed_lat": 11.25, "fill_hex": "#8170F9" }, "geometry": { "type": "Polygon", "coordinates": [ [ [ 11.236565661, 12.741575921 ], [ 11.262982973, 12.774263977 ], [ 11.261937542, 12.728736626 ], [ 11.26655255, 12.678511607 ], [ 11.275937361, 12.625189925 ], [ 11.288349819, 12.570508015 ], [ 11.301542923, 12.516054053 ], [ 11.313340206, 12.463026469 ], [ 11.322248555, 12.412074934 ], [ 11.327885541, 12.363248636 ], [ 11.331048021, 12.316057084 ], [ 11.33336583, 12.269628452 ], [ 11.3366301, 12.222933366 ], [ 11.342009452, 12.175031018 ], [ 11.349423778, 12.125291439 ], [ 11.357310969, 12.073553178 ], [ 11.362903558, 12.020188284 ], [ 11.362966108, 11.966063966 ], [ 11.354784477, 11.912409392 ], [ 11.33709923, 11.860613165 ], [ 11.310673645, 11.811989137 ], [ 11.278287148, 11.767553165 ], [ 11.244118945, 11.727850556 ], [ 11.212680156, 11.692863946 ], [ 11.187603633, 11.662016207 ], [ 11.170658543, 11.634265661 ], [ 11.161300103, 11.60827455 ], [ 11.156908398, 11.582619363 ], [ 11.153661009, 11.556005389 ], [ 11.147787242, 11.527448639 ], [ 11.136829099, 11.496395709 ], [ 11.12052521, 11.462764544 ], [ 11.101042824, 11.426903957 ], [ 11.082476687, 11.389484255 ], [ 11.069752755, 11.351342767 ], [ 11.067251876, 11.313314418 ], [ 11.0775499, 11.276077902 ], [ 11.100632509, 11.24004263 ], [ 11.133798918, 11.205291974 ], [ 11.147057569, 11.176425561 ], [ 11.155944239, 11.147812068 ], [ 11.152389372, 11.119655492 ], [ 11.133424477, 11.092118611 ], [ 11.101056113, 11.06531344 ], [ 11.060020809, 11.03929487 ], [ 11.014822689, 11.014057935 ], [ 10.967665109, 10.989538892 ], [ 10.918229947, 10.965620083 ], [ 10.865136361, 10.942138268 ], [ 10.807963933, 10.918895911 ], [ 10.748472747, 10.895674697 ], [ 10.690211629, 10.872250418 ], [ 10.636731841, 10.848408264 ], [ 10.589513252, 10.823957527 ], [ 10.546941174, 10.798744786 ], [ 10.505100166, 10.772664703 ], [ 10.460092011, 10.745667743 ], [ 10.410641039, 10.717764318 ], [ 10.35947241, 10.689025095 ], [ 10.312526555, 10.65957745 ], [ 10.27621785, 10.629598307 ], [ 10.254042988, 10.599303832 ], [ 10.223910003, 10.596280042 ], [ 10.193934226, 10.59965856 ], [ 10.163955096, 10.614567297 ], [ 10.133802912, 10.642470692 ], [ 10.103305703, 10.680701006 ], [ 10.072296377, 10.723583737 ], [ 10.040619849, 10.764586472 ], [ 10.008139805, 10.798535227 ], [ 9.974744802, 10.823006531 ], [ 9.946324652, 10.845756333 ], [ 9.918021346, 10.862663398 ], [ 9.906407753, 10.892208719 ], [ 9.897147893, 10.920493817 ], [ 9.892094283, 10.948316795 ], [ 9.892405004, 10.976427333 ], [ 9.898299905, 11.005486306 ], [ 9.909008352, 11.036044391 ], [ 9.922927676, 11.068535729 ], [ 9.96796096, 11.10238068 ], [ 10.009083703, 11.136332291 ], [ 10.043025494, 11.170394896 ], [ 10.071286759, 11.204571917 ], [ 10.099548735, 11.238865848 ], [ 10.134716399, 11.273278243 ], [ 10.181090862, 11.307809709 ], [ 10.237683477, 11.342459906 ], [ 10.298120169, 11.37722755 ], [ 10.353236793, 11.412110425 ], [ 10.395060787, 11.447105397 ], [ 10.420168294, 11.482208436 ], [ 10.430772726, 11.517414642 ], [ 10.433126725, 11.552718274 ], [ 10.434227135, 11.588112789 ], [ 10.438637978, 11.623590881 ], [ 10.447061045, 11.659144527 ], [ 10.457224649, 11.694765033 ], [ 10.466344449, 11.730443092 ], [ 10.473578356, 11.766168837 ], [ 10.481000976, 11.801931901 ], [ 10.492572638, 11.837721484 ], [ 10.511804338, 11.873526411 ], [ 10.53960415, 11.909335205 ], [ 10.57367795, 11.945136156 ], [ 10.609916473, 11.980917386 ], [ 10.644983926, 12.016666929 ], [ 10.678548243, 12.052372795 ], [ 10.713728908, 12.088023049 ], [ 10.755331607, 12.123605877 ], [ 10.806736315, 12.159109662 ], [ 10.867163107, 12.194523052 ], [ 10.930945937, 12.229835028 ], [ 10.989416167, 12.265034974 ], [ 11.034581762, 12.300112739 ], [ 11.062764249, 12.335058698 ], [ 11.076302281, 12.369863817 ], [ 11.082399433, 12.4045197 ], [ 11.089674211, 12.43901865 ], [ 11.104166003, 12.473353713 ], [ 11.126817005, 12.507518721 ], [ 11.153647665, 12.541508336 ], [ 11.178413129, 12.575318081 ], [ 11.196247271, 12.608944374 ], [ 11.206353037, 12.64238455 ], [ 11.212400506, 12.675636887 ], [ 11.22058679, 12.708700612 ], [ 11.236565661, 12.741575921 ] ] ] } },
{ "type": "Feature", "properties": { "legend_id": "L35", "name": "Sandstone, Shale and Sandy Shale", "legend_original": "Sandstone, shale and sandyshale", "ngsa_code": "Lass", "formation": "Lafia-Wukari Formation", "age": "Turonian pre-Maastrichtian", "province": "Middle Benue", "seed_lon": 9.15, "seed_lat": 8.35, "fill_hex": "#21E040" }, "geometry": { "type": "Polygon", "coordinates": [ [ [ 8.640159399, 8.460168162 ], [ 8.625401217, 8.51562232 ], [ 8.64652267, 8.529353467 ], [ 8.647717648, 8.542316198 ], [ 8.63618699, 8.554470179 ], [ 8.621953905, 8.56589032 ], [ 8.614388708, 8.576778816 ], [ 8.619311847, 8.587460147 ], [ 8.637855722, 8.598358904 ], [ 8.667378552, 8.609962403 ], [ 8.703749358, 8.622771953 ], [ 8.743744729, 8.637248094 ], [ 8.786382064, 8.65375602 ], [ 8.832681905, 8.672517529 ], [ 8.884229306, 8.693575307 ], [ 8.941522471, 8.71677406 ], [ 9.003139272, 8.741761269 ], [ 9.066217185, 8.76800815 ], [ 9.093836488, 8.748347599 ], [ 9.121532343, 8.721721313 ], [ 9.149308896, 8.682791592 ], [ 9.17717019, 8.631238326 ], [ 9.205120156, 8.572109423 ], [ 9.233162604, 8.513721092 ], [ 9.26130122, 8.464054258 ], [ 9.289539553, 8.427321793 ], [ 9.317881012, 8.402287852 ], [ 9.346328858, 8.383057469 ], [ 9.374886196, 8.361865207 ], [ 9.403555969, 8.332476832 ], [ 9.432340954, 8.292622578 ], [ 9.461243751, 8.244467252 ], [ 9.490266782, 8.193150918 ], [ 9.519412287, 8.144352605 ], [ 9.548682311, 8.102174279 ], [ 9.578078709, 8.068278678 ], [ 9.607603136, 8.042395884 ], [ 9.637257045, 8.023526668 ], [ 9.667041683, 8.010859077 ], [ 9.696958088, 8.003732154 ], [ 9.72700709, 8.000711419 ], [ 9.757189303, 7.998529398 ], [ 9.787505128, 7.991859871 ], [ 9.81795475, 7.974480554 ], [ 9.848538139, 7.941550752 ], [ 9.879255048, 7.891960225 ], [ 9.910105014, 7.829459071 ], [ 9.94108736, 7.761748564 ], [ 9.972201195, 7.697697151 ], [ 10.003445417, 7.643841243 ], [ 10.034818714, 7.601798112 ], [ 10.066319569, 7.567875578 ], [ 10.097946262, 7.535147001 ], [ 10.129696873, 7.497066333 ], [ 10.161569288, 7.450929903 ], [ 10.193561204, 7.399544868 ], [ 10.225670131, 7.350318998 ], [ 10.225444259, 7.299794007 ], [ 10.223157899, 7.261378483 ], [ 10.219733095, 7.237116895 ], [ 10.217839481223132, 7.230673587713196 ], [ 10.225297669, 7.235170709 ], [ 10.239030319, 7.234530585 ], [ 10.269076026, 7.221218338 ], [ 10.31998679, 7.184519557 ], [ 10.370553928, 7.131405855 ], [ 10.410350159, 7.073422585 ], [ 10.430338051, 7.026431687 ], [ 10.445541669, 6.978390492 ], [ 10.457667123, 6.9214801 ], [ 10.460905215970143, 6.877369609406718 ], [ 10.443434867096913, 6.877126070308034 ], [ 10.422604172, 6.876835688 ], [ 10.384303129, 6.876301766 ], [ 10.346002086, 6.875767844 ], [ 10.307701043, 6.875233922 ], [ 10.2694, 6.8747 ], [ 10.2378, 6.8781 ], [ 10.2236, 6.8844 ], [ 10.2153, 6.8903 ], [ 10.205, 6.9006 ], [ 10.195, 6.9178 ], [ 10.1897, 6.9331 ], [ 10.18875, 6.9557 ], [ 10.1878, 6.9783 ], [ 10.1806, 6.9983 ], [ 10.1758, 7.0072 ], [ 10.165, 7.0211 ], [ 10.13531381, 6.996015528 ], [ 10.119597590126888, 6.982735511051071 ], [ 10.079239867590228, 6.948633722080204 ], [ 10.075941431, 6.945846583 ], [ 10.065732257401272, 6.937219954324947 ], [ 10.039962514321628, 6.915444832115383 ], [ 10.016569052, 6.895677639 ], [ 9.976121549, 6.900674247 ], [ 9.934824751, 6.887825575 ], [ 9.889843968, 6.858122335 ], [ 9.838847745, 6.824085193 ], [ 9.786321652, 6.823268984 ], [ 9.730927269, 6.829518249 ], [ 9.671153525, 6.835193368 ], [ 9.611037579, 6.845407982 ], [ 9.55698453, 6.86219641 ], [ 9.506273156, 6.876433049 ], [ 9.458572409, 6.888978928 ], [ 9.4139071, 6.903096591 ], [ 9.378767853, 6.938392309 ], [ 9.344052955, 6.982160882 ], [ 9.309731648, 7.032685322 ], [ 9.275763757, 7.085263678 ], [ 9.242100692, 7.134479773 ], [ 9.208686619, 7.176518656 ], [ 9.17545982, 7.210295158 ], [ 9.142354175, 7.236950635 ], [ 9.109300743, 7.258259214 ], [ 9.076229412, 7.275095659 ], [ 9.043070557, 7.28700845 ], [ 9.009756698, 7.293192728 ], [ 8.976224085, 7.294221513 ], [ 8.9424142, 7.293333722 ], [ 8.908275127, 7.29624322 ], [ 8.873762761, 7.309253663 ], [ 8.838841829, 7.336482633 ], [ 8.803486697, 7.377627508 ], [ 8.767681953, 7.427558959 ], [ 8.731422738, 7.478147403 ], [ 8.694714835, 7.521569836 ], [ 8.657574501, 7.553535543 ], [ 8.620028052, 7.574860875 ], [ 8.618532656, 7.609047994 ], [ 8.61543435, 7.642972563 ], [ 8.610665174, 7.680127643 ], [ 8.60452608, 7.722505192 ], [ 8.597646425, 7.770066207 ], [ 8.590897775, 7.8209436 ], [ 8.585271297, 7.872265486 ], [ 8.581733002, 7.92127641 ], [ 8.581074472, 7.966346616 ], [ 8.583777933, 8.007521224 ], [ 8.589913443, 8.046443858 ], [ 8.599082529, 8.085721716 ], [ 8.610417348, 8.127994446 ], [ 8.622637784, 8.175057612 ], [ 8.634161851, 8.227345645 ], [ 8.643258025, 8.283922777 ], [ 8.648222687, 8.34292842 ], [ 8.647562365, 8.402255283 ], [ 8.640159399, 8.460168162 ] ] ] } },
{ "type": "Feature", "properties": { "legend_id": "L36", "name": "Alluvium", "legend_original": "Alluvium", "ngsa_code": "Al", "formation": "Sediments (Recent alluvium, river channels, delta)", "age": "Recent", "province": "Niger Delta / rivers", "seed_lon": 6.05, "seed_lat": 4.85, "fill_hex": "#E06464" }, "geometry": { "type": "Polygon", "coordinates": [ [ [ 6.54808899, 4.367054634 ], [ 6.563844065, 4.325403419 ], [ 6.5492, 4.3253 ], [ 6.5214, 4.32375 ], [ 6.4936, 4.3222 ], [ 6.4727, 4.316 ], [ 6.4646, 4.3152 ], [ 6.4586, 4.3102 ], [ 6.4526, 4.299 ], [ 6.4409, 4.3011 ], [ 6.4307, 4.3102 ], [ 6.4181, 4.3084 ], [ 6.4118, 4.3055 ], [ 6.346171610461115, 4.298656779077771 ], [ 6.339636912961803, 4.297975391358798 ], [ 6.2737, 4.2911 ], [ 6.2549, 4.2898 ], [ 6.2392, 4.2926 ], [ 6.2335, 4.2988 ], [ 6.2357, 4.3062 ], [ 6.2416, 4.3191 ], [ 6.2523, 4.3352 ], [ 6.26, 4.3581 ], [ 6.2706, 4.3681 ], [ 6.2819, 4.3753 ], [ 6.2705, 4.3914 ], [ 6.2547, 4.378 ], [ 6.2522, 4.3637 ], [ 6.2471, 4.3593 ], [ 6.2408, 4.3605 ], [ 6.2465, 4.4005 ], [ 6.2419, 4.4005 ], [ 6.2393, 4.3997 ], [ 6.239, 4.3913 ], [ 6.237, 4.3849 ], [ 6.2311, 4.3773 ], [ 6.2214, 4.3565 ], [ 6.215, 4.3362 ], [ 6.215, 4.3058 ], [ 6.221, 4.2926 ], [ 6.2225, 4.2843 ], [ 6.2205, 4.2791 ], [ 6.1785, 4.277 ], [ 6.1365, 4.2749 ], [ 6.1184, 4.2722 ], [ 6.0879, 4.2702 ], [ 6.0844, 4.2723 ], [ 6.084, 4.2794 ], [ 6.0726, 4.2866 ], [ 6.0578, 4.2881 ], [ 6.0334, 4.2948 ], [ 6.009, 4.3015 ], [ 5.9773, 4.3122 ], [ 5.9781, 4.3207 ], [ 5.9639, 4.3344 ], [ 5.937, 4.34715 ], [ 5.9101, 4.3599 ], [ 5.87655, 4.38115 ], [ 5.843, 4.4024 ], [ 5.8341, 4.4148 ], [ 5.8006, 4.4404 ], [ 5.7671, 4.466 ], [ 5.7336, 4.4916 ], [ 5.7001, 4.5172 ], [ 5.6874, 4.5347 ], [ 5.6594, 4.5672 ], [ 5.6358, 4.5982 ], [ 5.5418, 4.7305 ], [ 5.5321, 4.7516 ], [ 5.5273, 4.7725 ], [ 5.50664389, 4.80664389 ], [ 5.537161908, 4.839284051 ], [ 5.565419714, 4.873884472 ], [ 5.589308015, 4.908493433 ], [ 5.608787048, 4.941676893 ], [ 5.625961772, 4.97262043 ], [ 5.641945671, 5.001865452 ], [ 5.651748815, 5.031027456 ], [ 5.655050422, 5.060168352 ], [ 5.655362631, 5.089291899 ], [ 5.659699305, 5.118401842 ], [ 5.676319461, 5.147501906 ], [ 5.711215935, 5.176595784 ], [ 5.765032248, 5.205687126 ], [ 5.832070278, 5.234779531 ], [ 5.902124634, 5.263876536 ], [ 5.96449214, 5.292981609 ], [ 6.012372124, 5.322098137 ], [ 6.045600579, 5.351229418 ], [ 6.070416657, 5.380378653 ], [ 6.096375821, 5.40954894 ], [ 6.131885875, 5.438743262 ], [ 6.18046237, 5.467964483 ], [ 6.239378287, 5.497215338 ], [ 6.301159289, 5.52649843 ], [ 6.356996004, 5.555816223 ], [ 6.400313396, 5.585171033 ], [ 6.427467873, 5.547700594 ], [ 6.454364257, 5.522776916 ], [ 6.481009364, 5.506791649 ], [ 6.507411042, 5.49435184 ], [ 6.533578107, 5.480089226 ], [ 6.528957444, 5.4463183 ], [ 6.519374352, 5.408192303 ], [ 6.506390107, 5.366948795 ], [ 6.491969894, 5.325103934 ], [ 6.478208472, 5.285701463 ], [ 6.467010434, 5.25140001 ], [ 6.459779861, 5.223636994 ], [ 6.457176958, 5.202091105 ], [ 6.458991025, 5.184589686 ], [ 6.464160636, 5.167492345 ], [ 6.47094643, 5.146458658 ], [ 6.477233824, 5.117408811 ], [ 6.480917706, 5.077437909 ], [ 6.480303698, 5.025459508 ], [ 6.474454509, 4.962426751 ], [ 6.463416965, 4.891089612 ], [ 6.448284471, 4.815363923 ], [ 6.432524677, 4.738481006 ], [ 6.42036786, 4.665275748 ], [ 6.419468113, 4.598956983 ], [ 6.427166564, 4.541930559 ], [ 6.435387752, 4.491584061 ], [ 6.457339672, 4.446103291 ], [ 6.509389514, 4.406477602 ], [ 6.54808899, 4.367054634 ] ] ] } },
{ "type": "Feature", "properties": { "legend_id": "L37", "name": "Amphibole Schist, Amphibolite", "legend_original": "Amphibole Schist, Amphibolite", "ngsa_code": "Sa", "formation": "Meta-Sedimentary/Meta-Volcanic Series", "age": "Pre-Cambrian", "province": "W schist belt", "seed_lon": 3.95, "seed_lat": 10.15, "fill_hex": "#70E9F9" }, "geometry": { "type": "Polygon", "coordinates": [ [ [ 4.180464381, 10.497216463 ], [ 4.213894968, 10.476527442 ], [ 4.243083176, 10.427090727 ], [ 4.272400929, 10.376387826 ], [ 4.301855355, 10.324526939 ], [ 4.331453075, 10.272370021 ], [ 4.361200107, 10.222195465 ], [ 4.391101785, 10.177704227 ], [ 4.39723181, 10.130418554 ], [ 4.404389558, 10.08541323 ], [ 4.411978582, 10.042949417 ], [ 4.419916779, 10.003182555 ], [ 4.427843888, 9.96615055 ], [ 4.434151648, 9.931768171 ], [ 4.435459373, 9.899828102 ], [ 4.427017947, 9.87000869 ], [ 4.404108018, 9.841888037 ], [ 4.363989377, 9.814963725 ], [ 4.307601272, 9.788677116 ], [ 4.240194931, 9.76244088 ], [ 4.170439491, 9.735668221 ], [ 4.108147366, 9.707802133 ], [ 4.061361033, 9.678343027 ], [ 4.033866381, 9.646873129 ], [ 4.02409257, 9.613076256 ], [ 4.025850277, 9.576751819 ], [ 4.030650514, 9.537822246 ], [ 3.99830176, 9.539173833 ], [ 3.964457976, 9.527415713 ], [ 3.92868136, 9.507214676 ], [ 3.890726606, 9.484918265 ], [ 3.850549937, 9.466476766 ], [ 3.808299553, 9.455961524 ], [ 3.764289075, 9.455187045 ], [ 3.718957181, 9.464341479 ], [ 3.67281788, 9.483035569 ], [ 3.62640664, 9.511038727 ], [ 3.580227809, 9.54823853 ], [ 3.534781621, 9.593927155 ], [ 3.502883566, 9.650456416 ], [ 3.48573442, 9.703408433 ], [ 3.470802608, 9.740492589 ], [ 3.446722217, 9.764746587 ], [ 3.41395847, 9.782952352 ], [ 3.394171053, 9.791402687 ], [ 3.371301357, 9.80030275 ], [ 3.344349138042074, 9.812260344981334 ], [ 3.3529, 9.8241 ], [ 3.3666, 9.8373 ], [ 3.403366667, 9.843833333 ], [ 3.421750039744481, 9.847100007062483 ], [ 3.4769, 9.8569 ], [ 3.5019, 9.8533 ], [ 3.5211, 9.8444 ], [ 3.5253, 9.8442 ], [ 3.5421, 9.86225 ], [ 3.5589, 9.8803 ], [ 3.58415, 9.9142 ], [ 3.6094, 9.9481 ], [ 3.6758, 10.1033 ], [ 3.68, 10.1202 ], [ 3.6843, 10.1567 ], [ 3.6839, 10.1706 ], [ 3.6806, 10.1808 ], [ 3.6767, 10.1839 ], [ 3.6442, 10.1994 ], [ 3.61304999308331, 10.237350008426594 ], [ 3.602666667, 10.25 ], [ 3.5819, 10.2753 ], [ 3.6372, 10.4117 ], [ 3.64, 10.4156 ], [ 3.6839, 10.4481 ], [ 3.6953, 10.4503 ], [ 3.7014, 10.4494 ], [ 3.7592, 10.415 ], [ 3.7894, 10.4028 ], [ 3.7936, 10.4056 ], [ 3.8128, 10.4494 ], [ 3.824322635, 10.486425338 ], [ 3.829564695976472, 10.503269497023924 ], [ 3.835845269384061, 10.523450676030302 ], [ 3.878081316, 10.526783111 ], [ 3.91723735, 10.539665106 ], [ 3.950378354, 10.5542113 ], [ 3.979206474, 10.56598368 ], [ 4.008562269, 10.569446761 ], [ 4.042503427, 10.56148513 ], [ 4.077363105, 10.550011084 ], [ 4.112208815, 10.535089966 ], [ 4.146622581, 10.517129495 ], [ 4.180464381, 10.497216463 ] ] ] } },
{ "type": "Feature", "properties": { "legend_id": "L38", "name": "Banded Gneiss / Biotite Gneiss", "legend_original": "Banded Gneiss/Biotite Gneiss", "ngsa_code": "bG", "formation": "Migmatite-Gneiss Complex", "age": "Pre-Cambrian", "province": "Central (Kaduna/Niger)", "seed_lon": 7.35, "seed_lat": 9.65, "fill_hex": "#E03F21" }, "geometry": { "type": "Polygon", "coordinates": [ [ [ 7.563864383, 10.367064257 ], [ 7.642806366, 10.351528987 ], [ 7.685305285, 10.2968453 ], [ 7.727959447, 10.25563735 ], [ 7.770684986, 10.224600281 ], [ 7.81339357, 10.19860385 ], [ 7.855994226, 10.173557068 ], [ 7.898395244, 10.148164512 ], [ 7.940506099, 10.123786625 ], [ 7.982239352, 10.102738897 ], [ 8.023512495, 10.086225826 ], [ 8.064249699, 10.073225197 ], [ 8.104383418, 10.060975386 ], [ 8.143855818, 10.046686029 ], [ 8.150739885, 10.016935769 ], [ 8.155989266, 9.985990169 ], [ 8.159909177, 9.95544953 ], [ 8.16282371, 9.926657908 ], [ 8.165065831, 9.899680949 ], [ 8.16696734, 9.872756699 ], [ 8.168849146, 9.842563162 ], [ 8.082865634, 9.816499918 ], [ 8.007676588, 9.789893257 ], [ 7.947596267, 9.762906622 ], [ 7.901261405, 9.735689359 ], [ 7.863227555, 9.708369033 ], [ 7.827081132, 9.68104531 ], [ 7.788523665, 9.653785719 ], [ 7.74701241, 9.626623498 ], [ 7.705349616, 9.599557607 ], [ 7.667665456, 9.572554896 ], [ 7.636993395, 9.545554244 ], [ 7.613723198, 9.518472425 ], [ 7.595629094, 9.491211324 ], [ 7.579255964, 9.463666074 ], [ 7.56171288, 9.435733618 ], [ 7.541764539, 9.4073212 ], [ 7.519596984, 9.378354277 ], [ 7.495476756, 9.348783381 ], [ 7.468237355, 9.318589539 ], [ 7.434697571, 9.287787933 ], [ 7.402645441, 9.294296047 ], [ 7.37044681, 9.30225123 ], [ 7.338103267, 9.316770428 ], [ 7.30561671, 9.341693548 ], [ 7.27298935, 9.377780329 ], [ 7.240223711, 9.42220976 ], [ 7.207322627, 9.469714403 ], [ 7.174289245, 9.514870651 ], [ 7.14112702, 9.554475217 ], [ 7.107839714, 9.588872412 ], [ 7.074431392, 9.621596286 ], [ 7.040906415, 9.657510472 ], [ 7.00726944, 9.700357773 ], [ 6.97352541, 9.750906879 ], [ 6.939679548, 9.806569909 ], [ 6.905737351, 9.862623772 ], [ 6.871704579, 9.914376736 ], [ 6.837587248, 9.959177173 ], [ 6.851877724, 9.997374223 ], [ 6.860654548, 10.03562329 ], [ 6.871072721, 10.073914651 ], [ 6.887336851, 10.112238141 ], [ 6.909913194, 10.150583189 ], [ 6.936715362, 10.188938847 ], [ 6.965269173, 10.22729383 ], [ 6.9944806, 10.265636555 ], [ 7.025045697, 10.303955179 ], [ 7.058466153, 10.342237644 ], [ 7.095509858, 10.380471718 ], [ 7.135272091, 10.418645047 ], [ 7.175574792, 10.456745192 ], [ 7.225730787, 10.456728697 ], [ 7.274098611, 10.450937856 ], [ 7.322001947, 10.439608378 ], [ 7.372149835, 10.423760911 ], [ 7.427799, 10.405047221 ], [ 7.49150071, 10.385473999 ], [ 7.563864383, 10.367064257 ] ] ] } },
{ "type": "Feature", "properties": { "legend_id": "L39", "name": "Banded Iron Formation", "legend_original": "Banded Iron Formation", "ngsa_code": "BIF", "formation": "Meta-Sedimentary/Meta-Volcanic Series (SE of Kabba)", "age": "Pre-Cambrian", "province": "Kogi (Kabba)", "seed_lon": 6.35, "seed_lat": 7.95, "fill_hex": "#E0C543" }, "geometry": { "type": "Polygon", "coordinates": [ [ [ 6.041435237, 7.184686426 ], [ 5.99053965, 7.173536807 ], [ 5.953204527, 7.173120773 ], [ 5.914282611, 7.174698899 ], [ 5.906833516, 7.211202453 ], [ 5.897566634, 7.25568727 ], [ 5.886275006, 7.306345941 ], [ 5.872799395, 7.359445061 ], [ 5.857034368, 7.410753397 ], [ 5.838932332, 7.456914082 ], [ 5.818505326, 7.496277204 ], [ 5.795824523, 7.528987857 ], [ 5.771017464, 7.556454934 ], [ 5.74426318, 7.580563142 ], [ 5.715785445, 7.603039746 ], [ 5.685844503, 7.625241261 ], [ 5.654727649, 7.648364698 ], [ 5.641513283, 7.663119616 ], [ 5.622061622, 7.690482473 ], [ 5.614716932, 7.719540323 ], [ 5.607895702, 7.748858466 ], [ 5.605611237, 7.778445954 ], [ 5.611946319, 7.808310852 ], [ 5.629162375, 7.8384602 ], [ 5.656222961, 7.868899986 ], [ 5.688864504, 7.899635112 ], [ 5.721533251, 7.930669381 ], [ 5.750392859, 7.962005474 ], [ 5.775836677, 7.993644939 ], [ 5.802997002, 8.025588192 ], [ 5.839668881, 8.057834508 ], [ 5.892408682, 8.090382032 ], [ 5.962618609, 8.123227789 ], [ 6.044600545, 8.156367698 ], [ 6.126716264, 8.189796594 ], [ 6.195323609, 8.223508257 ], [ 6.239805425, 8.257495439 ], [ 6.256460317, 8.291749905 ], [ 6.249562459, 8.326262474 ], [ 6.229245203, 8.36102306 ], [ 6.207333043, 8.396020729 ], [ 6.193104301, 8.431243748 ], [ 6.206207456, 8.432634033 ], [ 6.225825979, 8.434745122 ], [ 6.250528838, 8.438039074 ], [ 6.274229505, 8.391515596 ], [ 6.299323199, 8.356507646 ], [ 6.325845497, 8.333638389 ], [ 6.353748258, 8.32060703 ], [ 6.382891184, 8.312486806 ], [ 6.413039365, 8.303020585 ], [ 6.443867267, 8.286489345 ], [ 6.474969242, 8.259463148 ], [ 6.505876129, 8.221755255 ], [ 6.536077108, 8.176194289 ], [ 6.565045569, 8.127292147 ], [ 6.592267432, 8.079327876 ], [ 6.617270146, 8.034605494 ], [ 6.639650479, 7.992575857 ], [ 6.65909926, 7.950164498 ], [ 6.67542136, 7.903161295 ], [ 6.688549511, 7.848103482 ], [ 6.698550912, 7.78389398 ], [ 6.70562606, 7.712516654 ], [ 6.71009973, 7.638584237 ], [ 6.712404579, 7.567924183 ], [ 6.71305833, 7.505777703 ], [ 6.71263596, 7.455309167 ], [ 6.711738641, 7.416956731 ], [ 6.710961449, 7.388782316 ], [ 6.710861942, 7.367565939 ], [ 6.711931663, 7.350112394 ], [ 6.71457244, 7.334208095 ], [ 6.719079034, 7.318881736 ], [ 6.725629237, 7.303975348 ], [ 6.684089056, 7.27988375 ], [ 6.649686085, 7.255953511 ], [ 6.621911691, 7.232177034 ], [ 6.598678518, 7.208545631 ], [ 6.561615446, 7.19126066 ], [ 6.524605368, 7.174062105 ], [ 6.486770702, 7.156352187 ], [ 6.448491863, 7.138047905 ], [ 6.411318612, 7.119812877 ], [ 6.377443271, 7.103064743 ], [ 6.348913289, 7.089736787 ], [ 6.326850723, 7.081842629 ], [ 6.310944196, 7.080951665 ], [ 6.299386102, 7.087713741 ], [ 6.28927629, 7.101565202 ], [ 6.27735556, 7.120705739 ], [ 6.260822286, 7.142367544 ], [ 6.237961103, 7.163322941 ], [ 6.208381997, 7.180514209 ], [ 6.17280715, 7.191656468 ], [ 6.132503061, 7.195670203 ], [ 6.088580978, 7.192842748 ], [ 6.041435237, 7.184686426 ] ] ] } },
{ "type": "Feature", "properties": { "legend_id": "L40", "name": "Basalt", "legend_original": "Basalt", "ngsa_code": "bb", "formation": "Older Basalt (volcanic)", "age": "Tertiary to Recent", "province": "Jos east / central", "seed_lon": 9.85, "seed_lat": 9.85, "fill_hex": "#7FF94A" }, "geometry": { "type": "Polygon", "coordinates": [ [ [ 9.978096924, 10.780439467 ], [ 9.974744802, 10.823006531 ], [ 10.008139805, 10.798535227 ], [ 10.040619849, 10.764586472 ], [ 10.072296377, 10.723583737 ], [ 10.103305703, 10.680701006 ], [ 10.133802912, 10.642470692 ], [ 10.163955096, 10.614567297 ], [ 10.193934226, 10.59965856 ], [ 10.223910003, 10.596280042 ], [ 10.254042988, 10.599303832 ], [ 10.282264315, 10.585739099 ], [ 10.312017927, 10.56579633 ], [ 10.343192291, 10.536739421 ], [ 10.375637416, 10.500001599 ], [ 10.409168138, 10.460458242 ], [ 10.443568452, 10.424316888 ], [ 10.478596784, 10.396488311 ], [ 10.513992033, 10.378497015 ], [ 10.54948023, 10.367741029 ], [ 10.584781587, 10.358336283 ], [ 10.619617749, 10.343134979 ], [ 10.647363041, 10.308902446 ], [ 10.667116586, 10.265904976 ], [ 10.67728133, 10.213505016 ], [ 10.677506887, 10.152227727 ], [ 10.668721151, 10.083571873 ], [ 10.652957579, 10.009680149 ], [ 10.633010082, 9.93295838 ], [ 10.61197729, 9.85573114 ], [ 10.592776141, 9.779997769 ], [ 10.577708178, 9.707315562 ], [ 10.568150202, 9.638797752 ], [ 10.564416578, 9.575183709 ], [ 10.565808302, 9.516925802 ], [ 10.570830172, 9.464243935 ], [ 10.577528355, 9.417121698 ], [ 10.583881523, 9.375249149 ], [ 10.588172811, 9.337946017 ], [ 10.544726792, 9.340794628 ], [ 10.498309744, 9.349168398 ], [ 10.449280334, 9.362477247 ], [ 10.398424628, 9.380221861 ], [ 10.346715147, 9.40249185 ], [ 10.295061651, 9.429945897 ], [ 10.244109927, 9.463239933 ], [ 10.194130227, 9.502153269 ], [ 10.145013657, 9.544843447 ], [ 10.096368421, 9.587652432 ], [ 10.047684312, 9.625683723 ], [ 9.998518599, 9.654050832 ], [ 9.94865285, 9.669393972 ], [ 9.898178775, 9.671104096 ], [ 9.847489805, 9.661755717 ], [ 9.797179315, 9.646517645 ], [ 9.776041346, 9.659703086 ], [ 9.755531883, 9.679163196 ], [ 9.735634652, 9.708399301 ], [ 9.716321563, 9.746837533 ], [ 9.697553037, 9.790304065 ], [ 9.679278556, 9.832778862 ], [ 9.661437453, 9.868730518 ], [ 9.643959907, 9.895139224 ], [ 9.626768143, 9.912475985 ], [ 9.609777794, 9.924347027 ], [ 9.592899425, 9.936042941 ], [ 9.625710541, 9.969107764 ], [ 9.651721147, 10.003397294 ], [ 9.671229611, 10.039224607 ], [ 9.68680361, 10.076832983 ], [ 9.701853521, 10.11638405 ], [ 9.719012088, 10.157949961 ], [ 9.739104442, 10.201509968 ], [ 9.761149652, 10.24695156 ], [ 9.783295599, 10.294076075 ], [ 9.804121735, 10.342608497 ], [ 9.823576681, 10.392210907 ], [ 9.843027189, 10.44249889 ], [ 9.864373585, 10.493060068 ], [ 9.888693778, 10.543473809 ], [ 9.915157515, 10.593331128 ], [ 9.940858215, 10.642253795 ], [ 9.961777147, 10.689911725 ], [ 9.974527232, 10.736037803 ], [ 9.978096924, 10.780439467 ] ] ] } },
{ "type": "Feature", "properties": { "legend_id": "L41", "name": "Biotite-Garnet Gneiss Schist", "legend_original": "Biotite Garnet Gneiss Schist", "ngsa_code": "bS", "formation": "Migmatite-Gneiss Complex", "age": "Pre-Cambrian", "province": "W (Oyo/Kwara)", "seed_lon": 3.45, "seed_lat": 8.85, "fill_hex": "#F970A5" }, "geometry": { "type": "Polygon", "coordinates": [ [ [ 3.670698213, 8.903503368 ], [ 3.714658522, 8.87483477 ], [ 3.703924184, 8.824031713 ], [ 3.693959731, 8.775045259 ], [ 3.68494732, 8.728081188 ], [ 3.677353175, 8.682961545 ], [ 3.671945033, 8.639153802 ], [ 3.669595889, 8.595847927 ], [ 3.67092442, 8.552072685 ], [ 3.675895051, 8.506837099 ], [ 3.657700173, 8.486095383 ], [ 3.642281535, 8.464661516 ], [ 3.622308593, 8.442756533 ], [ 3.590190592, 8.420597533 ], [ 3.541521856, 8.398383977 ], [ 3.477471098, 8.376285718 ], [ 3.404829907, 8.354433499 ], [ 3.333550173, 8.332912476 ], [ 3.272842046, 8.311759111 ], [ 3.227631783, 8.290961582 ], [ 3.197012044, 8.270463572 ], [ 3.175337658, 8.250171151 ], [ 3.155329568, 8.229962172 ], [ 3.131606539, 8.20969753 ], [ 3.102938307, 8.189233456 ], [ 3.072243839, 8.168433967 ], [ 3.044540023, 8.147182634 ], [ 3.02405307, 8.125392818 ], [ 3.012024423, 8.103015694 ], [ 3.006243776, 8.08004551 ], [ 3.002333261, 8.056521727 ], [ 2.992202351, 8.034886603 ], [ 2.964504146, 8.017955641 ], [ 2.916486448, 8.005311003 ], [ 2.854702973, 7.994829857 ], [ 2.797937991, 7.997602992 ], [ 2.746482074, 7.998081473 ], [ 2.706615826, 7.993834421 ], [ 2.7089, 8.0081 ], [ 2.7151, 8.0415 ], [ 2.720717903930131, 8.071764192139737 ], [ 2.7275, 8.1083 ], [ 2.73445, 8.1322 ], [ 2.7414, 8.1561 ], [ 2.7475, 8.1815 ], [ 2.7536, 8.2069 ], [ 2.7511, 8.2181 ], [ 2.7428, 8.2369 ], [ 2.7281, 8.2567 ], [ 2.71905, 8.29155 ], [ 2.71, 8.3264 ], [ 2.7092, 8.3389 ], [ 2.7208, 8.4244 ], [ 2.7289, 8.4372 ], [ 2.7475, 8.4531 ], [ 2.7525, 8.4619 ], [ 2.7583, 8.4911 ], [ 2.7628, 8.5192 ], [ 2.7597, 8.5297 ], [ 2.753, 8.5356 ], [ 2.7564, 8.5553 ], [ 2.7564, 8.5752 ], [ 2.751588357348703, 8.645435619596542 ], [ 2.7497, 8.673 ], [ 2.74836, 8.69256 ], [ 2.747811642651297, 8.700564380403458 ], [ 2.74568, 8.73168 ], [ 2.743, 8.7708 ], [ 2.7453, 8.7953 ], [ 2.755563576158941, 8.855415231788079 ], [ 2.7831, 9.0167 ], [ 2.7894, 9.0439 ], [ 2.7947, 9.0569 ], [ 2.8142, 9.0652 ], [ 2.859649959632258, 9.072199993782746 ], [ 2.8748, 9.074533333 ], [ 2.9051, 9.0792 ], [ 2.9365, 9.08025 ], [ 2.9679, 9.0813 ], [ 2.9875, 9.0611 ], [ 3.023333333, 9.070933333 ], [ 3.04125, 9.07585 ], [ 3.095, 9.0906 ], [ 3.108848106, 9.130383965 ], [ 3.148595249, 9.102365995 ], [ 3.178354032, 9.046920554 ], [ 3.195407551, 8.979732503 ], [ 3.206275959, 8.925596916 ], [ 3.22458167, 8.904968528 ], [ 3.254745606, 8.908846812 ], [ 3.288432291, 8.916456206 ], [ 3.325361816, 8.926330204 ], [ 3.365041656, 8.937642523 ], [ 3.406838915, 8.94932097 ], [ 3.450074273, 8.959363671 ], [ 3.494112566, 8.96484409 ], [ 3.538438769, 8.962724815 ], [ 3.582710605, 8.95113209 ], [ 3.626782321, 8.930436318 ], [ 3.670698213, 8.903503368 ] ] ] } },
{ "type": "Feature", "properties": { "legend_id": "L42", "name": "Biotite Granite", "legend_original": "Biotite Granite", "ngsa_code": "JyG", "formation": "Younger Granite Series", "age": "Jurassic", "province": "Jos Plateau SW", "seed_lon": 8.85, "seed_lat": 9.05, "fill_hex": "#43E09E" }, "geometry": { "type": "Polygon", "coordinates": [ [ [ 8.376483398, 8.661857951 ], [ 8.340329902, 8.648199203 ], [ 8.33085317, 8.665365454 ], [ 8.310188171, 8.685789597 ], [ 8.280780029, 8.711235813 ], [ 8.246614248, 8.742903585 ], [ 8.212405571, 8.781261557 ], [ 8.18259565, 8.825988451 ], [ 8.160422044, 8.876033275 ], [ 8.147307297, 8.929787374 ], [ 8.142731799, 8.98534202 ], [ 8.144620832, 9.040790492 ], [ 8.150132288, 9.094525713 ], [ 8.156618208, 9.145484841 ], [ 8.162483641, 9.19330083 ], [ 8.167695122, 9.238336495 ], [ 8.173790729, 9.281596301 ], [ 8.183385997, 9.324531613 ], [ 8.228051474, 9.316773854 ], [ 8.275300538, 9.309139294 ], [ 8.325227424, 9.297068289 ], [ 8.377683086, 9.278644146 ], [ 8.432277611, 9.255229525 ], [ 8.488412187, 9.230744612 ], [ 8.545337451, 9.209963517 ], [ 8.602231524, 9.196602599 ], [ 8.65828829, 9.192013412 ], [ 8.712804899, 9.194970121 ], [ 8.765257325, 9.202518382 ], [ 8.81535411, 9.211378314 ], [ 8.863061044, 9.219186546 ], [ 8.908593146, 9.22500725 ], [ 8.952374507, 9.228955901 ], [ 8.994970698, 9.23125139 ], [ 9.037002156, 9.231307062 ], [ 9.079049551, 9.227443356 ], [ 9.121563453, 9.217467781 ], [ 9.164790297, 9.199888827 ], [ 9.208724814, 9.175149425 ], [ 9.253095917, 9.146180112 ], [ 9.297388882, 9.117840003 ], [ 9.313893747, 9.087611488 ], [ 9.33016742, 9.06143105 ], [ 9.297779313, 9.017387271 ], [ 9.26099004, 8.974257473 ], [ 9.223177667, 8.931962653 ], [ 9.185425528, 8.89037415 ], [ 9.147141866, 8.849322181 ], [ 9.107406538, 8.808606431 ], [ 9.066217185, 8.76800815 ], [ 9.003139272, 8.741761269 ], [ 8.941522471, 8.71677406 ], [ 8.884229306, 8.693575307 ], [ 8.832681905, 8.672517529 ], [ 8.786382064, 8.65375602 ], [ 8.743744729, 8.637248094 ], [ 8.703749358, 8.622771953 ], [ 8.667378552, 8.609962403 ], [ 8.637855722, 8.598358904 ], [ 8.619311847, 8.587460147 ], [ 8.614388708, 8.576778816 ], [ 8.621953905, 8.56589032 ], [ 8.63618699, 8.554470179 ], [ 8.647717648, 8.542316198 ], [ 8.64652267, 8.529353467 ], [ 8.625401217, 8.51562232 ], [ 8.590369168, 8.555352451 ], [ 8.555142443, 8.591407591 ], [ 8.519731917, 8.623284444 ], [ 8.48414892, 8.648809238 ], [ 8.448405147, 8.664791462 ], [ 8.412512579, 8.668921645 ], [ 8.376483398, 8.661857951 ] ] ] } },
{ "type": "Feature", "properties": { "legend_id": "L43", "name": "Biotite-Hornblende Gneiss", "legend_original": "Biotite Homblende Gneiss [Homblende=Hornblende]", "ngsa_code": "bG-h", "formation": "Migmatite-Gneiss Complex", "age": "Pre-Cambrian", "province": "SW (Ondo/Ekiti)", "seed_lon": 4.95, "seed_lat": 7.35, "fill_hex": "#43ADE0" }, "geometry": { "type": "Polygon", "coordinates": [ [ [ 5.634107875, 7.634976272 ], [ 5.654727649, 7.648364698 ], [ 5.685844503, 7.625241261 ], [ 5.715785445, 7.603039746 ], [ 5.74426318, 7.580563142 ], [ 5.771017464, 7.556454934 ], [ 5.795824523, 7.528987857 ], [ 5.818505326, 7.496277204 ], [ 5.838932332, 7.456914082 ], [ 5.857034368, 7.410753397 ], [ 5.872799395, 7.359445061 ], [ 5.886275006, 7.306345941 ], [ 5.897566634, 7.25568727 ], [ 5.906833516, 7.211202453 ], [ 5.914282611, 7.174698899 ], [ 5.853529908, 7.143141296 ], [ 5.782247376, 7.111675856 ], [ 5.705178601, 7.080302977 ], [ 5.630330256, 7.049022793 ], [ 5.566363195, 7.017835171 ], [ 5.518957599, 6.986739713 ], [ 5.488062094, 6.955735757 ], [ 5.467649743, 6.924822375 ], [ 5.4483606, 6.893998384 ], [ 5.421868961, 6.863262338 ], [ 5.384826675, 6.832612544 ], [ 5.340371236, 6.802047056 ], [ 5.296406558, 6.77156369 ], [ 5.261524452, 6.741160024 ], [ 5.24064559, 6.710833408 ], [ 5.232571046, 6.68058097 ], [ 5.230599701, 6.650399629 ], [ 5.225756477, 6.620286098 ], [ 5.210866402, 6.590236898 ], [ 5.183390059, 6.560248367 ], [ 5.145736257, 6.530316669 ], [ 5.10319883, 6.50043781 ], [ 5.060908628, 6.470607646 ], [ 5.021570312, 6.440821895 ], [ 4.985105121, 6.411076153 ], [ 4.95007673, 6.381365902 ], [ 4.915696948, 6.351686529 ], [ 4.88292929, 6.322033335 ], [ 4.853877101, 6.29240155 ], [ 4.830044328, 6.262870375 ], [ 4.81555887, 6.236004495 ], [ 4.801461772, 6.210866974 ], [ 4.777060287, 6.203071984 ], [ 4.749468281, 6.196210653 ], [ 4.720365667, 6.189494496 ], [ 4.697379206, 6.224612878 ], [ 4.675202988, 6.260558669 ], [ 4.65365306, 6.299292472 ], [ 4.632802858, 6.344056393 ], [ 4.612807673, 6.398243627 ], [ 4.5934162, 6.461983867 ], [ 4.574078043, 6.529244039 ], [ 4.554287651, 6.591868155 ], [ 4.533223083, 6.637700491 ], [ 4.510324636, 6.661394001 ], [ 4.486069824, 6.673058678 ], [ 4.460706285, 6.68221976 ], [ 4.434344087, 6.696466417 ], [ 4.407115765, 6.72037773 ], [ 4.379171791, 6.753966351 ], [ 4.350675531, 6.79302902 ], [ 4.32179784, 6.831238502 ], [ 4.292711484, 6.863067163 ], [ 4.263585567, 6.886291671 ], [ 4.245496616, 6.913007726 ], [ 4.231686026, 6.938479422 ], [ 4.22263997, 6.964485599 ], [ 4.217972323, 6.992956903 ], [ 4.216638952, 7.0256637 ], [ 4.217245113, 7.063935668 ], [ 4.225873074, 7.109662747 ], [ 4.233441026, 7.160103176 ], [ 4.239007265, 7.214854373 ], [ 4.242640338, 7.27314261 ], [ 4.245037529, 7.333905853 ], [ 4.247005134, 7.395904331 ], [ 4.249034626, 7.45784456 ], [ 4.251143082, 7.518501786 ], [ 4.29060605, 7.506189353 ], [ 4.326907207, 7.492833137 ], [ 4.360234014, 7.479818796 ], [ 4.392548316, 7.468801165 ], [ 4.427121073, 7.461460474 ], [ 4.467360782, 7.459216871 ], [ 4.515373971, 7.462959809 ], [ 4.570857102, 7.472849088 ], [ 4.630833332, 7.48823235 ], [ 4.690438661, 7.507702057 ], [ 4.744547854, 7.529287698 ], [ 4.78967682, 7.550751937 ], [ 4.82545118, 7.569938204 ], [ 4.855057332, 7.585106425 ], [ 4.884451057, 7.595195385 ], [ 4.920554704, 7.599964437 ], [ 4.969051827, 7.599990895 ], [ 5.032541375, 7.596527618 ], [ 5.109682882, 7.591252214 ], [ 5.195601052, 7.585959376 ], [ 5.283363959, 7.582257152 ], [ 5.365978271, 7.581324598 ], [ 5.438195979, 7.583773296 ], [ 5.497548355, 7.589632019 ], [ 5.544355341, 7.598447399 ], [ 5.580862206, 7.609469557 ], [ 5.609967506, 7.621875339 ], [ 5.634107875, 7.634976272 ] ] ] } },
{ "type": "Feature", "properties": { "legend_id": "L44", "name": "Biotite and Biotite-Hornblende Granodiorite", "legend_original": "Biotite and biotite Hornblende granodiorite", "ngsa_code": "OGd", "formation": "Pan-African Older Granite Series", "age": "Pre-Cambrian", "province": "Central north (Kano)", "seed_lon": 8.35, "seed_lat": 11.15, "fill_hex": "#70F980" }, "geometry": { "type": "Polygon", "coordinates": [ [ [ 8.217991077, 11.738670012 ], [ 8.201925638, 11.767114455 ], [ 8.22467026, 11.789601387 ], [ 8.259522499, 11.811250557 ], [ 8.305657322, 11.830764516 ], [ 8.359370982, 11.847008357 ], [ 8.415206895, 11.859158683 ], [ 8.426635575, 11.819769082 ], [ 8.437327686, 11.766941015 ], [ 8.447880052, 11.702044448 ], [ 8.458925612, 11.628227537 ], [ 8.471088043, 11.549390357 ], [ 8.484936689, 11.469276747 ], [ 8.500944814, 11.390982357 ], [ 8.519454016, 11.316932939 ], [ 8.5406472, 11.24914949 ], [ 8.564531958, 11.189493932 ], [ 8.59093549, 11.13963235 ], [ 8.619511439, 11.100636698 ], [ 8.649758208, 11.07237945 ], [ 8.681047575, 11.053043821 ], [ 8.712661722, 11.03908778 ], [ 8.743836244, 11.025843493 ], [ 8.773806318, 11.008664582 ], [ 8.801852986, 10.984266329 ], [ 8.827346538, 10.951760399 ], [ 8.849784165, 10.912941362 ], [ 8.821672254, 10.89991048 ], [ 8.781356999, 10.885755857 ], [ 8.73019667, 10.87020526 ], [ 8.671448966, 10.853098137 ], [ 8.609214148, 10.834397422 ], [ 8.560384257, 10.835357003 ], [ 8.511976987, 10.830033929 ], [ 8.464160167, 10.823562323 ], [ 8.417043835, 10.82130748 ], [ 8.370679522, 10.827018519 ], [ 8.325063962, 10.842203191 ], [ 8.280146696, 10.866796391 ], [ 8.235840773, 10.900431974 ], [ 8.192035545, 10.943320263 ], [ 8.148610401, 10.996044488 ], [ 8.105448291, 11.058327613 ], [ 8.062447926, 11.127550601 ], [ 8.019533698, 11.19808805 ], [ 7.976662572, 11.262176909 ], [ 8.015242037, 11.317596555 ], [ 8.055826912, 11.37012307 ], [ 8.097698656, 11.419502543 ], [ 8.140225694, 11.465601177 ], [ 8.18196249, 11.508410815 ], [ 8.220009865, 11.548048271 ], [ 8.250196343, 11.584748459 ], [ 8.268242618, 11.618851654 ], [ 8.27153562, 11.650785518 ], [ 8.26073407, 11.681042826 ], [ 8.240373186, 11.710156029 ], [ 8.217991077, 11.738670012 ] ] ] } },
{ "type": "Feature", "properties": { "legend_id": "L45", "name": "Black Shale, Siltstone and Sandstone", "legend_original": "Black shale, siltstone and sandstone", "ngsa_code": "Fsh", "formation": "Fika Formation (NE variant)", "age": "Turonian pre-Maastrichtian", "province": "NE (Fika)", "seed_lon": 11.65, "seed_lat": 11.15, "fill_hex": "#E07021" }, "geometry": { "type": "Polygon", "coordinates": [ [ [ 11.393092734, 12.922801727 ], [ 11.428046561, 12.947398011 ], [ 11.455907205, 12.939776881 ], [ 11.483913261, 12.917492418 ], [ 11.512073308, 12.882322444 ], [ 11.540395368, 12.839141561 ], [ 11.568886878, 12.793190639 ], [ 11.597554658, 12.747573109 ], [ 11.626404886, 12.702253162 ], [ 11.655443074, 12.654976731 ], [ 11.684674048, 12.603481083 ], [ 11.714101931, 12.547677183 ], [ 11.743730124, 12.490543983 ], [ 11.773561298, 12.437221846 ], [ 11.803597384, 12.392810262 ], [ 11.833839565, 12.360096288 ], [ 11.864288275, 12.338467547 ], [ 11.894943199, 12.324587936 ], [ 11.925803277, 12.314417257 ], [ 11.956866708, 12.305398046 ], [ 11.98813096, 12.297540941 ], [ 12.019592785, 12.292769938 ], [ 12.051248231, 12.292892836 ], [ 12.08309266, 12.297379371 ], [ 12.115120771, 12.302296295 ], [ 12.147326621, 12.301156893 ], [ 12.179703654, 12.287403439 ], [ 12.212244726, 12.257318618 ], [ 12.244942135, 12.211864968 ], [ 12.277787657, 12.156454857 ], [ 12.310772579, 12.098699517 ], [ 12.343887736, 12.045220791 ], [ 12.377123545, 11.999082976 ], [ 12.410470052, 11.959064381 ], [ 12.443916965, 11.921023517 ], [ 12.477453702, 11.880541326 ], [ 12.511069429, 11.835407873 ], [ 12.544753107, 11.786683401 ], [ 12.578493535, 11.737890925 ], [ 12.612279392, 11.692925411 ], [ 12.646099286, 11.65392913 ], [ 12.679941794, 11.620331673 ], [ 12.713795508, 11.589535285 ], [ 12.747649079, 11.558759359 ], [ 12.78149126, 11.5268923 ], [ 12.815310946, 11.495209558 ], [ 12.849097218, 11.4664942 ], [ 12.882839382, 11.443053248 ], [ 12.916527007, 11.424810325 ], [ 12.950149961, 11.40867089 ], [ 12.983698448, 11.38967346 ], [ 12.971862623, 11.369993336 ], [ 12.949169899, 11.348928053 ], [ 12.911027144, 11.327018149 ], [ 12.85802716, 11.30481192 ], [ 12.795852478, 11.282798953 ], [ 12.73312954, 11.261354166 ], [ 12.678132658, 11.240699029 ], [ 12.635727013, 11.220884431 ], [ 12.605799619, 11.20179695 ], [ 12.583733671, 11.183187351 ], [ 12.562569516, 11.164717352 ], [ 12.535792984, 11.146018474 ], [ 12.499514373, 11.126755279 ], [ 12.453203236, 11.106684811 ], [ 12.398900375, 11.085704545 ], [ 12.339552992, 11.063882612 ], [ 12.277459641, 11.04146632 ], [ 12.213622736, 11.018867657 ], [ 12.148215639, 10.996627388 ], [ 12.081707542, 10.975361975 ], [ 12.015810161, 10.955699677 ], [ 11.953517153, 10.938213517 ], [ 11.898042205, 10.923359167 ], [ 11.851137041, 10.911425131 ], [ 11.811717329, 10.902501118 ], [ 11.775684167, 10.896468161 ], [ 11.737291701, 10.89301141 ], [ 11.691628529, 10.891653698 ], [ 11.637143897, 10.891805497 ], [ 11.576996497, 10.892824911 ], [ 11.518443939, 10.894080246 ], [ 11.470344023, 10.89500751 ], [ 11.439713265, 10.895155988 ], [ 11.432365615680414, 10.89452545821227 ], [ 11.403334171, 10.948190386 ], [ 11.373037552, 10.996617969 ], [ 11.342826387, 11.039077756 ], [ 11.312701596, 11.077121724 ], [ 11.282663941, 11.111126599 ], [ 11.252714035, 11.14031409 ], [ 11.222852338, 11.163643916 ], [ 11.193079165, 11.180994226 ], [ 11.163394682, 11.193890853 ], [ 11.133798918, 11.205291974 ], [ 11.100632509, 11.24004263 ], [ 11.0775499, 11.276077902 ], [ 11.067251876, 11.313314418 ], [ 11.069752755, 11.351342767 ], [ 11.082476687, 11.389484255 ], [ 11.101042824, 11.426903957 ], [ 11.12052521, 11.462764544 ], [ 11.136829099, 11.496395709 ], [ 11.147787242, 11.527448639 ], [ 11.153661009, 11.556005389 ], [ 11.156908398, 11.582619363 ], [ 11.161300103, 11.60827455 ], [ 11.170658543, 11.634265661 ], [ 11.187603633, 11.662016207 ], [ 11.212680156, 11.692863946 ], [ 11.244118945, 11.727850556 ], [ 11.278287148, 11.767553165 ], [ 11.310673645, 11.811989137 ], [ 11.33709923, 11.860613165 ], [ 11.354784477, 11.912409392 ], [ 11.362966108, 11.966063966 ], [ 11.362903558, 12.020188284 ], [ 11.357310969, 12.073553178 ], [ 11.349423778, 12.125291439 ], [ 11.342009452, 12.175031018 ], [ 11.3366301, 12.222933366 ], [ 11.33336583, 12.269628452 ], [ 11.331048021, 12.316057084 ], [ 11.327885541, 12.363248636 ], [ 11.322248555, 12.412074934 ], [ 11.313340206, 12.463026469 ], [ 11.301542923, 12.516054053 ], [ 11.288349819, 12.570508015 ], [ 11.275937361, 12.625189925 ], [ 11.26655255, 12.678511607 ], [ 11.261937542, 12.728736626 ], [ 11.262982973, 12.774263977 ], [ 11.281401185, 12.807544941 ], [ 11.304682262, 12.839046838 ], [ 11.331518625, 12.868733241 ], [ 11.361042778, 12.896625204 ], [ 11.393092734, 12.922801727 ] ] ] } },
{ "type": "Feature", "properties": { "legend_id": "L46", "name": "Blackshale, Siltstone and Sandstone", "legend_original": "Blackshale, Siltstone and Sandstone", "ngsa_code": "Esh", "formation": "Eze-Aku Group (SE variant)", "age": "Turonian", "province": "SE (Abakaliki)", "seed_lon": 8.15, "seed_lat": 6.95, "fill_hex": "#9A4AF9" }, "geometry": { "type": "Polygon", "coordinates": [ [ [ 8.560756791, 7.561352266 ], [ 8.620028052, 7.574860875 ], [ 8.657574501, 7.553535543 ], [ 8.694714835, 7.521569836 ], [ 8.731422738, 7.478147403 ], [ 8.767681953, 7.427558959 ], [ 8.803486697, 7.377627508 ], [ 8.838841829, 7.336482633 ], [ 8.873762761, 7.309253663 ], [ 8.908275127, 7.29624322 ], [ 8.9424142, 7.293333722 ], [ 8.976224085, 7.294221513 ], [ 9.009756698, 7.293192728 ], [ 9.043070557, 7.28700845 ], [ 9.076229412, 7.275095659 ], [ 9.109300743, 7.258259214 ], [ 9.142354175, 7.236950635 ], [ 9.17545982, 7.210295158 ], [ 9.208686619, 7.176518656 ], [ 9.242100692, 7.134479773 ], [ 9.275763757, 7.085263678 ], [ 9.309731648, 7.032685322 ], [ 9.344052955, 6.982160882 ], [ 9.378767853, 6.938392309 ], [ 9.4139071, 6.903096591 ], [ 9.370707674, 6.889773101 ], [ 9.331515143, 6.877643604 ], [ 9.291598052, 6.866750856 ], [ 9.248409938, 6.857011358 ], [ 9.20281359, 6.848224207 ], [ 9.158668067, 6.840091761 ], [ 9.116521092, 6.845440666 ], [ 9.082393356, 6.850572933 ], [ 9.057230803, 6.85437935 ], [ 9.039531492, 6.856055867 ], [ 9.02585191, 6.855251394 ], [ 9.011991836, 6.852107437 ], [ 8.994340239, 6.847183735 ], [ 8.970826393, 6.841290023 ], [ 8.941119938, 6.835265022 ], [ 8.906070095, 6.829755315 ], [ 8.866714899, 6.825046181 ], [ 8.823377202, 6.820984108 ], [ 8.775313875, 6.817009377 ], [ 8.721119751, 6.812291586 ], [ 8.659723951, 6.805937113 ], [ 8.591514133, 6.797220639 ], [ 8.519020891, 6.785786775 ], [ 8.446743892, 6.771773987 ], [ 8.380049131, 6.755830029 ], [ 8.323471144, 6.739012273 ], [ 8.279044351, 6.722592155 ], [ 8.245334952, 6.707804843 ], [ 8.217617728, 6.695598097 ], [ 8.189222122, 6.686435304 ], [ 8.153622285, 6.680196478 ], [ 8.106545769, 6.676200004 ], [ 8.047348051, 6.673341726 ], [ 8.018121539, 6.706752478 ], [ 7.988847904, 6.737800893 ], [ 7.959524641, 6.764290707 ], [ 7.930149441, 6.786952966 ], [ 7.900720203, 6.808787839 ], [ 7.871235026, 6.833151445 ], [ 7.841692219, 6.86172995 ], [ 7.855884836, 6.905382825 ], [ 7.860609196, 6.94976776 ], [ 7.855345421, 6.994024188 ], [ 7.841516008, 7.037424965 ], [ 7.822229147, 7.079579603 ], [ 7.801657011, 7.120558444 ], [ 7.78418296, 7.160902397 ], [ 7.773505018, 7.201511356 ], [ 7.771892772, 7.243435385 ], [ 7.779758678, 7.287618458 ], [ 7.795631467, 7.33465815 ], [ 7.816526772, 7.384642608 ], [ 7.8386204, 7.437108425 ], [ 7.909929375, 7.435281717 ], [ 7.973725215, 7.436950262 ], [ 8.027519159, 7.442239032 ], [ 8.071556641, 7.450601833 ], [ 8.108071807, 7.460962503 ], [ 8.140032407, 7.471974303 ], [ 8.16995351, 7.482337009 ], [ 8.199260652, 7.491097401 ], [ 8.228387211, 7.497862528 ], [ 8.257434482, 7.502875272 ], [ 8.286965377, 7.506933908 ], [ 8.318456123, 7.511173968 ], [ 8.354111964, 7.516763265 ], [ 8.396078039, 7.524581802 ], [ 8.44539609, 7.534962588 ], [ 8.501223063, 7.547555986 ], [ 8.560756791, 7.561352266 ] ] ] } },
{ "type": "Feature", "properties": { "legend_id": "L47", "name": "Charnockitic Rocks", "legend_original": "Charnockitic Rocks", "ngsa_code": "OGCh", "formation": "Pan-African Older Granite Series (Oban Massif)", "age": "Pre-Cambrian", "province": "SE Oban Massif", "seed_lon": 8.45, "seed_lat": 5.55, "fill_hex": "#54F925" }, "geometry": { "type": "Polygon", "coordinates": [ [ [ 7.713283942, 5.010402066 ], [ 7.695490669, 5.047728216 ], [ 7.69841484, 5.092645654 ], [ 7.698627017, 5.138847216 ], [ 7.701183773, 5.185891914 ], [ 7.711014532, 5.233262014 ], [ 7.730897657, 5.280405094 ], [ 7.760379073, 5.326779482 ], [ 7.796018627, 5.371899436 ], [ 7.832769792, 5.415376447 ], [ 7.865835784, 5.456953313 ], [ 7.892196255, 5.496528173 ], [ 7.911212587, 5.53416647 ], [ 7.924181031, 5.570099749 ], [ 7.933188853, 5.604711223 ], [ 7.939914482, 5.638509079 ], [ 7.944974807, 5.672089481 ], [ 7.966117361, 5.702166733 ], [ 7.985375677, 5.732161338 ], [ 8.002548518, 5.762063641 ], [ 8.019720845, 5.791864325 ], [ 8.040623804, 5.821554489 ], [ 8.068569763, 5.851125718 ], [ 8.112297166, 5.85241043 ], [ 8.157942364, 5.848625991 ], [ 8.205005913, 5.839162843 ], [ 8.25272809, 5.825376913 ], [ 8.300196237, 5.809927649 ], [ 8.346488222, 5.795691197 ], [ 8.390825176, 5.784674336 ], [ 8.432704426, 5.777345433 ], [ 8.471986883, 5.77262779 ], [ 8.508921526, 5.768535727 ], [ 8.544667726, 5.76322373 ], [ 8.593391233, 5.75671316 ], [ 8.65735193, 5.74986179 ], [ 8.729120213, 5.74379435 ], [ 8.798045637, 5.737597368 ], [ 8.851518923523043, 5.729696215070474 ], [ 8.8508, 5.7225 ], [ 8.8803, 5.6572 ], [ 8.9083, 5.6294 ], [ 8.9164, 5.6169 ], [ 8.9203, 5.6075 ], [ 8.9217, 5.5953 ], [ 8.9158, 5.5728 ], [ 8.9108, 5.5639 ], [ 8.9081, 5.5597 ], [ 8.8894, 5.5442 ], [ 8.8789, 5.5333 ], [ 8.8678, 5.5172 ], [ 8.86, 5.4975 ], [ 8.848600005062613, 5.43860002615684 ], [ 8.8448, 5.418966667 ], [ 8.8372, 5.3797 ], [ 8.8328, 5.3497 ], [ 8.8314, 5.3306 ], [ 8.8333, 5.3189 ], [ 8.8419, 5.3072 ], [ 8.8433, 5.3017 ], [ 8.8371, 5.264 ], [ 8.8309, 5.2263 ], [ 8.8247, 5.1886 ], [ 8.8156, 5.1597 ], [ 8.81, 5.1517 ], [ 8.77845, 5.1247 ], [ 8.7469, 5.0977 ], [ 8.7432, 5.0847 ], [ 8.7288, 5.0746 ], [ 8.7207, 5.057 ], [ 8.7252, 5.0438 ], [ 8.7163, 5.0295 ], [ 8.6854, 5.0003 ], [ 8.6902, 4.9958 ], [ 8.6947, 4.9968 ], [ 8.6984, 4.9882 ], [ 8.6977, 4.9847 ], [ 8.6855, 4.9831 ], [ 8.6814, 4.9795 ], [ 8.6817, 4.9722 ], [ 8.6683, 4.9639 ], [ 8.6666, 4.9584 ], [ 8.6689, 4.9521 ], [ 8.6593, 4.9444 ], [ 8.6534, 4.9466 ], [ 8.6507, 4.943 ], [ 8.649, 4.9361 ], [ 8.6543, 4.9247 ], [ 8.6521, 4.9151 ], [ 8.6446, 4.9087 ], [ 8.6252, 4.9081 ], [ 8.6192, 4.9051 ], [ 8.6127, 4.8931 ], [ 8.6035, 4.8829 ], [ 8.6042, 4.8688 ], [ 8.6114, 4.8605 ], [ 8.6185, 4.8556 ], [ 8.6242, 4.8494 ], [ 8.6295, 4.8406 ], [ 8.6312, 4.8268 ], [ 8.6283, 4.8225 ], [ 8.5877, 4.8014 ], [ 8.5741, 4.8027 ], [ 8.561, 4.7978 ], [ 8.5557, 4.7974 ], [ 8.5512, 4.8012 ], [ 8.5454, 4.8025 ], [ 8.5388, 4.7922 ], [ 8.5283, 4.7698 ], [ 8.5253, 4.7463 ], [ 8.5269, 4.7349 ], [ 8.5224, 4.7338 ], [ 8.5307, 4.7188 ], [ 8.5318, 4.7104 ], [ 8.526, 4.7088 ], [ 8.5212, 4.7046 ], [ 8.5168, 4.7035 ], [ 8.5115, 4.7043 ], [ 8.5035, 4.7082 ], [ 8.5079, 4.7046 ], [ 8.5093, 4.694 ], [ 8.4932, 4.6929 ], [ 8.4901, 4.6896 ], [ 8.4846, 4.6904 ], [ 8.481, 4.6887 ], [ 8.4759, 4.6927 ], [ 8.4699, 4.6948 ], [ 8.4599, 4.694 ], [ 8.4542, 4.6994 ], [ 8.463, 4.7244 ], [ 8.4656, 4.7282 ], [ 8.4818, 4.7296 ], [ 8.4785, 4.734 ], [ 8.4704, 4.7396 ], [ 8.4635, 4.7532 ], [ 8.4608, 4.7546 ], [ 8.4588, 4.7539 ], [ 8.4576, 4.7465 ], [ 8.449, 4.7363 ], [ 8.4449, 4.7351 ], [ 8.4424, 4.7368 ], [ 8.4375, 4.7361 ], [ 8.4371, 4.7338 ], [ 8.4309, 4.7268 ], [ 8.4232, 4.7254 ], [ 8.418, 4.726 ], [ 8.4088, 4.7346 ], [ 8.4043, 4.7326 ], [ 8.3971, 4.7351 ], [ 8.3864, 4.7449 ], [ 8.3849, 4.7531 ], [ 8.3974, 4.7646 ], [ 8.3995, 4.7685 ], [ 8.3963, 4.7751 ], [ 8.3966, 4.7806 ], [ 8.3722, 4.7749 ], [ 8.3634, 4.7798 ], [ 8.3443, 4.7932 ], [ 8.3317, 4.8046 ], [ 8.3322, 4.8216 ], [ 8.3227, 4.8246 ], [ 8.3024, 4.8443 ], [ 8.2743, 4.8547 ], [ 8.2805, 4.8365 ], [ 8.3022, 4.8172 ], [ 8.3095, 4.8042 ], [ 8.3022, 4.7904 ], [ 8.3, 4.7793 ], [ 8.3011, 4.7723 ], [ 8.3126, 4.7621 ], [ 8.3185, 4.7473 ], [ 8.3158, 4.7364 ], [ 8.3199, 4.7158 ], [ 8.3243, 4.7102 ], [ 8.3288, 4.6922 ], [ 8.326, 4.6649 ], [ 8.3404, 4.6242 ], [ 8.3411, 4.6116 ], [ 8.344, 4.6068 ], [ 8.3349, 4.5897 ], [ 8.3111, 4.5676 ], [ 8.2931, 4.5464 ], [ 8.2948, 4.5402 ], [ 8.2916, 4.5366 ], [ 8.2789, 4.5363 ], [ 8.2704, 4.5378 ], [ 8.2625, 4.5353 ], [ 8.2477, 4.535 ], [ 8.21175, 4.53965 ], [ 8.1758, 4.5443 ], [ 8.14615, 4.54465 ], [ 8.1165, 4.545 ], [ 8.0269, 4.5429 ], [ 8.001, 4.5381 ], [ 7.987, 4.5379 ], [ 7.984920954, 4.537697615 ], [ 7.964237004, 4.58180112 ], [ 7.933693769, 4.629279272 ], [ 7.896596812, 4.67742414 ], [ 7.859030843, 4.727934243 ], [ 7.828400168, 4.779228616 ], [ 7.809464321, 4.82497708 ], [ 7.793091827, 4.865814264 ], [ 7.777368369, 4.900433644 ], [ 7.761889095, 4.929055863 ], [ 7.746264446, 4.954261161 ], [ 7.730151884, 4.980056529 ], [ 7.713283942, 5.010402066 ] ] ] } },
{ "type": "Feature", "properties": { "legend_id": "L48", "name": "Clay, Grit and Pebbles", "legend_original": "Clay Grit and Pebbles", "ngsa_code": "Glss", "formation": "Gundumi-Illo Formation", "age": "Turonian pre-Maastrichtian", "province": "W Bida fringe", "seed_lon": 4.75, "seed_lat": 9.85, "fill_hex": "#F9F14A" }, "geometry": { "type": "Polygon", "coordinates": [ [ [ 4.313620364, 9.302265641 ], [ 4.280027517, 9.288276701 ], [ 4.246748828, 9.31387013 ], [ 4.21448151, 9.335643204 ], [ 4.182974207, 9.359778834 ], [ 4.151951702, 9.390067084 ], [ 4.121127651, 9.426181443 ], [ 4.090217671, 9.463759284 ], [ 4.058952117, 9.496207148 ], [ 4.044863496, 9.519024234 ], [ 4.030650514, 9.537822246 ], [ 4.025850277, 9.576751819 ], [ 4.02409257, 9.613076256 ], [ 4.033866381, 9.646873129 ], [ 4.061361033, 9.678343027 ], [ 4.108147366, 9.707802133 ], [ 4.170439491, 9.735668221 ], [ 4.240194931, 9.76244088 ], [ 4.307601272, 9.788677116 ], [ 4.363989377, 9.814963725 ], [ 4.404108018, 9.841888037 ], [ 4.427017947, 9.87000869 ], [ 4.435459373, 9.899828102 ], [ 4.434151648, 9.931768171 ], [ 4.427843888, 9.96615055 ], [ 4.419916779, 10.003182555 ], [ 4.411978582, 10.042949417 ], [ 4.404389558, 10.08541323 ], [ 4.39723181, 10.130418554 ], [ 4.391101785, 10.177704227 ], [ 4.417864047, 10.181163907 ], [ 4.445946908, 10.189891331 ], [ 4.476317662, 10.204571892 ], [ 4.509386401, 10.225257427 ], [ 4.544793736, 10.251215566 ], [ 4.581530515, 10.280925496 ], [ 4.613695682, 10.293529153 ], [ 4.645754883, 10.301503795 ], [ 4.677712392, 10.297165757 ], [ 4.709573674, 10.277034477 ], [ 4.741345311, 10.242928976 ], [ 4.773034916, 10.200885284 ], [ 4.804651029, 10.158377683 ], [ 4.836203006, 10.121095232 ], [ 4.867700903, 10.090704533 ], [ 4.899155342, 10.064538344 ], [ 4.920490621, 10.024262621 ], [ 4.941760897, 9.977942594 ], [ 4.963034133, 9.922561279 ], [ 4.984432915, 9.858191989 ], [ 5.006126387, 9.787882961 ], [ 5.028319338, 9.716455635 ], [ 5.05123898, 9.648840487 ], [ 5.075120086, 9.588690663 ], [ 5.100189249, 9.537785288 ], [ 5.126649043, 9.496294528 ], [ 5.114833799, 9.474187739 ], [ 5.111491345, 9.45320354 ], [ 5.112811115, 9.43366314 ], [ 5.113111751, 9.41588527 ], [ 5.10682179, 9.400147872 ], [ 5.090325803, 9.386650694 ], [ 5.062846041, 9.37548308 ], [ 5.026009033, 9.366600784 ], [ 4.982387905, 9.359814788 ], [ 4.93380499, 9.354793889 ], [ 4.880286765, 9.351081404 ], [ 4.820230378, 9.34812486 ], [ 4.751726162, 9.345316149 ], [ 4.674379411, 9.34203848 ], [ 4.590680735, 9.337715669 ], [ 4.506138126, 9.331858992 ], [ 4.427939551, 9.324106973 ], [ 4.362608367, 9.314254112 ], [ 4.313620364, 9.302265641 ] ] ] } },
{ "type": "Feature", "properties": { "legend_id": "L49", "name": "Clay and Shale with Limestone Intercalations", "legend_original": "Clay and Shale with Limestone Intercalations", "ngsa_code": "Imsh", "formation": "Imo Group (Imo Shale)", "age": "Lower Eocene", "province": "SE (Imo)", "seed_lon": 7.1, "seed_lat": 5.75, "fill_hex": "#A4F970" }, "geometry": { "type": "Polygon", "coordinates": [ [ [ 6.452757735, 5.995377621 ], [ 6.496600585, 6.017258548 ], [ 6.555017638, 5.997011865 ], [ 6.616049818, 5.984043203 ], [ 6.675801884, 5.979254196 ], [ 6.730697861, 5.982273417 ], [ 6.77863263, 5.991529804 ], [ 6.8197475, 6.004604864 ], [ 6.856538039, 6.018783606 ], [ 6.893211924, 6.031669598 ], [ 6.934461402, 6.041710188 ], [ 6.98401538, 6.04849982 ], [ 7.043420568, 6.052786821 ], [ 7.111438674, 6.056186766 ], [ 7.184256332, 6.060682396 ], [ 7.256448835, 6.068045174 ], [ 7.322402672, 6.079332007 ], [ 7.312602583, 6.054868399 ], [ 7.299119396, 6.035391224 ], [ 7.28379614, 6.018451911 ], [ 7.268578534, 6.000807189 ], [ 7.255317093, 5.979223307 ], [ 7.24557961, 5.951206364 ], [ 7.240496159, 5.915451543 ], [ 7.240655048, 5.871914257 ], [ 7.246062142, 5.821539829 ], [ 7.256168287, 5.76579802 ], [ 7.269961279, 5.70621785 ], [ 7.286110849, 5.644092549 ], [ 7.303148613, 5.580437351 ], [ 7.319660614, 5.516168915 ], [ 7.334468581, 5.452378553 ], [ 7.346777489, 5.390528848 ], [ 7.356271332, 5.332431448 ], [ 7.363145593, 5.279953075 ], [ 7.368072908, 5.234514071 ], [ 7.318925276, 5.247135536 ], [ 7.268801333, 5.266498355 ], [ 7.219389264, 5.290746026 ], [ 7.172299938, 5.318285222 ], [ 7.128804132, 5.348329121 ], [ 7.089645074, 5.380783523 ], [ 7.054956997, 5.415564537 ], [ 7.024297715, 5.451727134 ], [ 6.996779897, 5.486899025 ], [ 6.971266576, 5.517397778 ], [ 6.946585422, 5.539107429 ], [ 6.921715406, 5.548834037 ], [ 6.895908672, 5.545605989 ], [ 6.868727358, 5.531351888 ], [ 6.839995864, 5.510601605 ], [ 6.809689005, 5.489234067 ], [ 6.77779118, 5.472684706 ], [ 6.744167831, 5.464263237 ], [ 6.708486864, 5.464214977 ], [ 6.670215089, 5.469887013 ], [ 6.628696018, 5.476940039 ], [ 6.583294785, 5.481145737 ], [ 6.533578107, 5.480089226 ], [ 6.507411042, 5.49435184 ], [ 6.481009364, 5.506791649 ], [ 6.454364257, 5.522776916 ], [ 6.427467873, 5.547700594 ], [ 6.400313396, 5.585171033 ], [ 6.395398164, 5.610467439 ], [ 6.40862752, 5.650335183 ], [ 6.412292181, 5.691264597 ], [ 6.40923025, 5.733193779 ], [ 6.402469329, 5.776039849 ], [ 6.394411105, 5.819700402 ], [ 6.386562531, 5.864055422 ], [ 6.379812639, 5.908969595 ], [ 6.388152857, 5.930482769 ], [ 6.400705678, 5.952028989 ], [ 6.421105573, 5.973647461 ], [ 6.452757735, 5.995377621 ] ] ] } },
{ "type": "Feature", "properties": { "legend_id": "L50", "name": "Clay Clayey Sands and Shale", "legend_original": "Clay clayey sands and shale", "ngsa_code": "Issh", "formation": "Ilaro Formation", "age": "Upper Eocene", "province": "SW Dahomey (Ogun)", "seed_lon": 3.35, "seed_lat": 6.95, "fill_hex": "#8364E0" }, "geometry": { "type": "Polygon", "coordinates": [ [ [ 3.325918354, 6.860333171 ], [ 3.309670928, 6.844344661 ], [ 3.29494117, 6.827606384 ], [ 3.269480464, 6.877299306 ], [ 3.244504232, 6.912433944 ], [ 3.219934918, 6.933051437 ], [ 3.195732706, 6.942024599 ], [ 3.171914461, 6.944413496 ], [ 3.148565292, 6.946123681 ], [ 3.125841837, 6.952291064 ], [ 3.103967167, 6.965929318 ], [ 3.083217986, 6.987295192 ], [ 3.063905459, 7.0141798 ], [ 3.046351552, 7.04300876 ], [ 3.030863057, 7.070350011 ], [ 3.0177056, 7.094289564 ], [ 3.007079827, 7.115192668 ], [ 2.999101687, 7.135598338 ], [ 2.993788265, 7.159311999 ], [ 2.991050135, 7.190046564 ], [ 2.990690577, 7.230112291 ], [ 2.992411475, 7.279618777 ], [ 2.995825179, 7.336447953 ], [ 3.000471251, 7.396966635 ], [ 3.005836715, 7.457182486 ], [ 3.043949127, 7.405114637 ], [ 3.081410858, 7.353247251 ], [ 3.11823397, 7.308903888 ], [ 3.154440471, 7.277834052 ], [ 3.190061824, 7.261466575 ], [ 3.225138269, 7.256117585 ], [ 3.259717989, 7.25470108 ], [ 3.293856128, 7.250161198 ], [ 3.327613673, 7.238894513 ], [ 3.361056238, 7.22239135 ], [ 3.394252763, 7.206234803 ], [ 3.427274148, 7.196970838 ], [ 3.460191869, 7.198462982 ], [ 3.493076582, 7.209583253 ], [ 3.525996747, 7.224354333 ], [ 3.559017311, 7.234364464 ], [ 3.592198464, 7.232136253 ], [ 3.625594485, 7.213748151 ], [ 3.659252728, 7.179550424 ], [ 3.693212733, 7.132936493 ], [ 3.727505508, 7.078170528 ], [ 3.762152976, 7.018652549 ], [ 3.702620052, 7.00448438 ], [ 3.655731313, 6.990300575 ], [ 3.618081609, 6.976128375 ], [ 3.583267863, 6.961980504 ], [ 3.545557148, 6.947850992 ], [ 3.502760743, 6.933712231 ], [ 3.456964372, 6.919513433 ], [ 3.412969958, 6.905180626 ], [ 3.375505925, 6.890618195 ], [ 3.346820609, 6.875711889 ], [ 3.325918354, 6.860333171 ] ] ] } },
{ "type": "Feature", "properties": { "legend_id": "L51", "name": "Clay, Clayey Sands and Shale", "legend_original": "Clay, Clayey Sands and Shale", "ngsa_code": "Issh-var", "formation": "Ilaro Formation lateral (Dahomey Basin)", "age": "Upper Eocene", "province": "SW Dahomey west", "seed_lon": 3.05, "seed_lat": 6.85, "fill_hex": "#52F94A" }, "geometry": { "type": "Polygon", "coordinates": [ [ [ 3.194091143, 6.453169266 ], [ 3.16225743, 6.401638622 ], [ 3.125182444313331, 6.400148428115158 ], [ 3.116238074656186, 6.399788917761649 ], [ 3.07868581, 6.398279541 ], [ 3.0369, 6.3966 ], [ 3.0069, 6.3966 ], [ 2.9922, 6.3947 ], [ 2.9252, 6.3945 ], [ 2.87215, 6.39215 ], [ 2.854466667, 6.391366667 ], [ 2.8191, 6.3898 ], [ 2.7814, 6.384866667 ], [ 2.76255, 6.3824 ], [ 2.706, 6.375 ], [ 2.6998, 6.3752 ], [ 2.7015, 6.4118 ], [ 2.6992, 6.4316 ], [ 2.6988, 6.4588 ], [ 2.7046, 6.4598 ], [ 2.7045, 6.4637 ], [ 2.7115, 6.4706 ], [ 2.714, 6.4799 ], [ 2.7134, 6.4839 ], [ 2.7105, 6.4863 ], [ 2.7112, 6.4944 ], [ 2.702, 6.5002 ], [ 2.7003, 6.5083 ], [ 2.7015, 6.5123 ], [ 2.7068, 6.5204 ], [ 2.7232, 6.5326 ], [ 2.7262, 6.5401 ], [ 2.7326, 6.547 ], [ 2.7432, 6.5632 ], [ 2.7336, 6.591 ], [ 2.7282, 6.6241 ], [ 2.7323, 6.6304 ], [ 2.7323, 6.6372 ], [ 2.7483, 6.6617 ], [ 2.7521, 6.67 ], [ 2.7671, 6.6852 ], [ 2.7782, 6.6917 ], [ 2.78, 6.6952 ], [ 2.7802, 6.7235 ], [ 2.7838, 6.7316 ], [ 2.7845, 6.7415 ], [ 2.7869, 6.7502 ], [ 2.7823, 6.756 ], [ 2.7655, 6.7572 ], [ 2.7591, 6.756 ], [ 2.7481, 6.7595 ], [ 2.7326, 6.7689 ], [ 2.7291, 6.7723 ], [ 2.724, 6.7816 ], [ 2.7241, 6.7944 ], [ 2.7313, 6.8181 ], [ 2.7331, 6.8233 ], [ 2.7384, 6.8297 ], [ 2.7402, 6.8343 ], [ 2.7417, 6.8435 ], [ 2.7405, 6.8582 ], [ 2.7507, 6.8684 ], [ 2.7391, 6.8795 ], [ 2.7358, 6.8966 ], [ 2.7352, 6.9144 ], [ 2.7326, 6.9246 ], [ 2.7104, 6.9505 ], [ 2.7047, 6.9587 ], [ 2.7031, 6.9643 ], [ 2.7099, 6.9767 ], [ 2.7101, 6.9794 ], [ 2.7031, 6.9892 ], [ 2.72015, 7.00665 ], [ 2.7372, 7.0241 ], [ 2.74345, 7.05915 ], [ 2.7497, 7.0942 ], [ 2.74815, 7.12215 ], [ 2.7466, 7.1501 ], [ 2.74555, 7.19505 ], [ 2.7445, 7.24 ], [ 2.7337, 7.3333 ], [ 2.731766667, 7.377533333 ], [ 2.730799999385501, 7.399650014059302 ], [ 2.7279, 7.466 ], [ 2.72225, 7.5323 ], [ 2.720366667, 7.5544 ], [ 2.7166, 7.5986 ], [ 2.7391, 7.7547 ], [ 2.7428, 7.7828 ], [ 2.7431, 7.7964 ], [ 2.7422, 7.8086 ], [ 2.7403, 7.8136 ], [ 2.7125, 7.852 ], [ 2.7029, 7.865 ], [ 2.6953, 7.8824 ], [ 2.694876573140235, 7.886148111832738 ], [ 2.721973126, 7.853829219 ], [ 2.748927624, 7.821624903 ], [ 2.779054817, 7.787472427 ], [ 2.813799807, 7.750237124 ], [ 2.849855859, 7.710984052 ], [ 2.884320818, 7.670823303 ], [ 2.915381738, 7.630842137 ], [ 2.942192951, 7.591166557 ], [ 2.964790981, 7.550776203 ], [ 2.985236376, 7.507193432 ], [ 3.005836715, 7.457182486 ], [ 3.000471251, 7.396966635 ], [ 2.995825179, 7.336447953 ], [ 2.992411475, 7.279618777 ], [ 2.990690577, 7.230112291 ], [ 2.991050135, 7.190046564 ], [ 2.993788265, 7.159311999 ], [ 2.999101687, 7.135598338 ], [ 3.007079827, 7.115192668 ], [ 3.0177056, 7.094289564 ], [ 3.030863057, 7.070350011 ], [ 3.046351552, 7.04300876 ], [ 3.063905459, 7.0141798 ], [ 3.083217986, 6.987295192 ], [ 3.103967167, 6.965929318 ], [ 3.125841837, 6.952291064 ], [ 3.148565292, 6.946123681 ], [ 3.171914461, 6.944413496 ], [ 3.195732706, 6.942024599 ], [ 3.219934918, 6.933051437 ], [ 3.244504232, 6.912433944 ], [ 3.269480464, 6.877299306 ], [ 3.29494117, 6.827606384 ], [ 3.296371272, 6.776770377 ], [ 3.28970457, 6.700942534 ], [ 3.269768226, 6.613794689 ], [ 3.235576316, 6.527298973 ], [ 3.194091143, 6.453169266 ] ] ] } },
{ "type": "Feature", "properties": { "legend_id": "L52", "name": "Clays and Loose Sandstone", "legend_original": "Clays and loose sandstone", "ngsa_code": "Wcs", "formation": "Rima Group (Dukamaje/Wurno)", "age": "Senonian", "province": "NW (Kebbi)", "seed_lon": 4.65, "seed_lat": 11.55, "fill_hex": "#F94AD6" }, "geometry": { "type": "Polygon", "coordinates": [ [ [ 4.081952294, 11.552379525 ], [ 4.048259684, 11.574633016 ], [ 4.014678593, 11.589054123 ], [ 4.072520962, 11.612097345 ], [ 4.124393191, 11.634195067 ], [ 4.165273391, 11.655153594 ], [ 4.191783452, 11.674857873 ], [ 4.204243922, 11.69328584 ], [ 4.207185962, 11.710515938 ], [ 4.207954016, 11.726726984 ], [ 4.213968846, 11.742190207 ], [ 4.229894317, 11.757253902 ], [ 4.256023216, 11.772321775 ], [ 4.288626808, 11.787826535 ], [ 4.322078675, 11.804200754 ], [ 4.351725195, 11.821847183 ], [ 4.376142602, 11.841110838 ], [ 4.397750492, 11.862254977 ], [ 4.42157078, 11.885442842 ], [ 4.45281691, 11.910726531 ], [ 4.494527508, 11.938043848 ], [ 4.546370436, 11.967223293 ], [ 4.605101333, 11.997996739 ], [ 4.666306365, 12.030018726 ], [ 4.726432995, 12.062890773 ], [ 4.784029296, 12.096188744 ], [ 4.827178335, 12.119714079 ], [ 4.870663535, 12.139136033 ], [ 4.914658287, 12.150659125 ], [ 4.959266449, 12.153062471 ], [ 5.004504252, 12.146930691 ], [ 5.050290171, 12.133184911 ], [ 5.096444077, 12.111848258 ], [ 5.142696156, 12.081793733 ], [ 5.188705179, 12.041633479 ], [ 5.234084876, 11.991235934 ], [ 5.27843634, 11.932962231 ], [ 5.239888334, 11.885381178 ], [ 5.194672183, 11.83789642 ], [ 5.147214717, 11.790647538 ], [ 5.100830274, 11.743764907 ], [ 5.057244815, 11.697367105 ], [ 5.017097273, 11.651558587 ], [ 4.980892017, 11.606427688 ], [ 4.949686585, 11.562044994 ], [ 4.925017493, 11.518462104 ], [ 4.90806422, 11.475710836 ], [ 4.898553517, 11.433802856 ], [ 4.894135517, 11.39272977 ], [ 4.89078196, 11.352463654 ], [ 4.88424017, 11.312958013 ], [ 4.871979564, 11.274149154 ], [ 4.854701815, 11.235957924 ], [ 4.836562392, 11.19829179 ], [ 4.823770718, 11.1610472 ], [ 4.793566924, 11.16979025 ], [ 4.77107342, 11.182884223 ], [ 4.756050651, 11.199581813 ], [ 4.746425507, 11.218513808 ], [ 4.738566335, 11.238157651 ], [ 4.727962668, 11.257300805 ], [ 4.710150425, 11.275334216 ], [ 4.681653631, 11.292274363 ], [ 4.640705905, 11.308510256 ], [ 4.587571727, 11.324371426 ], [ 4.524393417, 11.339681061 ], [ 4.49049427, 11.387298341 ], [ 4.456504152, 11.42693335 ], [ 4.422442763, 11.453712977 ], [ 4.388329694, 11.464767734 ], [ 4.35418426, 11.46108865 ], [ 4.320025325, 11.448019718 ], [ 4.285871141, 11.433929745 ], [ 4.251739187, 11.427452398 ], [ 4.217646019, 11.434401996 ], [ 4.183607126, 11.455700478 ], [ 4.149636797, 11.487254341 ], [ 4.115748005, 11.521869178 ], [ 4.081952294, 11.552379525 ] ] ] } },
{ "type": "Feature", "properties": { "legend_id": "L53", "name": "Coal Sandstone and Shale", "legend_original": "Coal candstone and shale [candstone=sandstone]", "ngsa_code": "Mcst-var", "formation": "Mamu Formation lateral (coal measures)", "age": "Coniacian", "province": "SE (Ebonyi)", "seed_lon": 7.85, "seed_lat": 6.65, "fill_hex": "#F96F4A" }, "geometry": { "type": "Polygon", "coordinates": [ [ [ 8.018121539, 6.706752478 ], [ 8.047348051, 6.673341726 ], [ 7.998231591, 6.639178466 ], [ 7.946265569, 6.605626172 ], [ 7.900464303, 6.572628255 ], [ 7.867142368, 6.540102863 ], [ 7.847857062, 6.507944581 ], [ 7.839342657, 6.47602704 ], [ 7.835309771, 6.444206345 ], [ 7.801738202, 6.4417284 ], [ 7.763696875, 6.440075377 ], [ 7.720543838, 6.437891126 ], [ 7.673271055, 6.433784301 ], [ 7.649944239, 6.458178419 ], [ 7.626520887, 6.479258859 ], [ 7.603012388, 6.498613679 ], [ 7.579437844, 6.518883738 ], [ 7.555823621, 6.542631468 ], [ 7.532202697, 6.571157462 ], [ 7.508613838, 6.603852452 ], [ 7.485100608, 6.63843749 ], [ 7.461710245, 6.672034887 ], [ 7.492228793, 6.6935692 ], [ 7.518935233, 6.71484863 ], [ 7.544915686, 6.735927285 ], [ 7.574837632, 6.756866111 ], [ 7.613168701, 6.777730211 ], [ 7.662137958, 6.798586039 ], [ 7.720332898, 6.819498575 ], [ 7.782637378, 6.840528566 ], [ 7.841692219, 6.86172995 ], [ 7.871235026, 6.833151445 ], [ 7.900720203, 6.808787839 ], [ 7.930149441, 6.786952966 ], [ 7.959524641, 6.764290707 ], [ 7.988847904, 6.737800893 ], [ 8.018121539, 6.706752478 ] ] ] } },
{ "type": "Feature", "properties": { "legend_id": "L54", "name": "Coal, Sandstone and Shale", "legend_original": "Coal, Sandstone and Shale", "ngsa_code": "Mcst", "formation": "Mamu Formation (coal measures)", "age": "Coniacian", "province": "SE (Mamu)", "seed_lon": 7.55, "seed_lat": 6.45, "fill_hex": "#64E0A2" }, "geometry": { "type": "Polygon", "coordinates": [ [ [ 7.218646395, 6.383489124 ], [ 7.19160738, 6.417829064 ], [ 7.167618599, 6.450880449 ], [ 7.184838548, 6.476576822 ], [ 7.20887597, 6.502136888 ], [ 7.237460373, 6.527472538 ], [ 7.269468402, 6.552511604 ], [ 7.304806253, 6.577199822 ], [ 7.34340041, 6.601502083 ], [ 7.384128508, 6.625402952 ], [ 7.424538517, 6.648906416 ], [ 7.461710245, 6.672034887 ], [ 7.485100608, 6.63843749 ], [ 7.508613838, 6.603852452 ], [ 7.532202697, 6.571157462 ], [ 7.555823621, 6.542631468 ], [ 7.579437844, 6.518883738 ], [ 7.603012388, 6.498613679 ], [ 7.626520887, 6.479258859 ], [ 7.649944239, 6.458178419 ], [ 7.673271055, 6.433784301 ], [ 7.642010496, 6.40844031 ], [ 7.611189778, 6.383145565 ], [ 7.583380489, 6.357889826 ], [ 7.559779304, 6.332662668 ], [ 7.54043991, 6.307453516 ], [ 7.52506414, 6.282251692 ], [ 7.513755278, 6.257046446 ], [ 7.50718835, 6.231827 ], [ 7.482809493, 6.225048018 ], [ 7.462231089, 6.214348621 ], [ 7.445107501, 6.200674 ], [ 7.430204856, 6.185682411 ], [ 7.415410535, 6.171360984 ], [ 7.397990668, 6.159526676 ], [ 7.372768912, 6.190184558 ], [ 7.343612342, 6.226114559 ], [ 7.312114461, 6.265721699 ], [ 7.279874139, 6.306606943 ], [ 7.248332696, 6.346378708 ], [ 7.218646395, 6.383489124 ] ] ] } },
{ "type": "Feature", "properties": { "legend_id": "L55", "name": "Coal, Shale and Sandstone", "legend_original": "Coal, Shale and Sandstone", "ngsa_code": "Ncsh", "formation": "Nsukka Formation", "age": "Coniacian/Maastrichtian", "province": "SE (Nsukka)", "seed_lon": 7.65, "seed_lat": 6.95, "fill_hex": "#D3E043" }, "geometry": { "type": "Polygon", "coordinates": [ [ [ 7.778169065, 7.465038476 ], [ 7.8386204, 7.437108425 ], [ 7.816526772, 7.384642608 ], [ 7.795631467, 7.33465815 ], [ 7.779758678, 7.287618458 ], [ 7.771892772, 7.243435385 ], [ 7.773505018, 7.201511356 ], [ 7.78418296, 7.160902397 ], [ 7.801657011, 7.120558444 ], [ 7.822229147, 7.079579603 ], [ 7.841516008, 7.037424965 ], [ 7.855345421, 6.994024188 ], [ 7.860609196, 6.94976776 ], [ 7.855884836, 6.905382825 ], [ 7.841692219, 6.86172995 ], [ 7.782637378, 6.840528566 ], [ 7.720332898, 6.819498575 ], [ 7.662137958, 6.798586039 ], [ 7.613168701, 6.777730211 ], [ 7.574837632, 6.756866111 ], [ 7.544915686, 6.735927285 ], [ 7.518935233, 6.71484863 ], [ 7.492228793, 6.6935692 ], [ 7.461710245, 6.672034887 ], [ 7.437408781, 6.70396346 ], [ 7.413354713, 6.732643035 ], [ 7.389605944, 6.760867203 ], [ 7.366218257, 6.793165645 ], [ 7.343243592, 6.83380827 ], [ 7.320728381, 6.884723199 ], [ 7.298711998, 6.944307872 ], [ 7.277225355, 7.007733174 ], [ 7.256289677, 7.068665707 ], [ 7.235915499, 7.121677931 ], [ 7.216101907, 7.164289456 ], [ 7.196836035, 7.197741604 ], [ 7.178092852, 7.226179331 ], [ 7.159835233, 7.254632919 ], [ 7.142014315, 7.286722033 ], [ 7.12457014, 7.323103505 ], [ 7.107432576, 7.361313935 ], [ 7.090522471, 7.397002177 ], [ 7.073753057, 7.425919027 ], [ 7.057031531, 7.445724794 ], [ 7.040260807, 7.456822247 ], [ 7.080809989, 7.488052982 ], [ 7.12130831, 7.5191198 ], [ 7.162883204, 7.549906673 ], [ 7.203449701, 7.580303659 ], [ 7.23870352, 7.610210863 ], [ 7.264731185, 7.639541971 ], [ 7.280829225, 7.66822721 ], [ 7.310849984, 7.665274967 ], [ 7.339896401, 7.653284686 ], [ 7.369030318, 7.635432722 ], [ 7.399475282, 7.615801593 ], [ 7.4324596, 7.597808656 ], [ 7.469054927, 7.582949776 ], [ 7.510033362, 7.570385747 ], [ 7.555763152, 7.55753823 ], [ 7.606157166, 7.541426588 ], [ 7.660680475, 7.520157729 ], [ 7.718414749, 7.493918163 ], [ 7.778169065, 7.465038476 ] ] ] } },
{ "type": "Feature", "properties": { "legend_id": "L56", "name": "Coarse Porphyritic Hornblende Granite", "legend_original": "Coarse Porphyritic hornblende granite", "ngsa_code": "OGH", "formation": "Pan-African Older Granite Series", "age": "Pre-Cambrian", "province": "Central north (Katsina)", "seed_lon": 7.25, "seed_lat": 11.75, "fill_hex": "#2588F9" }, "geometry": { "type": "Polygon", "coordinates": [ [ [ 7.148151449, 11.368200376 ], [ 7.106968424, 11.383273318 ], [ 7.068269278, 11.397533397 ], [ 7.036221755, 11.438212074 ], [ 7.004196028, 11.479772638 ], [ 6.972178725, 11.521255818 ], [ 6.940155716, 11.559532344 ], [ 6.908112283, 11.590349483 ], [ 6.876033293, 11.610601446 ], [ 6.843903373, 11.6205571 ], [ 6.811707097, 11.624670536 ], [ 6.779429158, 11.630296881 ], [ 6.747054548, 11.644768859 ], [ 6.714568731, 11.672230373 ], [ 6.681957803, 11.711834412 ], [ 6.649208657, 11.758253306 ], [ 6.616309119, 11.804261396 ], [ 6.583248088, 11.844073597 ], [ 6.58135736, 11.861628557 ], [ 6.610465816, 11.895127067 ], [ 6.643607514, 11.928513984 ], [ 6.677558186, 11.961781157 ], [ 6.708761899, 11.994920585 ], [ 6.735989826, 12.027924468 ], [ 6.761988035, 12.060785255 ], [ 6.792864684, 12.093495699 ], [ 6.835209796, 12.126048898 ], [ 6.892301083, 12.158438348 ], [ 6.96143376, 12.19065799 ], [ 7.033983112, 12.222702251 ], [ 7.098447359, 12.254566088 ], [ 7.145141942, 12.286245034 ], [ 7.170285878, 12.317735229 ], [ 7.177462327, 12.349033461 ], [ 7.175741092, 12.380137199 ], [ 7.175431637, 12.411044621 ], [ 7.183597572, 12.441754642 ], [ 7.201499402, 12.472266941 ], [ 7.225049102, 12.502581977 ], [ 7.247768811, 12.532701006 ], [ 7.264513715, 12.562626097 ], [ 7.273987697, 12.59236014 ], [ 7.278917731, 12.621906848 ], [ 7.284135156, 12.651270762 ], [ 7.29393559, 12.680457246 ], [ 7.310335178, 12.70947248 ], [ 7.333120563, 12.738323451 ], [ 7.349529412, 12.718039139 ], [ 7.366949421, 12.687546982 ], [ 7.385191813, 12.646765224 ], [ 7.404124644, 12.598437992 ], [ 7.423673293, 12.546911349 ], [ 7.443814238, 12.496557056 ], [ 7.464563487, 12.450438602 ], [ 7.485961352, 12.409653684 ], [ 7.508055491, 12.373474028 ], [ 7.530884054, 12.340075946 ], [ 7.554460587, 12.307449397 ], [ 7.57876197, 12.274066078 ], [ 7.603720254, 12.239065221 ], [ 7.62921876, 12.201986493 ], [ 7.655092391, 12.162312756 ], [ 7.681131719, 12.119173522 ], [ 7.707090167, 12.071463827 ], [ 7.732693432, 12.018400372 ], [ 7.757650298, 11.960278755 ], [ 7.781664042, 11.899038343 ], [ 7.804443794, 11.838267587 ], [ 7.825715397, 11.78249348 ], [ 7.809784152, 11.747898075 ], [ 7.789488891, 11.713536558 ], [ 7.765688185, 11.679416142 ], [ 7.737591701, 11.645541664 ], [ 7.703303505, 11.611915572 ], [ 7.661283165, 11.578537955 ], [ 7.611904258, 11.54540659 ], [ 7.558196109, 11.512517019 ], [ 7.505246276, 11.479862653 ], [ 7.458427581, 11.447434892 ], [ 7.421248932, 11.415223271 ], [ 7.393885109, 11.383215617 ], [ 7.373171237, 11.35139822 ], [ 7.354166814, 11.31975602 ], [ 7.315426629, 11.31923361 ], [ 7.275133085, 11.325815792 ], [ 7.233351245, 11.337726572 ], [ 7.190684058, 11.352577819 ], [ 7.148151449, 11.368200376 ] ] ] } },
{ "type": "Feature", "properties": { "legend_id": "L57", "name": "Coarse Porphyritic Porphyroblastic Mica Granite", "legend_original": "Coarse porphyritic porphyroblastic mica granite", "ngsa_code": "OGm-var", "formation": "Pan-African Older Granite Series", "age": "Pre-Cambrian", "province": "Central NW (Zamfara)", "seed_lon": 6.45, "seed_lat": 12.45, "fill_hex": "#C2E064" }, "geometry": { "type": "Polygon", "coordinates": [ [ [ 6.643607514, 11.928513984 ], [ 6.610465816, 11.895127067 ], [ 6.58135736, 11.861628557 ], [ 6.545161807, 11.886392619 ], [ 6.508675603, 11.906534315 ], [ 6.471826531, 11.926471168 ], [ 6.434546491, 11.949352264 ], [ 6.396774584, 11.975242913 ], [ 6.358460027, 12.001137093 ], [ 6.319564795, 12.022726136 ], [ 6.280065861, 12.03690511 ], [ 6.239956921, 12.04362462 ], [ 6.19924953, 12.046087899 ], [ 6.157973577, 12.049224592 ], [ 6.116177055, 12.057324617 ], [ 6.073925128, 12.072163468 ], [ 6.031298495, 12.092651073 ], [ 5.98839111, 12.116160999 ], [ 5.945307327, 12.140734679 ], [ 5.902158571, 12.16684374 ], [ 5.934395263, 12.206844813 ], [ 5.96891518, 12.24767858 ], [ 6.002392864, 12.289402485 ], [ 6.03348524, 12.332050056 ], [ 6.062447473, 12.375628223 ], [ 6.09008027, 12.420115529 ], [ 6.11677671, 12.465461318 ], [ 6.142274459, 12.511585958 ], [ 6.166223591, 12.558382112 ], [ 6.189135182, 12.605717038 ], [ 6.212987916, 12.653435853 ], [ 6.24090784, 12.701365679 ], [ 6.275840946, 12.749320525 ], [ 6.318749178, 12.797106768 ], [ 6.367247237, 12.844529033 ], [ 6.415529485, 12.891396298 ], [ 6.455906641, 12.937527988 ], [ 6.481511845, 12.982759875 ], [ 6.489108981, 13.026949557 ], [ 6.480763434, 13.069981321 ], [ 6.463533897, 13.111770226 ], [ 6.447160794, 13.152265243 ], [ 6.440603073, 13.191451319 ], [ 6.448809513, 13.229350307 ], [ 6.471048746, 13.266020678 ], [ 6.501478942, 13.301556036 ], [ 6.530884529, 13.334897818 ], [ 6.545771829, 13.359001953 ], [ 6.547071558, 13.377657211 ], [ 6.548042643, 13.397226842 ], [ 6.5594673, 13.423054323 ], [ 6.578810445, 13.457620889 ], [ 6.600955222, 13.435510445 ], [ 6.6231, 13.4134 ], [ 6.6531, 13.3709 ], [ 6.68285, 13.3412 ], [ 6.7126, 13.3115 ], [ 6.7354, 13.2818 ], [ 6.7442, 13.2644 ], [ 6.7483, 13.2493 ], [ 6.7531, 13.207 ], [ 6.77295, 13.16965 ], [ 6.7928, 13.1323 ], [ 6.8064, 13.1081 ], [ 6.891, 13.034166666666666 ], [ 6.9333, 12.9972 ], [ 6.972633333, 12.996633333 ], [ 6.9923, 12.99635 ], [ 7.0513, 12.9955 ], [ 7.0906, 12.9953 ], [ 7.1475, 13.0428 ], [ 7.1884, 13.0922 ], [ 7.20365, 13.1089 ], [ 7.2189, 13.1256 ], [ 7.2301, 13.1254 ], [ 7.2642, 13.1186 ], [ 7.3027, 13.1123 ], [ 7.3412, 13.106 ], [ 7.3797, 13.0997 ], [ 7.41452116, 13.119946179 ], [ 7.44934232, 13.140192358 ], [ 7.469029868429547, 13.151639353467994 ], [ 7.518984638981813, 13.18068471680213 ], [ 7.514273457, 13.129429618 ], [ 7.512251091, 13.065813344 ], [ 7.501365136, 12.997148727 ], [ 7.476286232, 12.931700202 ], [ 7.440319992, 12.876574651 ], [ 7.402700423, 12.835454727 ], [ 7.374560082, 12.808759037 ], [ 7.355492304, 12.786167045 ], [ 7.342064054, 12.763113092 ], [ 7.333120563, 12.738323451 ], [ 7.310335178, 12.70947248 ], [ 7.29393559, 12.680457246 ], [ 7.284135156, 12.651270762 ], [ 7.278917731, 12.621906848 ], [ 7.273987697, 12.59236014 ], [ 7.264513715, 12.562626097 ], [ 7.247768811, 12.532701006 ], [ 7.225049102, 12.502581977 ], [ 7.201499402, 12.472266941 ], [ 7.183597572, 12.441754642 ], [ 7.175431637, 12.411044621 ], [ 7.175741092, 12.380137199 ], [ 7.177462327, 12.349033461 ], [ 7.170285878, 12.317735229 ], [ 7.145141942, 12.286245034 ], [ 7.098447359, 12.254566088 ], [ 7.033983112, 12.222702251 ], [ 6.96143376, 12.19065799 ], [ 6.892301083, 12.158438348 ], [ 6.835209796, 12.126048898 ], [ 6.792864684, 12.093495699 ], [ 6.761988035, 12.060785255 ], [ 6.735989826, 12.027924468 ], [ 6.708761899, 11.994920585 ], [ 6.677558186, 11.961781157 ], [ 6.643607514, 11.928513984 ] ] ] } },
{ "type": "Feature", "properties": { "legend_id": "L58", "name": "Coarse Porphyritic Biotite and Biotite-Muscovite Granite", "legend_original": "Coarse, Porphyritic biotite and biotite muscovite granite", "ngsa_code": "OSq", "formation": "Pan-African Older Granite Series", "age": "Pre-Cambrian", "province": "Central north (Jigawa)", "seed_lon": 8.15, "seed_lat": 12.05, "fill_hex": "#F04AF9" }, "geometry": { "type": "Polygon", "coordinates": [ [ [ 9.221332829, 12.486192492 ], [ 9.205901214, 12.450152506 ], [ 9.173600032, 12.422215412 ], [ 9.148572368, 12.39427849 ], [ 9.129495786, 12.366295831 ], [ 9.113064832, 12.338220741 ], [ 9.088215881, 12.3124978 ], [ 9.058585788, 12.286714914 ], [ 9.023182952, 12.260863065 ], [ 8.982755392, 12.234933342 ], [ 8.938214126, 12.208916958 ], [ 8.889492618, 12.182805266 ], [ 8.835705362, 12.156589784 ], [ 8.776535741, 12.130262209 ], [ 8.713882981, 12.103814436 ], [ 8.652492434, 12.077238577 ], [ 8.598798778, 12.05052698 ], [ 8.558264895, 12.023672239 ], [ 8.532498465, 11.996667219 ], [ 8.517771804, 11.969505064 ], [ 8.506002966, 11.942179216 ], [ 8.488029808, 11.914683428 ], [ 8.457761461, 11.887011779 ], [ 8.415206895, 11.859158683 ], [ 8.359370982, 11.847008357 ], [ 8.305657322, 11.830764516 ], [ 8.259522499, 11.811250557 ], [ 8.22467026, 11.789601387 ], [ 8.201925638, 11.767114455 ], [ 8.174434852, 11.760607074 ], [ 8.148603257, 11.760362679 ], [ 8.123810727, 11.767406342 ], [ 8.099404269, 11.779033567 ], [ 8.074746175, 11.790095915 ], [ 8.049259939, 11.795327928 ], [ 8.022470219, 11.791750983 ], [ 7.994033665, 11.780142435 ], [ 7.963758225, 11.764954494 ], [ 7.931609514, 11.752731506 ], [ 7.897703941, 11.749709643 ], [ 7.862289404, 11.759607648 ], [ 7.825715397, 11.78249348 ], [ 7.804443794, 11.838267587 ], [ 7.781664042, 11.899038343 ], [ 7.757650298, 11.960278755 ], [ 7.732693432, 12.018400372 ], [ 7.707090167, 12.071463827 ], [ 7.681131719, 12.119173522 ], [ 7.655092391, 12.162312756 ], [ 7.62921876, 12.201986493 ], [ 7.603720254, 12.239065221 ], [ 7.57876197, 12.274066078 ], [ 7.554460587, 12.307449397 ], [ 7.530884054, 12.340075946 ], [ 7.508055491, 12.373474028 ], [ 7.485961352, 12.409653684 ], [ 7.464563487, 12.450438602 ], [ 7.443814238, 12.496557056 ], [ 7.423673293, 12.546911349 ], [ 7.404124644, 12.598437992 ], [ 7.385191813, 12.646765224 ], [ 7.366949421, 12.687546982 ], [ 7.349529412, 12.718039139 ], [ 7.333120563, 12.738323451 ], [ 7.342064054, 12.763113092 ], [ 7.355492304, 12.786167045 ], [ 7.374560082, 12.808759037 ], [ 7.402700423, 12.835454727 ], [ 7.440319992, 12.876574651 ], [ 7.476286232, 12.931700202 ], [ 7.501365136, 12.997148727 ], [ 7.512251091, 13.065813344 ], [ 7.514273457, 13.129429618 ], [ 7.518984638981813, 13.18068471680213 ], [ 7.572792263492149, 13.211970257437617 ], [ 7.586070784, 13.21969083 ], [ 7.616647422233163, 13.237469103806578 ], [ 7.622339276053625, 13.240778536728248 ], [ 7.653156928, 13.258696943 ], [ 7.6867, 13.2782 ], [ 7.726, 13.2972 ], [ 7.7589, 13.3104 ], [ 7.7784, 13.3229 ], [ 7.7961, 13.3373 ], [ 7.8197, 13.3523 ], [ 7.86388, 13.3461 ], [ 7.90806, 13.3399 ], [ 7.95224, 13.3337 ], [ 7.99642, 13.3275 ], [ 8.0406, 13.3213 ], [ 8.1222, 13.3036 ], [ 8.1306, 13.2908 ], [ 8.1414, 13.2806 ], [ 8.169633333, 13.2616 ], [ 8.183750037614388, 13.252099974686894 ], [ 8.2261, 13.2236 ], [ 8.2358, 13.2192 ], [ 8.2515, 13.2176 ], [ 8.2872, 13.1983 ], [ 8.351, 13.1382 ], [ 8.4086, 13.0883 ], [ 8.4492, 13.0781 ], [ 8.4711, 13.0839 ], [ 8.4975, 13.0858 ], [ 8.5164, 13.0836 ], [ 8.5419, 13.075 ], [ 8.5643, 13.0599 ], [ 8.615, 13.0219 ], [ 8.6289, 13.0063 ], [ 8.64625, 12.9748 ], [ 8.6636, 12.9433 ], [ 8.742426782310496, 12.919592493797564 ], [ 8.746914286, 12.918242857 ], [ 8.751943554347806, 12.916730282180033 ], [ 8.809399941961544, 12.899450017455324 ], [ 8.830228571, 12.893185714 ], [ 8.866856608279402, 12.882169668909111 ], [ 8.876373077665024, 12.879307548315424 ], [ 8.913542857, 12.868128571 ], [ 8.9552, 12.8556 ], [ 8.9639, 12.8452 ], [ 8.9775, 12.8375 ], [ 8.9842, 12.8358 ], [ 8.9886, 12.8363 ], [ 8.9959, 12.8401 ], [ 9.0034, 12.8404 ], [ 9.017, 12.8455 ], [ 9.0409, 12.8461 ], [ 9.0575, 12.8452 ], [ 9.0817, 12.8342 ], [ 9.0891, 12.8352 ], [ 9.1289, 12.8331 ], [ 9.148171403, 12.833542629 ], [ 9.145534963, 12.79958416 ], [ 9.149501569, 12.777078241 ], [ 9.166303205, 12.758960325 ], [ 9.196517595, 12.738457753 ], [ 9.228243726, 12.709294224 ], [ 9.246044634, 12.670085843 ], [ 9.255839824, 12.631473378 ], [ 9.257009847, 12.594078262 ], [ 9.250059594, 12.557664571 ], [ 9.237131038, 12.52185783 ], [ 9.221332829, 12.486192492 ] ] ] } },
{ "type": "Feature", "properties": { "legend_id": "L59", "name": "Dolerite", "legend_original": "Dolerite", "ngsa_code": "D", "formation": "Pan-African Older Granite Series (dykes)", "age": "Pre-Cambrian", "province": "Central (Niger)", "seed_lon": 6.55, "seed_lat": 10.35, "fill_hex": "#F9C54A" }, "geometry": { "type": "Polygon", "coordinates": [ [ [ 7.146287935, 10.493303433 ], [ 7.175574792, 10.456745192 ], [ 7.135272091, 10.418645047 ], [ 7.095509858, 10.380471718 ], [ 7.058466153, 10.342237644 ], [ 7.025045697, 10.303955179 ], [ 6.9944806, 10.265636555 ], [ 6.965269173, 10.22729383 ], [ 6.936715362, 10.188938847 ], [ 6.909913194, 10.150583189 ], [ 6.887336851, 10.112238141 ], [ 6.871072721, 10.073914651 ], [ 6.860654548, 10.03562329 ], [ 6.851877724, 9.997374223 ], [ 6.837587248, 9.959177173 ], [ 6.801340884, 9.939408368 ], [ 6.751706904, 9.918707074 ], [ 6.689497706, 9.897347355 ], [ 6.61972773, 9.875617727 ], [ 6.550374165, 9.85380062 ], [ 6.48990306, 9.832152527 ], [ 6.44446119, 9.810886302 ], [ 6.415807869, 9.790156929 ], [ 6.400787794, 9.770051788 ], [ 6.392536012, 9.750586158 ], [ 6.364169806, 9.775749302 ], [ 6.334705451, 9.799616461 ], [ 6.303649447, 9.818538098 ], [ 6.270696448, 9.83041514 ], [ 6.235742432, 9.836091892 ], [ 6.198878929, 9.839306811 ], [ 6.160369211, 9.845134867 ], [ 6.120609042, 9.85762042 ], [ 6.080076009, 9.877733909 ], [ 6.039272493, 9.902665493 ], [ 5.998667886, 9.926846004 ], [ 5.99202341, 9.970597829 ], [ 5.982569463, 10.007061805 ], [ 5.970235605, 10.036096134 ], [ 5.955126112, 10.059476944 ], [ 5.937562297, 10.080480236 ], [ 5.918097237, 10.103049505 ], [ 5.897493562, 10.130792658 ], [ 5.876661571, 10.166096598 ], [ 5.856562804, 10.20960517 ], [ 5.838091795, 10.260191061 ], [ 5.821954544, 10.315401959 ], [ 5.808564931, 10.372223016 ], [ 5.797979175, 10.427913636 ], [ 5.789883348, 10.480670704 ], [ 5.783640681, 10.529941046 ], [ 5.778395191, 10.576327391 ], [ 5.773217792, 10.621163404 ], [ 5.767272482, 10.665931699 ], [ 5.793839098, 10.70274284 ], [ 5.816724689, 10.739192909 ], [ 5.836749903, 10.775322384 ], [ 5.85750521, 10.811175079 ], [ 5.883646288, 10.846797364 ], [ 5.918407909, 10.88223737 ], [ 5.961573901, 10.917544164 ], [ 6.01610577, 10.908739857 ], [ 6.070239529, 10.905430288 ], [ 6.123067732, 10.905437048 ], [ 6.173788462, 10.904969506 ], [ 6.221844807, 10.900054479 ], [ 6.267031047, 10.888141446 ], [ 6.309544949, 10.869174183 ], [ 6.349974661, 10.845645052 ], [ 6.389220069, 10.821595478 ], [ 6.428360276, 10.800993451 ], [ 6.46848875, 10.786194657 ], [ 6.510544016, 10.777152853 ], [ 6.555165222, 10.771705743 ], [ 6.60259813, 10.76677876 ], [ 6.652668702, 10.759939831 ], [ 6.704829795, 10.750588735 ], [ 6.758273605, 10.740241505 ], [ 6.788569159, 10.713661823 ], [ 6.818796457, 10.692365522 ], [ 6.848953322, 10.677628767 ], [ 6.879037734, 10.668064998 ], [ 6.909047834, 10.660128837 ], [ 6.938981931, 10.649775366 ], [ 6.968838507, 10.634373185 ], [ 6.998616221, 10.613822883 ], [ 7.028313917, 10.590250967 ], [ 7.057930621, 10.566416148 ], [ 7.087465553, 10.543676129 ], [ 7.116918123, 10.520638622 ], [ 7.146287935, 10.493303433 ] ] ] } },
{ "type": "Feature", "properties": { "legend_id": "L60", "name": "False-Bedded Sandstone", "legend_original": "False - Bedded Sandstone", "ngsa_code": "Ajst", "formation": "Ajali Formation", "age": "Coniacian/Maastrichtian", "province": "SE Anambra (Enugu)", "seed_lon": 7.35, "seed_lat": 6.75, "fill_hex": "#70C6F9" }, "geometry": { "type": "Polygon", "coordinates": [ [ [ 6.612030608, 7.186760069 ], [ 6.598678518, 7.208545631 ], [ 6.621911691, 7.232177034 ], [ 6.649686085, 7.255953511 ], [ 6.684089056, 7.27988375 ], [ 6.725629237, 7.303975348 ], [ 6.782538448, 7.32773461 ], [ 6.841420491, 7.352422659 ], [ 6.898531334, 7.377955366 ], [ 6.951041189, 7.404111807 ], [ 6.99795228, 7.430547198 ], [ 7.040260807, 7.456822247 ], [ 7.057031531, 7.445724794 ], [ 7.073753057, 7.425919027 ], [ 7.090522471, 7.397002177 ], [ 7.107432576, 7.361313935 ], [ 7.12457014, 7.323103505 ], [ 7.142014315, 7.286722033 ], [ 7.159835233, 7.254632919 ], [ 7.178092852, 7.226179331 ], [ 7.196836035, 7.197741604 ], [ 7.216101907, 7.164289456 ], [ 7.235915499, 7.121677931 ], [ 7.256289677, 7.068665707 ], [ 7.277225355, 7.007733174 ], [ 7.298711998, 6.944307872 ], [ 7.320728381, 6.884723199 ], [ 7.343243592, 6.83380827 ], [ 7.366218257, 6.793165645 ], [ 7.389605944, 6.760867203 ], [ 7.413354713, 6.732643035 ], [ 7.437408781, 6.70396346 ], [ 7.461710245, 6.672034887 ], [ 7.424538517, 6.648906416 ], [ 7.384128508, 6.625402952 ], [ 7.34340041, 6.601502083 ], [ 7.304806253, 6.577199822 ], [ 7.269468402, 6.552511604 ], [ 7.237460373, 6.527472538 ], [ 7.20887597, 6.502136888 ], [ 7.184838548, 6.476576822 ], [ 7.167618599, 6.450880449 ], [ 7.135257984, 6.467889077 ], [ 7.103172168, 6.493046447 ], [ 7.071361161, 6.531212032 ], [ 7.039822078, 6.583171239 ], [ 7.008549104, 6.644865893 ], [ 6.977533504, 6.708748576 ], [ 6.946763682, 6.766634199 ], [ 6.916225291, 6.812718665 ], [ 6.885901387, 6.845397501 ], [ 6.855772625, 6.867150483 ], [ 6.825817499, 6.882723832 ], [ 6.796012611, 6.896640702 ], [ 6.76434081, 6.927966542 ], [ 6.736863828, 6.96102926 ], [ 6.71365642, 6.995079547 ], [ 6.694307109, 7.028718218 ], [ 6.67804314, 7.060580949 ], [ 6.663896618, 7.089864372 ], [ 6.650886814, 7.116519393 ], [ 6.63819219, 7.14108951 ], [ 6.625287968, 7.164321015 ], [ 6.612030608, 7.186760069 ] ] ] } },
{ "type": "Feature", "properties": { "legend_id": "L61", "name": "Feldspathic Sandstone and Siltstone", "legend_original": "Feldspathic sandstone and siltstone", "ngsa_code": "NPss", "formation": "Nupe Formation (Nupe Group)", "age": "Turonian pre-Maastrichtian", "province": "Bida Basin (large)", "seed_lon": 6.05, "seed_lat": 9.15, "fill_hex": "#F92587" }, "geometry": { "type": "Polygon", "coordinates": [ [ [ 5.403669763, 9.547258022 ], [ 5.398796824, 9.57659034 ], [ 5.426452455, 9.607051312 ], [ 5.45511271, 9.637001078 ], [ 5.488985137, 9.66638963 ], [ 5.532137047, 9.695176198 ], [ 5.585960235, 9.723331171 ], [ 5.648066716, 9.750837704 ], [ 5.713167981, 9.777692939 ], [ 5.775407248, 9.80390879 ], [ 5.830846481, 9.829512252 ], [ 5.878768173, 9.85454522 ], [ 5.92114774, 9.879063812 ], [ 5.960694458, 9.9031372 ], [ 5.998667886, 9.926846004 ], [ 6.039272493, 9.902665493 ], [ 6.080076009, 9.877733909 ], [ 6.120609042, 9.85762042 ], [ 6.160369211, 9.845134867 ], [ 6.198878929, 9.839306811 ], [ 6.235742432, 9.836091892 ], [ 6.270696448, 9.83041514 ], [ 6.303649447, 9.818538098 ], [ 6.334705451, 9.799616461 ], [ 6.364169806, 9.775749302 ], [ 6.392536012, 9.750586158 ], [ 6.419132431, 9.696583043 ], [ 6.443460459, 9.644358381 ], [ 6.463853857, 9.594025355 ], [ 6.479127472, 9.544740331 ], [ 6.488700899, 9.495187226 ], [ 6.492637464, 9.444194325 ], [ 6.49159744, 9.391228297 ], [ 6.486716644, 9.336568678 ], [ 6.479431577, 9.281101104 ], [ 6.471278644, 9.22582626 ], [ 6.463697081, 9.171302193 ], [ 6.457862694, 9.1172725 ], [ 6.454573238, 9.062666577 ], [ 6.454197237, 9.006013704 ], [ 6.456687846, 8.946143649 ], [ 6.461653668, 8.882917252 ], [ 6.468470641, 8.817692592 ], [ 6.476414333, 8.753304742 ], [ 6.484790816, 8.693498512 ], [ 6.493046536, 8.641948682 ], [ 6.457172145, 8.615482661 ], [ 6.420640651, 8.589340276 ], [ 6.385482577, 8.563501516 ], [ 6.353126661, 8.537944269 ], [ 6.323794885, 8.512644745 ], [ 6.29689859, 8.487577934 ], [ 6.272135406, 8.462718063 ], [ 6.250528838, 8.438039074 ], [ 6.225825979, 8.434745122 ], [ 6.206207456, 8.432634033 ], [ 6.193104301, 8.431243748 ], [ 6.163671343, 8.474711 ], [ 6.134969727, 8.519323013 ], [ 6.106986271, 8.56441592 ], [ 6.079689924, 8.609835486 ], [ 6.05303189, 8.654596672 ], [ 6.026946271, 8.696250255 ], [ 6.001351212, 8.731499749 ], [ 5.976150521, 8.757838488 ], [ 5.951235718, 8.7753044 ], [ 5.926488465, 8.787267771 ], [ 5.901783307, 8.799601876 ], [ 5.876990645, 8.818426694 ], [ 5.851979865, 8.847419871 ], [ 5.826622525, 8.886016409 ], [ 5.800795516, 8.929467978 ], [ 5.774384101, 8.970856073 ], [ 5.747284745, 9.004184494 ], [ 5.719407654, 9.027110553 ], [ 5.690678944, 9.042009962 ], [ 5.661042384, 9.05485284 ], [ 5.628042796, 9.095718283 ], [ 5.58781431, 9.140889281 ], [ 5.545253093, 9.191085617 ], [ 5.505056057, 9.245790459 ], [ 5.470859632, 9.303338277 ], [ 5.444657708, 9.361248167 ], [ 5.426625439, 9.416727076 ], [ 5.415374598, 9.46723255 ], [ 5.408559769, 9.510975152 ], [ 5.403669763, 9.547258022 ] ] ] } },
{ "type": "Feature", "properties": { "legend_id": "L62", "name": "Feldspathic Sandstone, Calcareous Sandstone and Shelly Limestone", "legend_original": "Feldspathic sandstone calcareous sandstone and shelly limestone", "ngsa_code": "Bss", "formation": "Bima Formation", "age": "Albian", "province": "Upper Benue (Bima)", "seed_lon": 11.35, "seed_lat": 9.55, "fill_hex": "#4385E0" }, "geometry": { "type": "Polygon", "coordinates": [ [ [ 11.928302155, 10.12018967 ], [ 11.978817179, 10.089647802 ], [ 12.028576988, 10.048491901 ], [ 12.077175238, 10.001864605 ], [ 12.12424576, 9.955161598 ], [ 12.169491722, 9.911981807 ], [ 12.12514506, 9.861466448 ], [ 12.071646111, 9.811103598 ], [ 12.017326145, 9.761026137 ], [ 11.968138152, 9.711361264 ], [ 11.925750173, 9.66222688 ], [ 11.887813705, 9.613728115 ], [ 11.850128982, 9.565954108 ], [ 11.809541508, 9.518975181 ], [ 11.766111206, 9.472840511 ], [ 11.723520795, 9.42757641 ], [ 11.6876004, 9.383185292 ], [ 11.66377433, 9.339645397 ], [ 11.654722498, 9.296911297 ], [ 11.659368694, 9.254915206 ], [ 11.673580276, 9.213569069 ], [ 11.692081847, 9.17276739 ], [ 11.710507954, 9.132390716 ], [ 11.726533741, 9.092309678 ], [ 11.739598261, 9.052389479 ], [ 11.749548771, 9.012494667 ], [ 11.755141876, 8.972494054 ], [ 11.724427196, 8.978574158 ], [ 11.692504741, 8.985176241 ], [ 11.658170755, 8.99265087 ], [ 11.620190991, 9.002968739 ], [ 11.577522182, 9.019255581 ], [ 11.529512381, 9.04447606 ], [ 11.476045705, 9.079807058 ], [ 11.417606185, 9.123455094 ], [ 11.355248805, 9.17054292 ], [ 11.290481205, 9.214260215 ], [ 11.225074261, 9.247926665 ], [ 11.160831336, 9.267195306 ], [ 11.099352581, 9.271522541 ], [ 11.041831074, 9.264302559 ], [ 10.988911933, 9.251597318 ], [ 10.940634811, 9.239961198 ], [ 10.896466248, 9.234217811 ], [ 10.855413717, 9.236043336 ], [ 10.816200231, 9.24385267 ], [ 10.777469337, 9.253932858 ], [ 10.737986581, 9.262264855 ], [ 10.696805651, 9.266234445 ], [ 10.653374759, 9.265548297 ], [ 10.607570144, 9.262073622 ], [ 10.605439287, 9.289805412 ], [ 10.600866566, 9.318190411 ], [ 10.637577994, 9.34296248 ], [ 10.670511498, 9.368821889 ], [ 10.706616565, 9.395632692 ], [ 10.753394343, 9.423193804 ], [ 10.815366828, 9.45125374 ], [ 10.891399753, 9.479530564 ], [ 10.974248491, 9.507735272 ], [ 11.052721156, 9.535596485 ], [ 11.1156384, 9.562884159 ], [ 11.155911716, 9.589430104 ], [ 11.172989094, 9.615143327 ], [ 11.172669441, 9.640018691 ], [ 11.16449593, 9.664137931 ], [ 11.158011769, 9.687662778 ], [ 11.159585055, 9.710820632 ], [ 11.171102427, 9.733883902 ], [ 11.190832673, 9.757144741 ], [ 11.21569666, 9.780887297 ], [ 11.243585168, 9.805359916 ], [ 11.27451347, 9.830749714 ], [ 11.310166572, 9.857161813 ], [ 11.352329971, 9.88460513 ], [ 11.401300694, 9.912986076 ], [ 11.455318175, 9.942110857 ], [ 11.511396782, 9.971696313 ], [ 11.567066212, 10.00138853 ], [ 11.621934995, 10.030787747 ], [ 11.678030507, 10.059477559 ], [ 11.738531702, 10.087056024 ], [ 11.805443426, 10.113166086 ], [ 11.87744757, 10.137522819 ], [ 11.928302155, 10.12018967 ] ] ] } },
{ "type": "Feature", "properties": { "legend_id": "L63", "name": "Fine-Grained Biotite Granite", "legend_original": "Fine-grained biotite granite", "ngsa_code": "OGf", "formation": "Pan-African Older Granite Series", "age": "Pre-Cambrian", "province": "Central NE (Jigawa/Bauchi)", "seed_lon": 9.15, "seed_lat": 11.35, "fill_hex": "#21E09E" }, "geometry": { "type": "Polygon", "coordinates": [ [ [ 9.889844745, 11.136522318 ], [ 9.906363268, 11.099413411 ], [ 9.922927676, 11.068535729 ], [ 9.909008352, 11.036044391 ], [ 9.898299905, 11.005486306 ], [ 9.892405004, 10.976427333 ], [ 9.892094283, 10.948316795 ], [ 9.897147893, 10.920493817 ], [ 9.906407753, 10.892208719 ], [ 9.918021346, 10.862663398 ], [ 9.886014988, 10.846057958 ], [ 9.848327398, 10.828643837 ], [ 9.804643531, 10.810865643 ], [ 9.756604631, 10.792910602 ], [ 9.707002471, 10.774856915 ], [ 9.658553824, 10.756869114 ], [ 9.612749519, 10.739374109 ], [ 9.569245439, 10.723155913 ], [ 9.526050172, 10.70932833 ], [ 9.48044717, 10.699177789 ], [ 9.430291618, 10.693904671 ], [ 9.375160734, 10.694321734 ], [ 9.316876685, 10.700584589 ], [ 9.259151136, 10.71202705 ], [ 9.206433952, 10.72715357 ], [ 9.168119914, 10.777982959 ], [ 9.131183517, 10.82474705 ], [ 9.095779847, 10.861910933 ], [ 9.062003975, 10.886526886 ], [ 9.029884817, 10.899083718 ], [ 8.999382361, 10.903218043 ], [ 8.984424925, 10.933676464 ], [ 8.976862155, 10.964487183 ], [ 8.977372029, 10.997843601 ], [ 8.984924861, 11.035018248 ], [ 8.997074849, 11.076151081 ], [ 9.010541584, 11.12027842 ], [ 9.02194395, 11.165591023 ], [ 9.028519916, 11.209863138 ], [ 9.028676328, 11.250960839 ], [ 9.022258905, 11.287324175 ], [ 9.010501828, 11.318326134 ], [ 8.995690999, 11.34443964 ], [ 8.980637192, 11.36718516 ], [ 8.968090591, 11.388876861 ], [ 8.96022994, 11.4122248 ], [ 8.958329305, 11.439876376 ], [ 8.962653244, 11.473987369 ], [ 8.972571406, 11.515900991 ], [ 8.986832177, 11.565986021 ], [ 9.003904301, 11.623649353 ], [ 9.022291808, 11.687502318 ], [ 9.040749646, 11.755631958 ], [ 9.058366953, 11.825913496 ], [ 9.074529329, 11.896300796 ], [ 9.088807581, 11.96504601 ], [ 9.100838106, 12.030823185 ], [ 9.110254989, 12.092756662 ], [ 9.116708704, 12.150377131 ], [ 9.119969503, 12.203540796 ], [ 9.120077282, 12.252348107 ], [ 9.117475701, 12.297088522 ], [ 9.113064832, 12.338220741 ], [ 9.129495786, 12.366295831 ], [ 9.148572368, 12.39427849 ], [ 9.173600032, 12.422215412 ], [ 9.205901214, 12.450152506 ], [ 9.227363757, 12.414693383 ], [ 9.248666054, 12.375213902 ], [ 9.269904941, 12.331022695 ], [ 9.291171898, 12.2809243 ], [ 9.312549954, 12.223586101 ], [ 9.334110894, 12.158598944 ], [ 9.355912853, 12.087678456 ], [ 9.377998379, 12.015223922 ], [ 9.400393026, 11.947660227 ], [ 9.423104524, 11.891561985 ], [ 9.446122544, 11.851219474 ], [ 9.469419097, 11.826707831 ], [ 9.492949519, 11.813429032 ], [ 9.516654054, 11.803512451 ], [ 9.540459966, 11.788635402 ], [ 9.564284118, 11.763145324 ], [ 9.588035961, 11.726164368 ], [ 9.611620824, 11.6817523 ], [ 9.634943409, 11.637031073 ], [ 9.657911388, 11.599062089 ], [ 9.680438996, 11.571808615 ], [ 9.702450489, 11.55446348 ], [ 9.723883374, 11.541804356 ], [ 9.744691304, 11.526345497 ], [ 9.764846531, 11.501297139 ], [ 9.784341851, 11.463059257 ], [ 9.803191959, 11.412271223 ], [ 9.821434163, 11.353145364 ], [ 9.839128426, 11.2915788 ], [ 9.856356724, 11.233004358 ], [ 9.873221713, 11.180913744 ], [ 9.889844745, 11.136522318 ] ] ] } },
{ "type": "Feature", "properties": { "legend_id": "L64", "name": "Fine-Grained Flaggy Quartzite and Quartz Schist", "legend_original": "Fine-grained flaggy quartzite and Quartz Schist", "ngsa_code": "Sf", "formation": "Meta-Sedimentary/Meta-Volcanic Series", "age": "Pre-Cambrian", "province": "W (Oyo)", "seed_lon": 3.85, "seed_lat": 8.15, "fill_hex": "#F94A53" }, "geometry": { "type": "Polygon", "coordinates": [ [ [ 4.159185121, 7.893967445 ], [ 4.171343899, 7.866015614 ], [ 4.165594713, 7.848086817 ], [ 4.160146308, 7.830063215 ], [ 4.120855767, 7.82898013 ], [ 4.079486703, 7.824668008 ], [ 4.035596262, 7.817266154 ], [ 3.989365607, 7.807884384 ], [ 3.941535933, 7.798502902 ], [ 3.893226644, 7.791325085 ], [ 3.845679339, 7.787840554 ], [ 3.799985893, 7.788021025 ], [ 3.756860609, 7.790053746 ], [ 3.716505061, 7.790816607 ], [ 3.67859262, 7.786993704 ], [ 3.642372657, 7.776445946 ], [ 3.606867942, 7.75930933 ], [ 3.571118727, 7.738359847 ], [ 3.534417543, 7.718440701 ], [ 3.496481826, 7.705098254 ], [ 3.457526257, 7.702880834 ], [ 3.418219671, 7.71389635 ], [ 3.379537371, 7.737141656 ], [ 3.342542946, 7.768838206 ], [ 3.308148945, 7.803641594 ], [ 3.27690987, 7.836278681 ], [ 3.248892939, 7.86302572 ], [ 3.223653934, 7.882525309 ], [ 3.200321326, 7.895711459 ], [ 3.177767211, 7.904959819 ], [ 3.154823989, 7.912865497 ], [ 3.130495671, 7.921163567 ], [ 3.104114421, 7.930208742 ], [ 3.075406183, 7.93916865 ], [ 3.044450948, 7.946772784 ], [ 3.000663928, 7.956657855 ], [ 2.933968705, 7.973369515 ], [ 2.854702973, 7.994829857 ], [ 2.916486448, 8.005311003 ], [ 2.964504146, 8.017955641 ], [ 2.992202351, 8.034886603 ], [ 3.002333261, 8.056521727 ], [ 3.006243776, 8.08004551 ], [ 3.012024423, 8.103015694 ], [ 3.02405307, 8.125392818 ], [ 3.044540023, 8.147182634 ], [ 3.072243839, 8.168433967 ], [ 3.102938307, 8.189233456 ], [ 3.131606539, 8.20969753 ], [ 3.155329568, 8.229962172 ], [ 3.175337658, 8.250171151 ], [ 3.197012044, 8.270463572 ], [ 3.227631783, 8.290961582 ], [ 3.272842046, 8.311759111 ], [ 3.333550173, 8.332912476 ], [ 3.404829907, 8.354433499 ], [ 3.477471098, 8.376285718 ], [ 3.541521856, 8.398383977 ], [ 3.590190592, 8.420597533 ], [ 3.622308593, 8.442756533 ], [ 3.642281535, 8.464661516 ], [ 3.657700173, 8.486095383 ], [ 3.675895051, 8.506837099 ], [ 3.707432073, 8.476531801 ], [ 3.740363129, 8.435923961 ], [ 3.774581435, 8.385767293 ], [ 3.809918878, 8.330720683 ], [ 3.846160322, 8.278175047 ], [ 3.883060389, 8.235964236 ], [ 3.920361678, 8.209819303 ], [ 3.957813304, 8.201536292 ], [ 3.99518861, 8.208536362 ], [ 4.010678513, 8.20138997 ], [ 4.025869375, 8.196283358 ], [ 4.040559428, 8.187258785 ], [ 4.054605355, 8.170603432 ], [ 4.067931214, 8.145465836 ], [ 4.080531092, 8.113512084 ], [ 4.092465846, 8.077869237 ], [ 4.103854787, 8.041821065 ], [ 4.114863483, 8.007742628 ], [ 4.125689086, 7.976595189 ], [ 4.136544592, 7.948034294 ], [ 4.147643381, 7.920930429 ], [ 4.159185121, 7.893967445 ] ] ] } },
{ "type": "Feature", "properties": { "legend_id": "L65", "name": "Gabbro and Quartz Gabbro and Meta Intrusives", "legend_original": "Gabbro and quartz gabbro and meta Intrusives", "ngsa_code": "OGr", "formation": "Pan-African Older Granite Series (mafic)", "age": "Pre-Cambrian", "province": "East (Taraba)", "seed_lon": 11.65, "seed_lat": 8.45, "fill_hex": "#E064A4" }, "geometry": { "type": "Polygon", "coordinates": [ [ [ 10.430338051, 7.026431687 ], [ 10.410350159, 7.073422585 ], [ 10.42362169, 7.104927234 ], [ 10.42745192, 7.147996835 ], [ 10.428848546, 7.195475746 ], [ 10.438220512, 7.242759939 ], [ 10.450285852, 7.293619385 ], [ 10.473173744, 7.341176648 ], [ 10.50904869, 7.377695271 ], [ 10.544009321, 7.40832599 ], [ 10.572588271, 7.438038187 ], [ 10.599405835, 7.466900669 ], [ 10.629176857, 7.494998549 ], [ 10.664058638, 7.522431733 ], [ 10.70268762, 7.549313096 ], [ 10.741247371, 7.575766395 ], [ 10.775811817, 7.601923945 ], [ 10.804576607, 7.627924139 ], [ 10.828744576, 7.653908822 ], [ 10.851652132, 7.680020624 ], [ 10.876736745, 7.706400257 ], [ 10.905583483, 7.733183881 ], [ 10.93720289, 7.760500561 ], [ 10.968944224, 7.78846988 ], [ 10.998468576, 7.817199763 ], [ 11.025556919, 7.84678455 ], [ 11.052585867, 7.877303359 ], [ 11.08325107, 7.90881877 ], [ 11.12014643, 7.941375867 ], [ 11.162540007, 7.975001641 ], [ 11.205696524, 8.009704772 ], [ 11.242343287, 8.045475793 ], [ 11.265742749, 8.082287626 ], [ 11.272924636, 8.120096484 ], [ 11.266445837, 8.158843097 ], [ 11.253714055, 8.19845426 ], [ 11.244106019, 8.238844642 ], [ 11.245220332, 8.279918835 ], [ 11.260049679, 8.321573579 ], [ 11.286398785, 8.363700123 ], [ 11.318744016, 8.406186674 ], [ 11.351509592, 8.448920859 ], [ 11.382052202, 8.491792178 ], [ 11.411846012, 8.53469436 ], [ 11.445327609, 8.5775276 ], [ 11.487081724, 8.620200608 ], [ 11.538886191, 8.662632443 ], [ 11.598163053, 8.70475408 ], [ 11.658608476, 8.74650969 ], [ 11.712624966, 8.787857594 ], [ 11.754269447, 8.828770892 ], [ 11.781231805, 8.869237737 ], [ 11.794950932, 8.909261261 ], [ 11.826992857, 8.891325611 ], [ 11.8592873, 8.874086563 ], [ 11.891899076, 8.855252363 ], [ 11.924880712, 8.832935436 ], [ 11.958271283, 8.807368773 ], [ 11.992095582, 8.781520861 ], [ 12.026363646, 8.759974335 ], [ 12.061070641, 8.746488764 ], [ 12.096197126, 8.741546934 ], [ 12.131709665, 8.741345748 ], [ 12.167561797, 8.738999486 ], [ 12.203695322, 8.727531312 ], [ 12.240041881, 8.703198189 ], [ 12.27652479, 8.667417166 ], [ 12.308019228, 8.625155256 ], [ 12.321904219, 8.584270521 ], [ 12.328514648, 8.552321796 ], [ 12.335856918, 8.525646414 ], [ 12.355622616, 8.49987385 ], [ 12.374252916, 8.470772671 ], [ 12.401356269759479, 8.441888378256326 ], [ 12.3361, 8.4197 ], [ 12.33, 8.4192 ], [ 12.3203, 8.4236 ], [ 12.3081, 8.4322 ], [ 12.2964, 8.4344 ], [ 12.2753, 8.4283 ], [ 12.2633, 8.4194 ], [ 12.2539, 8.4081 ], [ 12.2472, 8.3939 ], [ 12.2428, 8.3775 ], [ 12.24, 8.3521 ], [ 12.2372, 8.3267 ], [ 12.2372, 8.3102 ], [ 12.2422, 8.2711 ], [ 12.2525, 8.2475 ], [ 12.255, 8.2364 ], [ 12.2567, 8.2178 ], [ 12.2556, 8.1978 ], [ 12.2455, 8.1772 ], [ 12.22775, 8.15485 ], [ 12.21, 8.1325 ], [ 12.2015, 8.1068 ], [ 12.1994, 8.0742 ], [ 12.2017, 8.0425 ], [ 12.2094, 8.0034 ], [ 12.2211, 7.9945 ], [ 12.219, 7.9913 ], [ 12.2143, 7.9903 ], [ 12.2131, 7.9875 ], [ 12.2136, 7.9825 ], [ 12.2109, 7.9829 ], [ 12.2094, 7.9812 ], [ 12.21, 7.9774 ], [ 12.2071, 7.9683 ], [ 12.2037, 7.9649 ], [ 12.1899, 7.9568 ], [ 12.1938, 7.9515 ], [ 12.1914, 7.9462 ], [ 12.1953, 7.9423 ], [ 12.189, 7.9374 ], [ 12.1833, 7.9371 ], [ 12.1796, 7.9286 ], [ 12.1758, 7.9282 ], [ 12.1729, 7.9263 ], [ 12.1679, 7.9173 ], [ 12.1613, 7.9132 ], [ 12.1411, 7.8778 ], [ 12.1197, 7.8511 ], [ 12.0961, 7.8261 ], [ 12.0767, 7.7964 ], [ 12.0436, 7.7397 ], [ 12.0331, 7.715 ], [ 12.0269, 7.6864 ], [ 12.025, 7.6606 ], [ 12.0294, 7.6444 ], [ 12.0408, 7.6286 ], [ 12.0422, 7.6032 ], [ 12.0436, 7.5778 ], [ 12.0408, 7.5736 ], [ 12.01398, 7.54654 ], [ 11.98716, 7.51948 ], [ 11.96034, 7.49242 ], [ 11.93352, 7.46536 ], [ 11.9067, 7.4383 ], [ 11.8883, 7.4222 ], [ 11.8714, 7.4117 ], [ 11.8572, 7.3983 ], [ 11.8527, 7.3912 ], [ 11.834933333, 7.3597 ], [ 11.826050006675176, 7.343950011834973 ], [ 11.7994, 7.2967 ], [ 11.7644, 7.2839 ], [ 11.7556, 7.2786 ], [ 11.7519, 7.2753 ], [ 11.7497, 7.2706 ], [ 11.7497, 7.265 ], [ 11.7517, 7.26 ], [ 11.7556, 7.2572 ], [ 11.7611, 7.2558 ], [ 11.7867, 7.2558 ], [ 11.795, 7.2503 ], [ 11.816875, 7.220775 ], [ 11.83875, 7.19125 ], [ 11.858116098200901, 7.1651113005997 ], [ 11.860625, 7.161725 ], [ 11.8825, 7.1322 ], [ 11.87335, 7.10845 ], [ 11.8642, 7.0847 ], [ 11.8304, 7.057566667 ], [ 11.813499963851134, 7.043999970981088 ], [ 11.7628, 7.0033 ], [ 11.7014, 6.9761 ], [ 11.67375, 6.96265 ], [ 11.6461, 6.9492 ], [ 11.6378, 6.9439 ], [ 11.61265, 6.91805 ], [ 11.5875, 6.8922 ], [ 11.5797, 6.8794 ], [ 11.56805, 6.85635 ], [ 11.5564, 6.8333 ], [ 11.5547, 6.8211 ], [ 11.5608, 6.8133 ], [ 11.5833, 6.7944 ], [ 11.5892, 6.78 ], [ 11.5886, 6.7594 ], [ 11.5808, 6.7186 ], [ 11.5581, 6.6581 ], [ 11.5183, 6.6075 ], [ 11.5106, 6.6017 ], [ 11.505, 6.6003 ], [ 11.4733, 6.6025 ], [ 11.4547, 6.6008 ], [ 11.445, 6.5969 ], [ 11.4372, 6.5908 ], [ 11.4261, 6.55345 ], [ 11.415, 6.5161 ], [ 11.4128, 6.4844 ], [ 11.3853, 6.4569 ], [ 11.3769, 6.4517 ], [ 11.3403, 6.4408 ], [ 11.3067, 6.43705 ], [ 11.2731, 6.4333 ], [ 11.23765, 6.4351 ], [ 11.2022, 6.4369 ], [ 11.1919, 6.4339 ], [ 11.1408, 6.4336 ], [ 11.1292, 6.4358 ], [ 11.1244, 6.4381 ], [ 11.1169, 6.4442 ], [ 11.1103, 6.4581 ], [ 11.0953, 6.4981 ], [ 11.0845, 6.5415 ], [ 11.072, 6.5582 ], [ 11.0666, 6.5726 ], [ 11.0623, 6.5964 ], [ 11.0597, 6.6425 ], [ 11.0643, 6.6631 ], [ 11.0782, 6.6794 ], [ 11.0822, 6.6978 ], [ 11.0783, 6.7075 ], [ 11.0711, 6.7192 ], [ 11.0436, 6.7533 ], [ 11.0192, 6.7786 ], [ 11.0137, 6.7805 ], [ 11.0, 6.7808 ], [ 10.9694, 6.7775 ], [ 10.9433, 6.7781 ], [ 10.9386, 6.78 ], [ 10.9031, 6.8069 ], [ 10.8828, 6.8278 ], [ 10.8811, 6.8394 ], [ 10.8817, 6.8669 ], [ 10.8792, 6.8778 ], [ 10.871, 6.90305 ], [ 10.8628, 6.9283 ], [ 10.8542, 6.9469 ], [ 10.8491, 6.9483 ], [ 10.8446, 6.9569 ], [ 10.842, 6.9583 ], [ 10.8078, 6.9588 ], [ 10.7984, 6.9626 ], [ 10.7894, 6.9602 ], [ 10.784, 6.9658 ], [ 10.7791, 6.9672 ], [ 10.7699, 6.9619 ], [ 10.7669, 6.9555 ], [ 10.7613, 6.9585 ], [ 10.7586, 6.9636 ], [ 10.7474, 6.9695 ], [ 10.7474, 6.976 ], [ 10.7433, 6.9798 ], [ 10.7384, 6.9886 ], [ 10.7332, 6.9916 ], [ 10.7298, 6.9888 ], [ 10.7205, 6.9883 ], [ 10.7085, 6.999 ], [ 10.7004, 7.0135 ], [ 10.6947, 7.0143 ], [ 10.691, 7.0168 ], [ 10.6839, 7.0165 ], [ 10.683, 7.0205 ], [ 10.6788, 7.0268 ], [ 10.62, 7.0536 ], [ 10.6167, 7.0569 ], [ 10.615, 7.0686 ], [ 10.56, 7.0217 ], [ 10.528866666666666, 6.925966666666667 ], [ 10.5133, 6.8781 ], [ 10.487102608, 6.877734805 ], [ 10.476064892771086, 6.877580937414603 ], [ 10.460905215970143, 6.877369609406718 ], [ 10.457667123, 6.9214801 ], [ 10.445541669, 6.978390492 ], [ 10.430338051, 7.026431687 ] ] ] } },
{ "type": "Feature", "properties": { "legend_id": "L66", "name": "Granite Gneiss", "legend_original": "Granite Gneiss", "ngsa_code": "GG", "formation": "Migmatite-Gneiss Complex", "age": "Pre-Cambrian", "province": "Central NE (Kaduna)", "seed_lon": 8.15, "seed_lat": 10.75, "fill_hex": "#7082F9" }, "geometry": { "type": "Polygon", "coordinates": [ [ [ 7.590910335, 11.062880018 ], [ 7.593240128, 11.099207507 ], [ 7.62891858, 11.123656321 ], [ 7.665602502, 11.146787536 ], [ 7.699944363, 11.168300849 ], [ 7.731359911, 11.187948763 ], [ 7.761757341, 11.205551339 ], [ 7.79425476, 11.221006492 ], [ 7.831587375, 11.234295178 ], [ 7.87496709, 11.245481183 ], [ 7.923861298, 11.254705659 ], [ 7.976662572, 11.262176909 ], [ 8.019533698, 11.19808805 ], [ 8.062447926, 11.127550601 ], [ 8.105448291, 11.058327613 ], [ 8.148610401, 10.996044488 ], [ 8.192035545, 10.943320263 ], [ 8.235840773, 10.900431974 ], [ 8.280146696, 10.866796391 ], [ 8.325063962, 10.842203191 ], [ 8.370679522, 10.827018519 ], [ 8.417043835, 10.82130748 ], [ 8.464160167, 10.823562323 ], [ 8.511976987, 10.830033929 ], [ 8.560384257, 10.835357003 ], [ 8.609214148, 10.834397422 ], [ 8.546152461, 10.800262957 ], [ 8.48873902, 10.765933392 ], [ 8.438551457, 10.731409414 ], [ 8.394241623, 10.696692761 ], [ 8.353644493, 10.661786234 ], [ 8.315670243, 10.626693686 ], [ 8.280937289, 10.591420016 ], [ 8.250982915, 10.555971146 ], [ 8.226786413, 10.520353999 ], [ 8.207734031, 10.484576459 ], [ 8.191827395, 10.448647332 ], [ 8.177094421, 10.412576299 ], [ 8.163314457, 10.376373858 ], [ 8.152839042, 10.340051262 ], [ 8.149707426, 10.303620454 ], [ 8.157221576, 10.267093989 ], [ 8.17512795, 10.230484957 ], [ 8.197980395, 10.1938069 ], [ 8.215838231, 10.157073722 ], [ 8.217349835, 10.1202996 ], [ 8.194034518, 10.08349889 ], [ 8.143855818, 10.046686029 ], [ 8.104383418, 10.060975386 ], [ 8.064249699, 10.073225197 ], [ 8.023512495, 10.086225826 ], [ 7.982239352, 10.102738897 ], [ 7.940506099, 10.123786625 ], [ 7.898395244, 10.148164512 ], [ 7.855994226, 10.173557068 ], [ 7.81339357, 10.19860385 ], [ 7.770684986, 10.224600281 ], [ 7.727959447, 10.25563735 ], [ 7.685305285, 10.2968453 ], [ 7.642806366, 10.351528987 ], [ 7.689699262, 10.412831107 ], [ 7.730660752, 10.4773816 ], [ 7.759738412, 10.544279595 ], [ 7.772652051, 10.612377883 ], [ 7.767901737, 10.680378154 ], [ 7.747213249, 10.746942487 ], [ 7.715181887, 10.81080977 ], [ 7.678202694, 10.870905137 ], [ 7.642978545, 10.926431205 ], [ 7.615015245, 10.976931789 ], [ 7.597509192, 11.022321723 ], [ 7.590910335, 11.062880018 ] ] ] } },
{ "type": "Feature", "properties": { "legend_id": "L67", "name": "Granite and Granite Porphyry", "legend_original": "Granite and Granite Porphyry", "ngsa_code": "MyG/MGp", "formation": "Per-Alkaline Younger Granite Series", "age": "Jurassic", "province": "Jos Plateau west", "seed_lon": 8.95, "seed_lat": 9.35, "fill_hex": "#E06484" }, "geometry": { "type": "Polygon", "coordinates": [ [ [ 9.044360966, 9.476996294 ], [ 9.072659306, 9.470488028 ], [ 9.100532972, 9.466165176 ], [ 9.137286493, 9.440964478 ], [ 9.172635535, 9.413439404 ], [ 9.205160155, 9.380705373 ], [ 9.233693381, 9.340498598 ], [ 9.257412973, 9.292027583 ], [ 9.275891879, 9.236493693 ], [ 9.289104183, 9.177009026 ], [ 9.297388882, 9.117840003 ], [ 9.253095917, 9.146180112 ], [ 9.208724814, 9.175149425 ], [ 9.164790297, 9.199888827 ], [ 9.121563453, 9.217467781 ], [ 9.079049551, 9.227443356 ], [ 9.037002156, 9.231307062 ], [ 8.994970698, 9.23125139 ], [ 8.952374507, 9.228955901 ], [ 8.908593146, 9.22500725 ], [ 8.863061044, 9.219186546 ], [ 8.81535411, 9.211378314 ], [ 8.765257325, 9.202518382 ], [ 8.712804899, 9.194970121 ], [ 8.65828829, 9.192013412 ], [ 8.602231524, 9.196602599 ], [ 8.545337451, 9.209963517 ], [ 8.488412187, 9.230744612 ], [ 8.432277611, 9.255229525 ], [ 8.377683086, 9.278644146 ], [ 8.325227424, 9.297068289 ], [ 8.275300538, 9.309139294 ], [ 8.228051474, 9.316773854 ], [ 8.183385997, 9.324531613 ], [ 8.185869944, 9.36394589 ], [ 8.192307789, 9.407729247 ], [ 8.203210597, 9.45724497 ], [ 8.218639532, 9.512705501 ], [ 8.238139897, 9.573096894 ], [ 8.26074018, 9.63637537 ], [ 8.285017402, 9.699885724 ], [ 8.358702134, 9.696250815 ], [ 8.425864744, 9.692022185 ], [ 8.482463406, 9.688098419 ], [ 8.52650423, 9.685375868 ], [ 8.565406263, 9.655734845 ], [ 8.599285797, 9.636925176 ], [ 8.629721032, 9.62925282 ], [ 8.658354539, 9.629926139 ], [ 8.686603059, 9.634154142 ], [ 8.715428146, 9.636864452 ], [ 8.74520938, 9.634386208 ], [ 8.775741849, 9.625486858 ], [ 8.806355543, 9.611435106 ], [ 8.836130802, 9.595162138 ], [ 8.864165594, 9.57994159 ], [ 8.895402364, 9.550927095 ], [ 8.926197793, 9.527874053 ], [ 8.956508108, 9.510338814 ], [ 8.98630712, 9.496777803 ], [ 9.015587406, 9.485821617 ], [ 9.044360966, 9.476996294 ] ] ] } },
{ "type": "Feature", "properties": { "legend_id": "L68", "name": "Gravel and Sand", "legend_original": "Gravel and Sand", "ngsa_code": "Glgss", "formation": "Gundumi-Illo Formation", "age": "Turonian pre-Maastrichtian", "province": "S Bida fringe", "seed_lon": 5.65, "seed_lat": 8.55, "fill_hex": "#A021E0" }, "geometry": { "type": "Polygon", "coordinates": [ [ [ 5.010749834, 8.601203263 ], [ 4.98821455, 8.629258084 ], [ 5.027356834, 8.660973753 ], [ 5.075388072, 8.692868669 ], [ 5.128381384, 8.724941366 ], [ 5.182572955, 8.757189986 ], [ 5.236734894, 8.789612282 ], [ 5.292841691, 8.82220563 ], [ 5.354390993, 8.854967036 ], [ 5.423197314, 8.887893143 ], [ 5.496536411, 8.920980245 ], [ 5.566512507, 8.954224296 ], [ 5.622392469, 8.987620921 ], [ 5.655002421, 9.021165432 ], [ 5.661042384, 9.05485284 ], [ 5.690678944, 9.042009962 ], [ 5.719407654, 9.027110553 ], [ 5.747284745, 9.004184494 ], [ 5.774384101, 8.970856073 ], [ 5.800795516, 8.929467978 ], [ 5.826622525, 8.886016409 ], [ 5.851979865, 8.847419871 ], [ 5.876990645, 8.818426694 ], [ 5.901783307, 8.799601876 ], [ 5.926488465, 8.787267771 ], [ 5.951235718, 8.7753044 ], [ 5.976150521, 8.757838488 ], [ 6.001351212, 8.731499749 ], [ 6.026946271, 8.696250255 ], [ 6.05303189, 8.654596672 ], [ 6.079689924, 8.609835486 ], [ 6.106986271, 8.56441592 ], [ 6.134969727, 8.519323013 ], [ 6.163671343, 8.474711 ], [ 6.193104301, 8.431243748 ], [ 6.207333043, 8.396020729 ], [ 6.229245203, 8.36102306 ], [ 6.249562459, 8.326262474 ], [ 6.256460317, 8.291749905 ], [ 6.239805425, 8.257495439 ], [ 6.195323609, 8.223508257 ], [ 6.126716264, 8.189796594 ], [ 6.044600545, 8.156367698 ], [ 5.962618609, 8.123227789 ], [ 5.892408682, 8.090382032 ], [ 5.839668881, 8.057834508 ], [ 5.802997002, 8.025588192 ], [ 5.775836677, 7.993644939 ], [ 5.750392859, 7.962005474 ], [ 5.721533251, 7.930669381 ], [ 5.688864504, 7.899635112 ], [ 5.656222961, 7.868899986 ], [ 5.629162375, 7.8384602 ], [ 5.611946319, 7.808310852 ], [ 5.605611237, 7.778445954 ], [ 5.607895702, 7.748858466 ], [ 5.614716932, 7.719540323 ], [ 5.622061622, 7.690482473 ], [ 5.587517451, 7.719154773 ], [ 5.553073562, 7.754835398 ], [ 5.518880843, 7.79952449 ], [ 5.485073535, 7.853567875 ], [ 5.451766741, 7.914680224 ], [ 5.419054755, 7.977925934 ], [ 5.387010256, 8.036939033 ], [ 5.355684363, 8.086065566 ], [ 5.325107527, 8.122597956 ], [ 5.295291212, 8.148108463 ], [ 5.266230253, 8.16818854 ], [ 5.237905792, 8.190553732 ], [ 5.210288634, 8.222194264 ], [ 5.183342892, 8.266708098 ], [ 5.157029721, 8.32292416 ], [ 5.131311011, 8.385404765 ], [ 5.106152834, 8.446628964 ], [ 5.081528519, 8.499949537 ], [ 5.0574212, 8.542100406 ], [ 5.033825724, 8.574245553 ], [ 5.010749834, 8.601203263 ] ] ] } },
{ "type": "Feature", "properties": { "legend_id": "L69", "name": "Hypersthene Quartz-Diorite", "legend_original": "Hypersthene quartz-diorite", "ngsa_code": "ODh", "formation": "Pan-African Older Granite Series", "age": "Pre-Cambrian", "province": "Central (FCT/Nasarawa)", "seed_lon": 7.65, "seed_lat": 9.15, "fill_hex": "#6F21E0" }, "geometry": { "type": "Polygon", "coordinates": [ [ [ 7.416437585, 9.254505294 ], [ 7.434697571, 9.287787933 ], [ 7.468237355, 9.318589539 ], [ 7.495476756, 9.348783381 ], [ 7.519596984, 9.378354277 ], [ 7.541764539, 9.4073212 ], [ 7.56171288, 9.435733618 ], [ 7.579255964, 9.463666074 ], [ 7.595629094, 9.491211324 ], [ 7.613723198, 9.518472425 ], [ 7.636993395, 9.545554244 ], [ 7.667665456, 9.572554896 ], [ 7.705349616, 9.599557607 ], [ 7.74701241, 9.626623498 ], [ 7.788523665, 9.653785719 ], [ 7.827081132, 9.68104531 ], [ 7.863227555, 9.708369033 ], [ 7.901261405, 9.735689359 ], [ 7.947596267, 9.762906622 ], [ 8.007676588, 9.789893257 ], [ 8.082865634, 9.816499918 ], [ 8.168849146, 9.842563162 ], [ 8.19804306, 9.819709927 ], [ 8.227144065, 9.78839572 ], [ 8.256139525, 9.747932372 ], [ 8.285017402, 9.699885724 ], [ 8.26074018, 9.63637537 ], [ 8.238139897, 9.573096894 ], [ 8.218639532, 9.512705501 ], [ 8.203210597, 9.45724497 ], [ 8.192307789, 9.407729247 ], [ 8.185869944, 9.36394589 ], [ 8.183385997, 9.324531613 ], [ 8.173790729, 9.281596301 ], [ 8.167695122, 9.238336495 ], [ 8.162483641, 9.19330083 ], [ 8.156618208, 9.145484841 ], [ 8.150132288, 9.094525713 ], [ 8.144620832, 9.040790492 ], [ 8.142731799, 8.98534202 ], [ 8.147307297, 8.929787374 ], [ 8.160422044, 8.876033275 ], [ 8.18259565, 8.825988451 ], [ 8.212405571, 8.781261557 ], [ 8.246614248, 8.742903585 ], [ 8.280780029, 8.711235813 ], [ 8.310188171, 8.685789597 ], [ 8.33085317, 8.665365454 ], [ 8.340329902, 8.648199203 ], [ 8.294034653, 8.613027006 ], [ 8.237541514, 8.578752687 ], [ 8.176096885, 8.546583062 ], [ 8.113940115, 8.517492534 ], [ 8.052872373, 8.49209004 ], [ 7.992127477, 8.470547353 ], [ 7.929524848, 8.452602285 ], [ 7.863292288, 8.437636482 ], [ 7.793642709, 8.424813588 ], [ 7.723312887, 8.413252223 ], [ 7.656765727, 8.402201519 ], [ 7.598392276, 8.391186367 ], [ 7.550532614, 8.380095037 ], [ 7.512241775, 8.369192514 ], [ 7.47940677, 8.359056837 ], [ 7.446218037, 8.350450173 ], [ 7.407387711, 8.344148798 ], [ 7.360166172, 8.340764056 ], [ 7.327711625, 8.392275118 ], [ 7.295052824, 8.450416163 ], [ 7.262187105, 8.511166158 ], [ 7.22911457, 8.569202235 ], [ 7.195838129, 8.619969368 ], [ 7.162363491, 8.661421404 ], [ 7.128699133, 8.694534802 ], [ 7.094856219, 8.722334028 ], [ 7.125487274, 8.764480252 ], [ 7.146613688, 8.80616125 ], [ 7.155937396, 8.847372128 ], [ 7.155045622, 8.888072819 ], [ 7.149116258, 8.928195775 ], [ 7.145365143, 8.967656934 ], [ 7.15077047, 9.006368987 ], [ 7.169868649, 9.044255763 ], [ 7.203377178, 9.081266417 ], [ 7.24808391, 9.117388117 ], [ 7.297975332, 9.152655989 ], [ 7.346141037, 9.187159306 ], [ 7.386750949, 9.221043168 ], [ 7.416437585, 9.254505294 ] ] ] } },
{ "type": "Feature", "properties": { "legend_id": "L70", "name": "Sandstones and Clays", "legend_original": "Sandstones and Clays", "ngsa_code": "Glcl", "formation": "Gwandu/Ilo lateral (Sokoto)", "age": "Middle Eocene", "province": "NW Sokoto west", "seed_lon": 4.35, "seed_lat": 12.15, "fill_hex": "#E04F43" }, "geometry": { "type": "Polygon", "coordinates": [ [ [ 3.552360036, 11.653116258 ], [ 3.511520435, 11.6588799 ], [ 3.5109, 11.67 ], [ 3.5263, 11.6786 ], [ 3.5705, 11.6867 ], [ 3.5931, 11.6944 ], [ 3.6139, 11.6996 ], [ 3.6289, 11.7096 ], [ 3.6374, 11.7176 ], [ 3.65065, 11.7365 ], [ 3.6639, 11.7554 ], [ 3.6649, 11.7592 ], [ 3.6625, 11.7867 ], [ 3.6633, 11.7983 ], [ 3.6604, 11.8101 ], [ 3.6317, 11.8253 ], [ 3.6252, 11.86675 ], [ 3.6187, 11.9082 ], [ 3.6439, 11.9424 ], [ 3.6717, 11.9756 ], [ 3.6708, 12.01 ], [ 3.6606, 12.0395 ], [ 3.6479, 12.07045 ], [ 3.6352, 12.1014 ], [ 3.6284, 12.1253 ], [ 3.6296, 12.1488 ], [ 3.64, 12.1643 ], [ 3.6545, 12.1773 ], [ 3.6661, 12.2071 ], [ 3.6656, 12.25105 ], [ 3.6651, 12.295 ], [ 3.664776481413324, 12.323437283768863 ], [ 3.6646, 12.33895 ], [ 3.6641, 12.3829 ], [ 3.6619, 12.4154 ], [ 3.6579, 12.4371 ], [ 3.65515, 12.4618 ], [ 3.6524, 12.4865 ], [ 3.6541, 12.5118 ], [ 3.6578, 12.5289 ], [ 3.6727, 12.5519 ], [ 3.6983, 12.5688 ], [ 3.7141, 12.5827 ], [ 3.741133333, 12.602633333 ], [ 3.754650137130409, 12.612600101114655 ], [ 3.7952, 12.6425 ], [ 3.826, 12.663433333 ], [ 3.841399958966209, 12.673899972111233 ], [ 3.8876, 12.7053 ], [ 3.9039, 12.7116 ], [ 3.92835, 12.73025 ], [ 3.9528, 12.7489 ], [ 3.974025, 12.7834 ], [ 3.99525, 12.8179 ], [ 4.016475, 12.8524 ], [ 4.0377, 12.8869 ], [ 4.0432, 12.8955 ], [ 4.0516, 12.9038 ], [ 4.0525, 12.9104 ], [ 4.078750023314662, 12.953400038191635 ], [ 4.0875, 12.967733333 ], [ 4.105, 12.9964 ], [ 4.1119, 13.03235 ], [ 4.1142, 13.044333333333332 ], [ 4.1188, 13.0683 ], [ 4.1257, 13.10425 ], [ 4.1326, 13.1402 ], [ 4.14, 13.1523 ], [ 4.1421, 13.1619 ], [ 4.1431, 13.1822 ], [ 4.1372, 13.217 ], [ 4.1334, 13.2242 ], [ 4.1264, 13.2497 ], [ 4.1258, 13.2865 ], [ 4.1274, 13.3008 ], [ 4.1278, 13.33355 ], [ 4.1282, 13.3663 ], [ 4.12655, 13.4088 ], [ 4.1249, 13.4513 ], [ 4.1265, 13.4682 ], [ 4.1425, 13.4769 ], [ 4.18808580624221, 13.488309128369853 ], [ 4.19046903, 13.488905597 ], [ 4.195930466, 13.439271767 ], [ 4.188699832, 13.382141836 ], [ 4.194003867, 13.333360493 ], [ 4.209036986, 13.288847173 ], [ 4.227681601, 13.244239571 ], [ 4.252850042, 13.202939875 ], [ 4.27876214, 13.161560888 ], [ 4.30491793, 13.119496838 ], [ 4.332083894, 13.077803467 ], [ 4.359432089, 13.037259008 ], [ 4.38559322, 12.997255637 ], [ 4.41043668, 12.95987764 ], [ 4.433975392, 12.92779141 ], [ 4.456275749, 12.902710527 ], [ 4.477447885, 12.884136992 ], [ 4.497633684, 12.868828354 ], [ 4.516993295, 12.851383841 ], [ 4.535691045, 12.825861736 ], [ 4.553881663, 12.787857536 ], [ 4.571697712, 12.736212644 ], [ 4.589239064, 12.673618442 ], [ 4.606565106, 12.605805789 ], [ 4.623690214, 12.539590219 ], [ 4.640582793, 12.480528198 ], [ 4.657167982, 12.431115187 ], [ 4.67333385, 12.390239676 ], [ 4.688940708, 12.354087285 ], [ 4.703832917, 12.318087102 ], [ 4.717852433, 12.279066826 ], [ 4.730853171, 12.236714578 ], [ 4.742715222, 12.193758161 ], [ 4.753357937, 12.154825932 ], [ 4.762750961, 12.124504513 ], [ 4.770922398, 12.105421376 ], [ 4.777963475, 12.097128947 ], [ 4.784029296, 12.096188744 ], [ 4.726432995, 12.062890773 ], [ 4.666306365, 12.030018726 ], [ 4.605101333, 11.997996739 ], [ 4.546370436, 11.967223293 ], [ 4.494527508, 11.938043848 ], [ 4.45281691, 11.910726531 ], [ 4.42157078, 11.885442842 ], [ 4.397750492, 11.862254977 ], [ 4.376142602, 11.841110838 ], [ 4.351725195, 11.821847183 ], [ 4.322078675, 11.804200754 ], [ 4.288626808, 11.787826535 ], [ 4.256023216, 11.772321775 ], [ 4.229894317, 11.757253902 ], [ 4.213968846, 11.742190207 ], [ 4.207954016, 11.726726984 ], [ 4.207185962, 11.710515938 ], [ 4.204243922, 11.69328584 ], [ 4.191783452, 11.674857873 ], [ 4.165273391, 11.655153594 ], [ 4.124393191, 11.634195067 ], [ 4.072520962, 11.612097345 ], [ 4.014678593, 11.589054123 ], [ 3.96272829, 11.584981476 ], [ 3.911787585, 11.582323633 ], [ 3.861137069, 11.584995682 ], [ 3.805067009, 11.595871801 ], [ 3.747254666, 11.612028536 ], [ 3.692013593, 11.627206017 ], [ 3.641428615, 11.638166607 ], [ 3.595460729, 11.646419805 ], [ 3.552360036, 11.653116258 ] ] ] } },
{ "type": "Feature", "properties": { "legend_id": "L71", "name": "Sandstones, Clays and Shale", "legend_original": "Sandstones, Clays and Shale", "ngsa_code": "Wss", "formation": "Rima Group (Dukamaje/Wurno)", "age": "Senonian", "province": "NW (Zamfara)", "seed_lon": 5.95, "seed_lat": 11.65, "fill_hex": "#21E0CF" }, "geometry": { "type": "Polygon", "coordinates": [ [ [ 6.017801545, 10.975331888 ], [ 5.969652981, 10.937818328 ], [ 5.94535481, 10.976203901 ], [ 5.921279258, 11.017896362 ], [ 5.89739816, 11.060027369 ], [ 5.873682667, 11.100949064 ], [ 5.850103495, 11.140993901 ], [ 5.826631175, 11.181862187 ], [ 5.803236295, 11.225030253 ], [ 5.779889748, 11.270146265 ], [ 5.756562964, 11.314417247 ], [ 5.733228144, 11.353463731 ], [ 5.709858469, 11.383306189 ], [ 5.686428317, 11.402487306 ], [ 5.662913447, 11.413189626 ], [ 5.639291178, 11.420673636 ], [ 5.615540551, 11.43120806 ], [ 5.591642465, 11.449455196 ], [ 5.567579801, 11.476592353 ], [ 5.543337522, 11.510117226 ], [ 5.518902754, 11.545457697 ], [ 5.494264837, 11.578600746 ], [ 5.469415369, 11.608432525 ], [ 5.44434821, 11.637611761 ], [ 5.419059477, 11.671519445 ], [ 5.39354751, 11.715776504 ], [ 5.367812822, 11.773520517 ], [ 5.341858019, 11.843734867 ], [ 5.315687712, 11.921387642 ], [ 5.341621028, 11.954716638 ], [ 5.354759789, 11.988019373 ], [ 5.36036806, 12.021288288 ], [ 5.367008496, 12.054515756 ], [ 5.383420479, 12.08769412 ], [ 5.414910791, 12.120815725 ], [ 5.46090111, 12.15387296 ], [ 5.514852995, 12.186858286 ], [ 5.566744411, 12.219764278 ], [ 5.607095185, 12.252583657 ], [ 5.630804104, 12.285309326 ], [ 5.662054416, 12.258225391 ], [ 5.687083873, 12.23212415 ], [ 5.710065869, 12.209166806 ], [ 5.735362844, 12.19091496 ], [ 5.766404676, 12.178081958 ], [ 5.804926135, 12.170481998 ], [ 5.850754952, 12.16718647 ], [ 5.902158571, 12.16684374 ], [ 5.945307327, 12.140734679 ], [ 5.98839111, 12.116160999 ], [ 6.031298495, 12.092651073 ], [ 6.073925128, 12.072163468 ], [ 6.116177055, 12.057324617 ], [ 6.157973577, 12.049224592 ], [ 6.19924953, 12.046087899 ], [ 6.239956921, 12.04362462 ], [ 6.280065861, 12.03690511 ], [ 6.319564795, 12.022726136 ], [ 6.358460027, 12.001137093 ], [ 6.396774584, 11.975242913 ], [ 6.434546491, 11.949352264 ], [ 6.471826531, 11.926471168 ], [ 6.508675603, 11.906534315 ], [ 6.545161807, 11.886392619 ], [ 6.58135736, 11.861628557 ], [ 6.583248088, 11.844073597 ], [ 6.566192974, 11.804855829 ], [ 6.552412959, 11.765219094 ], [ 6.539413073, 11.7252315 ], [ 6.525609439, 11.684964217 ], [ 6.511177302, 11.644489961 ], [ 6.497496143, 11.603881472 ], [ 6.485520135, 11.563209995 ], [ 6.474122006, 11.522543795 ], [ 6.459569701, 11.481946752 ], [ 6.436708124, 11.441477039 ], [ 6.401439869, 11.401185937 ], [ 6.35327052, 11.361116783 ], [ 6.296487111, 11.321304103 ], [ 6.239124166, 11.281772911 ], [ 6.18996845, 11.242538231 ], [ 6.154898357, 11.203604808 ], [ 6.134288098, 11.164967054 ], [ 6.12277479, 11.1266092 ], [ 6.111579391, 11.088505674 ], [ 6.092338285, 11.050621682 ], [ 6.060665345, 11.012913989 ], [ 6.017801545, 10.975331888 ] ] ] } },
{ "type": "Feature", "properties": { "legend_id": "L72", "name": "Shale (Phosphate Nodules)", "legend_original": "Shale (Phosphate nodules)", "ngsa_code": "Wsh", "formation": "Rima Group (Dukamaje/Wurno)", "age": "Senonian", "province": "NW Sokoto", "seed_lon": 5.85, "seed_lat": 12.75, "fill_hex": "#A3E064" }, "geometry": { "type": "Polygon", "coordinates": [ [ [ 6.469929906, 13.529662285 ], [ 6.505351439, 13.55401358 ], [ 6.510492709575157, 13.54665498439954 ], [ 6.5586, 13.4778 ], [ 6.578810445, 13.457620889 ], [ 6.5594673, 13.423054323 ], [ 6.548042643, 13.397226842 ], [ 6.547071558, 13.377657211 ], [ 6.545771829, 13.359001953 ], [ 6.530884529, 13.334897818 ], [ 6.501478942, 13.301556036 ], [ 6.471048746, 13.266020678 ], [ 6.448809513, 13.229350307 ], [ 6.440603073, 13.191451319 ], [ 6.447160794, 13.152265243 ], [ 6.463533897, 13.111770226 ], [ 6.480763434, 13.069981321 ], [ 6.489108981, 13.026949557 ], [ 6.481511845, 12.982759875 ], [ 6.455906641, 12.937527988 ], [ 6.415529485, 12.891396298 ], [ 6.367247237, 12.844529033 ], [ 6.318749178, 12.797106768 ], [ 6.275840946, 12.749320525 ], [ 6.24090784, 12.701365679 ], [ 6.212987916, 12.653435853 ], [ 6.189135182, 12.605717038 ], [ 6.166223591, 12.558382112 ], [ 6.142274459, 12.511585958 ], [ 6.11677671, 12.465461318 ], [ 6.09008027, 12.420115529 ], [ 6.062447473, 12.375628223 ], [ 6.03348524, 12.332050056 ], [ 6.002392864, 12.289402485 ], [ 5.96891518, 12.24767858 ], [ 5.934395263, 12.206844813 ], [ 5.902158571, 12.16684374 ], [ 5.850754952, 12.16718647 ], [ 5.804926135, 12.170481998 ], [ 5.766404676, 12.178081958 ], [ 5.735362844, 12.19091496 ], [ 5.710065869, 12.209166806 ], [ 5.687083873, 12.23212415 ], [ 5.662054416, 12.258225391 ], [ 5.630804104, 12.285309326 ], [ 5.605657409, 12.362367998 ], [ 5.578088584, 12.431296224 ], [ 5.548784475, 12.488777865 ], [ 5.518539812, 12.533983183 ], [ 5.488205955, 12.568413806 ], [ 5.458636238, 12.595051769 ], [ 5.430631725, 12.617169291 ], [ 5.404891119, 12.637255764 ], [ 5.381968277, 12.656442009 ], [ 5.362240174, 12.674584593 ], [ 5.34588744, 12.690903886 ], [ 5.332888628, 12.704855282 ], [ 5.323028438, 12.71683623 ], [ 5.31591906, 12.728418624 ], [ 5.378184147, 12.76015432 ], [ 5.442114232, 12.791871347 ], [ 5.501234548, 12.8234922 ], [ 5.552919052, 12.854942745 ], [ 5.598694057, 12.886153776 ], [ 5.642389313, 12.917062416 ], [ 5.68741191, 12.947613336 ], [ 5.73479009, 12.977759769 ], [ 5.783044061, 13.007464284 ], [ 5.829767256, 13.036699309 ], [ 5.873748538, 13.065447394 ], [ 5.9161546, 13.093701212 ], [ 5.959901292, 13.121463296 ], [ 6.007507082, 13.148745531 ], [ 6.058743353, 13.17556842 ], [ 6.109649705, 13.201960142 ], [ 6.153782805, 13.227955439 ], [ 6.185286536, 13.253594356 ], [ 6.202235582, 13.278920891 ], [ 6.208384721, 13.303981577 ], [ 6.212180258, 13.328824042 ], [ 6.223301476, 13.353495601 ], [ 6.248342997, 13.378041903 ], [ 6.287782549, 13.402505682 ], [ 6.33578932, 13.426925649 ], [ 6.382281253, 13.45093264 ], [ 6.412739509, 13.471719753 ], [ 6.428839055, 13.490754605 ], [ 6.443522804, 13.50927372 ], [ 6.469929906, 13.529662285 ] ] ] } },
{ "type": "Feature", "properties": { "legend_id": "L73", "name": "Shale and Limestone", "legend_original": "Shale and Limestone", "ngsa_code": "Esh/ANsh", "formation": "Imo Group / Awgu Formation", "age": "Lower Eocene / Coniacian", "province": "SE (Imo/Awgu)", "seed_lon": 7.55, "seed_lat": 5.85, "fill_hex": "#E043AC" }, "geometry": { "type": "Polygon", "coordinates": [ [ [ 7.402836005, 5.216236015 ], [ 7.368072908, 5.234514071 ], [ 7.363145593, 5.279953075 ], [ 7.356271332, 5.332431448 ], [ 7.346777489, 5.390528848 ], [ 7.334468581, 5.452378553 ], [ 7.319660614, 5.516168915 ], [ 7.303148613, 5.580437351 ], [ 7.286110849, 5.644092549 ], [ 7.269961279, 5.70621785 ], [ 7.256168287, 5.76579802 ], [ 7.246062142, 5.821539829 ], [ 7.240655048, 5.871914257 ], [ 7.240496159, 5.915451543 ], [ 7.24557961, 5.951206364 ], [ 7.255317093, 5.979223307 ], [ 7.268578534, 6.000807189 ], [ 7.28379614, 6.018451911 ], [ 7.299119396, 6.035391224 ], [ 7.312602583, 6.054868399 ], [ 7.322402672, 6.079332007 ], [ 7.365232907, 6.106063674 ], [ 7.390005013, 6.132794723 ], [ 7.397990668, 6.159526676 ], [ 7.415410535, 6.171360984 ], [ 7.430204856, 6.185682411 ], [ 7.445107501, 6.200674 ], [ 7.462231089, 6.214348621 ], [ 7.482809493, 6.225048018 ], [ 7.50718835, 6.231827 ], [ 7.539219521, 6.207330455 ], [ 7.571221255, 6.176819701 ], [ 7.603171876, 6.142182949 ], [ 7.635049303, 6.104705616 ], [ 7.666831213, 6.064074208 ], [ 7.698495195, 6.018679369 ], [ 7.730018918, 5.967074588 ], [ 7.761380291, 5.909728639 ], [ 7.792557637, 5.849967083 ], [ 7.823529855, 5.793382341 ], [ 7.854276586, 5.745810426 ], [ 7.884778379, 5.710788412 ], [ 7.915016843, 5.687771946 ], [ 7.944974807, 5.672089481 ], [ 7.939914482, 5.638509079 ], [ 7.933188853, 5.604711223 ], [ 7.924181031, 5.570099749 ], [ 7.911212587, 5.53416647 ], [ 7.892196255, 5.496528173 ], [ 7.865835784, 5.456953313 ], [ 7.832769792, 5.415376447 ], [ 7.796018627, 5.371899436 ], [ 7.760379073, 5.326779482 ], [ 7.730897657, 5.280405094 ], [ 7.711014532, 5.233262014 ], [ 7.701183773, 5.185891914 ], [ 7.698627017, 5.138847216 ], [ 7.69841484, 5.092645654 ], [ 7.695490669, 5.047728216 ], [ 7.664474808, 5.07562132 ], [ 7.63318849, 5.108293473 ], [ 7.601573354, 5.140698197 ], [ 7.569578838, 5.167721701 ], [ 7.537163496, 5.18624855 ], [ 7.504296065, 5.196386593 ], [ 7.47095626, 5.201379082 ], [ 7.437135279, 5.206312576 ], [ 7.402836005, 5.216236015 ] ] ] } },
{ "type": "Feature", "properties": { "legend_id": "L74", "name": "Shale and Limestone with Sandstone Intercalations", "legend_original": "Shale and Limestone with Sandstone Intercalations", "ngsa_code": "Arlsh", "formation": "Asu River Group", "age": "Albian", "province": "SE Lower Benue", "seed_lon": 8.25, "seed_lat": 6.45, "fill_hex": "#25F1F9" }, "geometry": { "type": "Polygon", "coordinates": [ [ [ 8.126765653, 6.114939237 ], [ 8.108392044, 6.089034636 ], [ 8.077605016, 6.135779835 ], [ 8.046886941, 6.189275821 ], [ 8.016255555, 6.243919658 ], [ 7.985728951, 6.293905268 ], [ 7.955325454, 6.335482728 ], [ 7.925063489, 6.368204865 ], [ 7.894961453, 6.394649708 ], [ 7.865037573, 6.418842534 ], [ 7.835309771, 6.444206345 ], [ 7.839342657, 6.47602704 ], [ 7.847857062, 6.507944581 ], [ 7.867142368, 6.540102863 ], [ 7.900464303, 6.572628255 ], [ 7.946265569, 6.605626172 ], [ 7.998231591, 6.639178466 ], [ 8.047348051, 6.673341726 ], [ 8.106545769, 6.676200004 ], [ 8.153622285, 6.680196478 ], [ 8.189222122, 6.686435304 ], [ 8.217617728, 6.695598097 ], [ 8.245334952, 6.707804843 ], [ 8.279044351, 6.722592155 ], [ 8.323471144, 6.739012273 ], [ 8.380049131, 6.755830029 ], [ 8.446743892, 6.771773987 ], [ 8.519020891, 6.785786775 ], [ 8.591514133, 6.797220639 ], [ 8.659723951, 6.805937113 ], [ 8.721119751, 6.812291586 ], [ 8.775313875, 6.817009377 ], [ 8.823377202, 6.820984108 ], [ 8.866714899, 6.825046181 ], [ 8.906070095, 6.829755315 ], [ 8.941119938, 6.835265022 ], [ 8.970826393, 6.841290023 ], [ 8.994340239, 6.847183735 ], [ 9.011991836, 6.852107437 ], [ 9.02585191, 6.855251394 ], [ 9.039531492, 6.856055867 ], [ 9.057230803, 6.85437935 ], [ 9.082393356, 6.850572933 ], [ 9.116521092, 6.845440666 ], [ 9.158668067, 6.840091761 ], [ 9.125555739, 6.818913274 ], [ 9.105432846, 6.797667155 ], [ 9.098657582, 6.776289133 ], [ 9.100672515, 6.754717006 ], [ 9.10396328, 6.732892185 ], [ 9.101267828, 6.710761139 ], [ 9.088305517, 6.688276727 ], [ 9.064675166, 6.66539936 ], [ 9.032674373, 6.642097961 ], [ 8.994974654, 6.618350726 ], [ 8.952675538, 6.594145627 ], [ 8.904934619, 6.569480678 ], [ 8.850339046, 6.544363939 ], [ 8.78906235, 6.518813265 ], [ 8.724306015, 6.492855812 ], [ 8.66189184, 6.466527304 ], [ 8.607954663, 6.439871101 ], [ 8.56586741, 6.412937066 ], [ 8.534118683, 6.385780298 ], [ 8.506485003, 6.358459731 ], [ 8.474664357, 6.331036669 ], [ 8.432192693, 6.303573274 ], [ 8.377694484, 6.276131059 ], [ 8.315769517, 6.248769431 ], [ 8.254986045, 6.221544307 ], [ 8.203927652, 6.19450686 ], [ 8.167243283, 6.167702414 ], [ 8.14364232, 6.14116952 ], [ 8.126765653, 6.114939237 ] ] ] } },
{ "type": "Feature", "properties": { "legend_id": "L75", "name": "Shale and Mudstone", "legend_original": "Shale and Mudstone", "ngsa_code": "Nsh", "formation": "Nkporo Formation (incl. Enugu Shale)", "age": "Coniacian", "province": "SE (Nkporo)", "seed_lon": 7.9, "seed_lat": 6.15, "fill_hex": "#2131E0" }, "geometry": { "type": "Polygon", "coordinates": [ [ [ 8.076378442, 5.885163035 ], [ 8.068569763, 5.851125718 ], [ 8.040623804, 5.821554489 ], [ 8.019720845, 5.791864325 ], [ 8.002548518, 5.762063641 ], [ 7.985375677, 5.732161338 ], [ 7.966117361, 5.702166733 ], [ 7.944974807, 5.672089481 ], [ 7.915016843, 5.687771946 ], [ 7.884778379, 5.710788412 ], [ 7.854276586, 5.745810426 ], [ 7.823529855, 5.793382341 ], [ 7.792557637, 5.849967083 ], [ 7.761380291, 5.909728639 ], [ 7.730018918, 5.967074588 ], [ 7.698495195, 6.018679369 ], [ 7.666831213, 6.064074208 ], [ 7.635049303, 6.104705616 ], [ 7.603171876, 6.142182949 ], [ 7.571221255, 6.176819701 ], [ 7.539219521, 6.207330455 ], [ 7.50718835, 6.231827 ], [ 7.513755278, 6.257046446 ], [ 7.52506414, 6.282251692 ], [ 7.54043991, 6.307453516 ], [ 7.559779304, 6.332662668 ], [ 7.583380489, 6.357889826 ], [ 7.611189778, 6.383145565 ], [ 7.642010496, 6.40844031 ], [ 7.673271055, 6.433784301 ], [ 7.720543838, 6.437891126 ], [ 7.763696875, 6.440075377 ], [ 7.801738202, 6.4417284 ], [ 7.835309771, 6.444206345 ], [ 7.865037573, 6.418842534 ], [ 7.894961453, 6.394649708 ], [ 7.925063489, 6.368204865 ], [ 7.955325454, 6.335482728 ], [ 7.985728951, 6.293905268 ], [ 8.016255555, 6.243919658 ], [ 8.046886941, 6.189275821 ], [ 8.077605016, 6.135779835 ], [ 8.108392044, 6.089034636 ], [ 8.11156316, 6.041261059 ], [ 8.108291609, 5.997389892 ], [ 8.099458418, 5.957228467 ], [ 8.087688661, 5.920143137 ], [ 8.076378442, 5.885163035 ] ] ] } },
{ "type": "Feature", "properties": { "legend_id": "L76", "name": "Shale, Limestone and Sandstone", "legend_original": "Shale, Limestone and Sandstone", "ngsa_code": "Psh", "formation": "Pindiga Formation", "age": "Turonian pre-Maastrichtian", "province": "Gongola (Pindiga)", "seed_lon": 11.15, "seed_lat": 9.95, "fill_hex": "#E064E0" }, "geometry": { "type": "Polygon", "coordinates": [ [ [ 11.471773909, 10.226683514 ], [ 11.536723418, 10.24818665 ], [ 11.604462568, 10.272062842 ], [ 11.631907286, 10.267855629 ], [ 11.659311533, 10.25968245 ], [ 11.686678165, 10.245063998 ], [ 11.714010119, 10.225376415 ], [ 11.741310408, 10.204591509 ], [ 11.768582123, 10.186877901 ], [ 11.795828429, 10.17419849 ], [ 11.82305256, 10.165023952 ], [ 11.850257819, 10.154740015 ], [ 11.87744757, 10.137522819 ], [ 11.805443426, 10.113166086 ], [ 11.738531702, 10.087056024 ], [ 11.678030507, 10.059477559 ], [ 11.621934995, 10.030787747 ], [ 11.567066212, 10.00138853 ], [ 11.511396782, 9.971696313 ], [ 11.455318175, 9.942110857 ], [ 11.401300694, 9.912986076 ], [ 11.352329971, 9.88460513 ], [ 11.310166572, 9.857161813 ], [ 11.27451347, 9.830749714 ], [ 11.243585168, 9.805359916 ], [ 11.21569666, 9.780887297 ], [ 11.190832673, 9.757144741 ], [ 11.171102427, 9.733883902 ], [ 11.159585055, 9.710820632 ], [ 11.158011769, 9.687662778 ], [ 11.16449593, 9.664137931 ], [ 11.172669441, 9.640018691 ], [ 11.172989094, 9.615143327 ], [ 11.155911716, 9.589430104 ], [ 11.1156384, 9.562884159 ], [ 11.052721156, 9.535596485 ], [ 10.974248491, 9.507735272 ], [ 10.891399753, 9.479530564 ], [ 10.815366828, 9.45125374 ], [ 10.753394343, 9.423193804 ], [ 10.706616565, 9.395632692 ], [ 10.670511498, 9.368821889 ], [ 10.637577994, 9.34296248 ], [ 10.600866566, 9.318190411 ], [ 10.588172811, 9.337946017 ], [ 10.583881523, 9.375249149 ], [ 10.577528355, 9.417121698 ], [ 10.570830172, 9.464243935 ], [ 10.565808302, 9.516925802 ], [ 10.564416578, 9.575183709 ], [ 10.568150202, 9.638797752 ], [ 10.577708178, 9.707315562 ], [ 10.592776141, 9.779997769 ], [ 10.61197729, 9.85573114 ], [ 10.633010082, 9.93295838 ], [ 10.652957579, 10.009680149 ], [ 10.668721151, 10.083571873 ], [ 10.677506887, 10.152227727 ], [ 10.67728133, 10.213505016 ], [ 10.667116586, 10.265904976 ], [ 10.647363041, 10.308902446 ], [ 10.619617749, 10.343134979 ], [ 10.627672937, 10.360111414 ], [ 10.631654319, 10.37083116 ], [ 10.638327015, 10.375189261 ], [ 10.652936849, 10.373753501 ], [ 10.677998518, 10.367540245 ], [ 10.7130608, 10.35773603 ], [ 10.755435358, 10.34543616 ], [ 10.801534583, 10.331462744 ], [ 10.848275575, 10.316301012 ], [ 10.894035818, 10.300160336 ], [ 10.938868867, 10.28313334 ], [ 10.984007635, 10.265400912 ], [ 11.030966229, 10.247419072 ], [ 11.080686316, 10.23002836 ], [ 11.133112167, 10.214446474 ], [ 11.187354473, 10.202135295 ], [ 11.242317643, 10.194566703 ], [ 11.297443802, 10.192939395 ], [ 11.353165574, 10.197914298 ], [ 11.41078692, 10.20943518 ], [ 11.471773909, 10.226683514 ] ] ] } },
{ "type": "Feature", "properties": { "legend_id": "L77", "name": "Shale, Sandclay, Calcareous Sandstones", "legend_original": "Shale, Sandclay, Calcareous sandstones", "ngsa_code": "Yls", "formation": "Yola-Bima-Yolde Formation", "age": "Albian/Cenomanian", "province": "Upper Benue (Yola)", "seed_lon": 12.15, "seed_lat": 9.15, "fill_hex": "#BCF925" }, "geometry": { "type": "Polygon", "coordinates": [ [ [ 12.12514506, 9.861466448 ], [ 12.169491722, 9.911981807 ], [ 12.21928432, 9.910171179 ], [ 12.255459286, 9.910109941 ], [ 12.279668334, 9.911168219 ], [ 12.296407371, 9.912779764 ], [ 12.311586705, 9.914649662 ], [ 12.330647616, 9.916880385 ], [ 12.356940511, 9.919986356 ], [ 12.390970186, 9.924793496 ], [ 12.430759855, 9.932247107 ], [ 12.473132625, 9.943172936 ], [ 12.515343478, 9.958047432 ], [ 12.556366721, 9.976831688 ], [ 12.597304868, 9.998909586 ], [ 12.640766252, 10.023147504 ], [ 12.689500411, 10.048065765 ], [ 12.744897484, 10.072086909 ], [ 12.806018303, 10.093808552 ], [ 12.869600715, 10.112242905 ], [ 12.931077671, 10.126972223 ], [ 12.986215441, 10.138188021 ], [ 13.032714123, 10.146607538 ], [ 13.071118474, 10.15328802 ], [ 13.104662257, 10.159381765 ], [ 13.133990378, 10.16248741 ], [ 13.163254403, 10.162078931 ], [ 13.197972462, 10.162106426 ], [ 13.236579681, 10.163579644 ], [ 13.275921692, 10.166220111 ], [ 13.314557454, 10.169922796 ], [ 13.361469079, 10.179175095 ], [ 13.404495385, 10.186777477 ], [ 13.435754448, 10.18941063 ], [ 13.470614285674355, 10.19412285695598 ], [ 13.4689, 10.1861 ], [ 13.4622, 10.1719 ], [ 13.4517, 10.1544 ], [ 13.431, 10.13705 ], [ 13.4103, 10.1197 ], [ 13.3957, 10.1102 ], [ 13.35685, 10.10495 ], [ 13.318, 10.0997 ], [ 13.3166, 10.0937 ], [ 13.3122, 10.0882 ], [ 13.2915, 10.0802 ], [ 13.2896, 10.0755 ], [ 13.2853, 10.0713 ], [ 13.2804, 10.0699 ], [ 13.2749, 10.058 ], [ 13.2617, 10.0567 ], [ 13.2571, 10.0508 ], [ 13.2523, 10.0407 ], [ 13.2451, 10.0376 ], [ 13.2439, 10.0317 ], [ 13.2622, 10.0118 ], [ 13.2864, 9.9711 ], [ 13.2746, 9.9384 ], [ 13.2458, 9.9223 ], [ 13.2355, 9.9077 ], [ 13.2375, 9.9003 ], [ 13.237, 9.8934 ], [ 13.2447, 9.8724 ], [ 13.2406, 9.8542 ], [ 13.25015, 9.80295 ], [ 13.253333333, 9.785866667 ], [ 13.2597, 9.7517 ], [ 13.2561, 9.71225 ], [ 13.2525, 9.6728 ], [ 13.249958302583027, 9.644947232472324 ], [ 13.2453, 9.5939 ], [ 13.2392, 9.5789 ], [ 13.2306, 9.5676 ], [ 13.2187, 9.5426 ], [ 13.2152, 9.5444 ], [ 13.205, 9.5394 ], [ 13.1958, 9.5311 ], [ 13.1867, 9.5267 ], [ 13.1509, 9.5147 ], [ 13.1188, 9.51335 ], [ 13.0867, 9.512 ], [ 13.0659, 9.5069 ], [ 13.0495, 9.5069 ], [ 13.0239, 9.4961 ], [ 12.9883, 9.4697 ], [ 12.9682, 9.4519 ], [ 12.944733333, 9.4173 ], [ 12.933000021204068, 9.400000031263952 ], [ 12.8978, 9.3481 ], [ 12.9062, 9.3414 ], [ 12.913954852546917, 9.244311286863272 ], [ 12.91532, 9.22722 ], [ 12.91836, 9.18916 ], [ 12.9214, 9.1511 ], [ 12.931850011495889, 9.107299951816271 ], [ 12.935333333, 9.0927 ], [ 12.9423, 9.0635 ], [ 12.93375, 9.0283 ], [ 12.9252, 8.9931 ], [ 12.8493, 8.9802 ], [ 12.8443, 8.9712 ], [ 12.856533333, 8.9293 ], [ 12.862650016298087, 8.908349944177941 ], [ 12.881, 8.8455 ], [ 12.880233333, 8.8138 ], [ 12.87985, 8.79795 ], [ 12.8787, 8.7504 ], [ 12.8573, 8.6861 ], [ 12.83705, 8.66825 ], [ 12.8168, 8.6504 ], [ 12.82155, 8.6076 ], [ 12.8263, 8.5648 ], [ 12.7906, 8.56835 ], [ 12.7549, 8.5719 ], [ 12.7311, 8.5124 ], [ 12.70615, 8.4898 ], [ 12.6812, 8.4672 ], [ 12.6026, 8.4934 ], [ 12.586, 8.4648 ], [ 12.5527, 8.46005 ], [ 12.5194, 8.4553 ], [ 12.4801, 8.4553 ], [ 12.4408, 8.4553 ], [ 12.401356269759479, 8.441888378256326 ], [ 12.374252916, 8.470772671 ], [ 12.355622616, 8.49987385 ], [ 12.335856918, 8.525646414 ], [ 12.328514648, 8.552321796 ], [ 12.321904219, 8.584270521 ], [ 12.308019228, 8.625155256 ], [ 12.27652479, 8.667417166 ], [ 12.240041881, 8.703198189 ], [ 12.203695322, 8.727531312 ], [ 12.167561797, 8.738999486 ], [ 12.131709665, 8.741345748 ], [ 12.096197126, 8.741546934 ], [ 12.061070641, 8.746488764 ], [ 12.026363646, 8.759974335 ], [ 11.992095582, 8.781520861 ], [ 11.958271283, 8.807368773 ], [ 11.924880712, 8.832935436 ], [ 11.891899076, 8.855252363 ], [ 11.8592873, 8.874086563 ], [ 11.826992857, 8.891325611 ], [ 11.794950932, 8.909261261 ], [ 11.776005676, 8.940654355 ], [ 11.755141876, 8.972494054 ], [ 11.749548771, 9.012494667 ], [ 11.739598261, 9.052389479 ], [ 11.726533741, 9.092309678 ], [ 11.710507954, 9.132390716 ], [ 11.692081847, 9.17276739 ], [ 11.673580276, 9.213569069 ], [ 11.659368694, 9.254915206 ], [ 11.654722498, 9.296911297 ], [ 11.66377433, 9.339645397 ], [ 11.6876004, 9.383185292 ], [ 11.723520795, 9.42757641 ], [ 11.766111206, 9.472840511 ], [ 11.809541508, 9.518975181 ], [ 11.850128982, 9.565954108 ], [ 11.887813705, 9.613728115 ], [ 11.925750173, 9.66222688 ], [ 11.968138152, 9.711361264 ], [ 12.017326145, 9.761026137 ], [ 12.071646111, 9.811103598 ], [ 12.12514506, 9.861466448 ] ] ] } },
{ "type": "Feature", "properties": { "legend_id": "L78", "name": "Silicified, Sheared Rocks, Large Quartz Veins", "legend_original": "Silicified, sheared rocks, large quartz veins", "ngsa_code": "qs", "formation": "Cataclastic Rocks (Kalangai-Zungeru-Ifewara)", "age": "Pre-Cambrian", "province": "Central shear", "seed_lon": 5.35, "seed_lat": 10.15, "fill_hex": "#33E021" }, "geometry": { "type": "Polygon", "coordinates": [ [ [ 5.156146986, 9.492534022 ], [ 5.126649043, 9.496294528 ], [ 5.100189249, 9.537785288 ], [ 5.075120086, 9.588690663 ], [ 5.05123898, 9.648840487 ], [ 5.028319338, 9.716455635 ], [ 5.006126387, 9.787882961 ], [ 4.984432915, 9.858191989 ], [ 4.963034133, 9.922561279 ], [ 4.941760897, 9.977942594 ], [ 4.920490621, 10.024262621 ], [ 4.899155342, 10.064538344 ], [ 4.920805406, 10.096566838 ], [ 4.943190893, 10.128521409 ], [ 4.971814323, 10.160400223 ], [ 5.013222526, 10.192201643 ], [ 5.071392875, 10.223924233 ], [ 5.144876348, 10.255566761 ], [ 5.226253379, 10.287128203 ], [ 5.304355242, 10.318607747 ], [ 5.368327665, 10.350004794 ], [ 5.411678147, 10.381318961 ], [ 5.434443264, 10.412550083 ], [ 5.442540837, 10.44369821 ], [ 5.444750173, 10.474763611 ], [ 5.448878698, 10.505746774 ], [ 5.458961915, 10.536648399 ], [ 5.474687796, 10.567469403 ], [ 5.493017149, 10.598210912 ], [ 5.510853256, 10.628874264 ], [ 5.527183377, 10.659460998 ], [ 5.543565306, 10.689972856 ], [ 5.574194866, 10.686396784 ], [ 5.607201427, 10.68156618 ], [ 5.643249543, 10.676119559 ], [ 5.682400586, 10.671048968 ], [ 5.724090538, 10.667396568 ], [ 5.767272482, 10.665931699 ], [ 5.773217792, 10.621163404 ], [ 5.778395191, 10.576327391 ], [ 5.783640681, 10.529941046 ], [ 5.789883348, 10.480670704 ], [ 5.797979175, 10.427913636 ], [ 5.808564931, 10.372223016 ], [ 5.821954544, 10.315401959 ], [ 5.838091795, 10.260191061 ], [ 5.856562804, 10.20960517 ], [ 5.876661571, 10.166096598 ], [ 5.897493562, 10.130792658 ], [ 5.918097237, 10.103049505 ], [ 5.937562297, 10.080480236 ], [ 5.955126112, 10.059476944 ], [ 5.970235605, 10.036096134 ], [ 5.982569463, 10.007061805 ], [ 5.99202341, 9.970597829 ], [ 5.998667886, 9.926846004 ], [ 5.960694458, 9.9031372 ], [ 5.92114774, 9.879063812 ], [ 5.878768173, 9.85454522 ], [ 5.830846481, 9.829512252 ], [ 5.775407248, 9.80390879 ], [ 5.713167981, 9.777692939 ], [ 5.648066716, 9.750837704 ], [ 5.585960235, 9.723331171 ], [ 5.532137047, 9.695176198 ], [ 5.488985137, 9.66638963 ], [ 5.45511271, 9.637001078 ], [ 5.426452455, 9.607051312 ], [ 5.398796824, 9.57659034 ], [ 5.362607185, 9.562260937 ], [ 5.326442503, 9.544102996 ], [ 5.290505127, 9.525973202 ], [ 5.255116171, 9.510748872 ], [ 5.220667971, 9.499916514 ], [ 5.187562851, 9.493850225 ], [ 5.156146986, 9.492534022 ] ] ] } },
{ "type": "Feature", "properties": { "legend_id": "L79", "name": "Slate, Phyllite and Meta-Siltstone, locally Hornfelsic/Carbonaceous", "legend_original": "Slate phyllite and meta siltstone, locally hornfelstic/carbonaceous", "ngsa_code": "Sp", "formation": "Meta-Sedimentary/Meta-Volcanic Series", "age": "Pre-Cambrian", "province": "W (Kwara)", "seed_lon": 4.15, "seed_lat": 8.75, "fill_hex": "#9725F9" }, "geometry": { "type": "Polygon", "coordinates": [ [ [ 4.059759135, 8.271904212 ], [ 4.027641499, 8.240022648 ], [ 3.99518861, 8.208536362 ], [ 3.957813304, 8.201536292 ], [ 3.920361678, 8.209819303 ], [ 3.883060389, 8.235964236 ], [ 3.846160322, 8.278175047 ], [ 3.809918878, 8.330720683 ], [ 3.774581435, 8.385767293 ], [ 3.740363129, 8.435923961 ], [ 3.707432073, 8.476531801 ], [ 3.675895051, 8.506837099 ], [ 3.67092442, 8.552072685 ], [ 3.669595889, 8.595847927 ], [ 3.671945033, 8.639153802 ], [ 3.677353175, 8.682961545 ], [ 3.68494732, 8.728081188 ], [ 3.693959731, 8.775045259 ], [ 3.703924184, 8.824031713 ], [ 3.714658522, 8.87483477 ], [ 3.746506783, 8.916310397 ], [ 3.779698979, 8.957948916 ], [ 3.812756785, 8.999715763 ], [ 3.842672977, 9.041573812 ], [ 3.866228159, 9.083483779 ], [ 3.881948362, 9.125404656 ], [ 3.891512069, 9.16729419 ], [ 3.899606736, 9.209109374 ], [ 3.912043693, 9.250806972 ], [ 3.932938935, 9.292344046 ], [ 3.962399963, 9.333678499 ], [ 3.996044785, 9.374769607 ], [ 4.026828894, 9.415578545 ], [ 4.048480784, 9.456068899 ], [ 4.058952117, 9.496207148 ], [ 4.090217671, 9.463759284 ], [ 4.121127651, 9.426181443 ], [ 4.151951702, 9.390067084 ], [ 4.182974207, 9.359778834 ], [ 4.21448151, 9.335643204 ], [ 4.246748828, 9.31387013 ], [ 4.280027517, 9.288276701 ], [ 4.303566636, 9.231770627 ], [ 4.327986753, 9.163312517 ], [ 4.352842821, 9.08454277 ], [ 4.377738204, 9.00110233 ], [ 4.402348009, 8.920955361 ], [ 4.426436976, 8.851915884 ], [ 4.449870866, 8.799319289 ], [ 4.472620713, 8.764662688 ], [ 4.494759724, 8.74560183 ], [ 4.516453109, 8.737137472 ], [ 4.537941534, 8.733390391 ], [ 4.559519304, 8.72922426 ], [ 4.531670982, 8.696902889 ], [ 4.505627092, 8.664479062 ], [ 4.484914734, 8.631947509 ], [ 4.469748433, 8.599308492 ], [ 4.456217337, 8.566568532 ], [ 4.437747524, 8.533740962 ], [ 4.408131808, 8.500846289 ], [ 4.364575981, 8.467912346 ], [ 4.309187036, 8.434974231 ], [ 4.248137896, 8.402074019 ], [ 4.188950537, 8.369260263 ], [ 4.13729998, 8.336587285 ], [ 4.094946955, 8.304114274 ], [ 4.059759135, 8.271904212 ] ] ] } },
{ "type": "Feature", "properties": { "legend_id": "L80", "name": "Syenite, Quartz-Syenite and Gabbro", "legend_original": "Syenite, Quartz-Syenite and Gabbro", "ngsa_code": "Mys", "formation": "Per-Alkaline Younger Granite Series", "age": "Jurassic", "province": "Jos Plateau east", "seed_lon": 9.55, "seed_lat": 9.65, "fill_hex": "#4AAAF9" }, "geometry": { "type": "Polygon", "coordinates": [ [ [ 9.276319977, 9.754980601 ], [ 9.277594103, 9.786690469 ], [ 9.320108124, 9.809612893 ], [ 9.364819348, 9.833152154 ], [ 9.415482994, 9.857484936 ], [ 9.472603435, 9.8827291 ], [ 9.533297668, 9.908928295 ], [ 9.592899425, 9.936042941 ], [ 9.609777794, 9.924347027 ], [ 9.626768143, 9.912475985 ], [ 9.643959907, 9.895139224 ], [ 9.661437453, 9.868730518 ], [ 9.679278556, 9.832778862 ], [ 9.697553037, 9.790304065 ], [ 9.716321563, 9.746837533 ], [ 9.735634652, 9.708399301 ], [ 9.755531883, 9.679163196 ], [ 9.776041346, 9.659703086 ], [ 9.797179315, 9.646517645 ], [ 9.75415427, 9.617001426 ], [ 9.715630789, 9.588122314 ], [ 9.680535919, 9.560242129 ], [ 9.645736568, 9.533663214 ], [ 9.60705522, 9.508613608 ], [ 9.561010097, 9.485236745 ], [ 9.506581581, 9.463586314 ], [ 9.475119942, 9.496850286 ], [ 9.443700254, 9.537309817 ], [ 9.412326343, 9.578846086 ], [ 9.381002005, 9.615129593 ], [ 9.349730996, 9.642045624 ], [ 9.318517024, 9.659014761 ], [ 9.287363742, 9.668792902 ], [ 9.256274743, 9.676017357 ], [ 9.266207156, 9.700289401 ], [ 9.2728284, 9.726341615 ], [ 9.276319977, 9.754980601 ] ] ] } },
{ "type": "Feature", "properties": { "legend_id": "L81", "name": "Syenite, mainly of Pyroxene Diorite Composition", "legend_original": "Syenite, mainly of Pyroxenen Diorite composition", "ngsa_code": "OGS", "formation": "Pan-African Older Granite Series", "age": "Pre-Cambrian", "province": "Central north (Kano)", "seed_lon": 8.85, "seed_lat": 11.35, "fill_hex": "#E0435F" }, "geometry": { "type": "Polygon", "coordinates": [ [ [ 8.878250265, 10.903302092 ], [ 8.849784165, 10.912941362 ], [ 8.827346538, 10.951760399 ], [ 8.801852986, 10.984266329 ], [ 8.773806318, 11.008664582 ], [ 8.743836244, 11.025843493 ], [ 8.712661722, 11.03908778 ], [ 8.681047575, 11.053043821 ], [ 8.649758208, 11.07237945 ], [ 8.619511439, 11.100636698 ], [ 8.59093549, 11.13963235 ], [ 8.564531958, 11.189493932 ], [ 8.5406472, 11.24914949 ], [ 8.519454016, 11.316932939 ], [ 8.500944814, 11.390982357 ], [ 8.484936689, 11.469276747 ], [ 8.471088043, 11.549390357 ], [ 8.458925612, 11.628227537 ], [ 8.447880052, 11.702044448 ], [ 8.437327686, 11.766941015 ], [ 8.426635575, 11.819769082 ], [ 8.415206895, 11.859158683 ], [ 8.457761461, 11.887011779 ], [ 8.488029808, 11.914683428 ], [ 8.506002966, 11.942179216 ], [ 8.517771804, 11.969505064 ], [ 8.532498465, 11.996667219 ], [ 8.558264895, 12.023672239 ], [ 8.598798778, 12.05052698 ], [ 8.652492434, 12.077238577 ], [ 8.713882981, 12.103814436 ], [ 8.776535741, 12.130262209 ], [ 8.835705362, 12.156589784 ], [ 8.889492618, 12.182805266 ], [ 8.938214126, 12.208916958 ], [ 8.982755392, 12.234933342 ], [ 9.023182952, 12.260863065 ], [ 9.058585788, 12.286714914 ], [ 9.088215881, 12.3124978 ], [ 9.113064832, 12.338220741 ], [ 9.117475701, 12.297088522 ], [ 9.120077282, 12.252348107 ], [ 9.119969503, 12.203540796 ], [ 9.116708704, 12.150377131 ], [ 9.110254989, 12.092756662 ], [ 9.100838106, 12.030823185 ], [ 9.088807581, 11.96504601 ], [ 9.074529329, 11.896300796 ], [ 9.058366953, 11.825913496 ], [ 9.040749646, 11.755631958 ], [ 9.022291808, 11.687502318 ], [ 9.003904301, 11.623649353 ], [ 8.986832177, 11.565986021 ], [ 8.972571406, 11.515900991 ], [ 8.962653244, 11.473987369 ], [ 8.958329305, 11.439876376 ], [ 8.96022994, 11.4122248 ], [ 8.968090591, 11.388876861 ], [ 8.980637192, 11.36718516 ], [ 8.995690999, 11.34443964 ], [ 9.010501828, 11.318326134 ], [ 9.022258905, 11.287324175 ], [ 9.028676328, 11.250960839 ], [ 9.028519916, 11.209863138 ], [ 9.02194395, 11.165591023 ], [ 9.010541584, 11.12027842 ], [ 8.997074849, 11.076151081 ], [ 8.984924861, 11.035018248 ], [ 8.977372029, 10.997843601 ], [ 8.976862155, 10.964487183 ], [ 8.984424925, 10.933676464 ], [ 8.999382361, 10.903218043 ], [ 8.972602003, 10.896149281 ], [ 8.948699692, 10.890833949 ], [ 8.926143585, 10.890099276 ], [ 8.903221006, 10.894713186 ], [ 8.878250265, 10.903302092 ] ] ] } },
{ "type": "Feature", "properties": { "legend_id": "L82", "name": "Trachy-Andesine", "legend_original": "Trachy - andesine", "ngsa_code": "JyA", "formation": "Younger Granite Series", "age": "Jurassic", "province": "Jos Plateau SE", "seed_lon": 9.75, "seed_lat": 9.25, "fill_hex": "#F96225" }, "geometry": { "type": "Polygon", "coordinates": [ [ [ 9.46585475, 9.425680075 ], [ 9.506581581, 9.463586314 ], [ 9.561010097, 9.485236745 ], [ 9.60705522, 9.508613608 ], [ 9.645736568, 9.533663214 ], [ 9.680535919, 9.560242129 ], [ 9.715630789, 9.588122314 ], [ 9.75415427, 9.617001426 ], [ 9.797179315, 9.646517645 ], [ 9.847489805, 9.661755717 ], [ 9.898178775, 9.671104096 ], [ 9.94865285, 9.669393972 ], [ 9.998518599, 9.654050832 ], [ 10.047684312, 9.625683723 ], [ 10.096368421, 9.587652432 ], [ 10.145013657, 9.544843447 ], [ 10.194130227, 9.502153269 ], [ 10.244109927, 9.463239933 ], [ 10.295061651, 9.429945897 ], [ 10.346715147, 9.40249185 ], [ 10.398424628, 9.380221861 ], [ 10.449280334, 9.362477247 ], [ 10.498309744, 9.349168398 ], [ 10.544726792, 9.340794628 ], [ 10.588172811, 9.337946017 ], [ 10.600866566, 9.318190411 ], [ 10.605439287, 9.289805412 ], [ 10.607570144, 9.262073622 ], [ 10.581313383, 9.226878076 ], [ 10.552056295, 9.190572305 ], [ 10.523453614, 9.152975737 ], [ 10.49853599, 9.113997267 ], [ 10.478766745, 9.073639905 ], [ 10.463873716, 9.032000366 ], [ 10.452386659, 8.98926347 ], [ 10.442519102, 8.945691552 ], [ 10.432929034, 8.901609326 ], [ 10.423008805, 8.857384964 ], [ 10.412626452, 8.813408346 ], [ 10.401535959, 8.770067678 ], [ 10.388852939, 8.727725744 ], [ 10.372969716, 8.686697163 ], [ 10.352067312, 8.647227961 ], [ 10.304626649, 8.65626418 ], [ 10.255590459, 8.670533453 ], [ 10.204899649, 8.68720614 ], [ 10.152666311, 8.704339273 ], [ 10.099185021, 8.721379533 ], [ 10.044926303, 8.738721413 ], [ 9.990512093, 8.756755467 ], [ 9.936674867, 8.775090226 ], [ 9.884203738, 8.792492525 ], [ 9.833882216, 8.807646474 ], [ 9.786423269, 8.820321248 ], [ 9.74240769, 8.832238264 ], [ 9.702231629, 8.847010026 ], [ 9.666068367, 8.868962134 ], [ 9.633848147, 8.901236355 ], [ 9.605258228, 8.944010344 ], [ 9.579763456, 8.993724011 ], [ 9.55664568, 9.043819728 ], [ 9.535058617, 9.086843059 ], [ 9.51409324, 9.117114932 ], [ 9.492847802, 9.132877698 ], [ 9.470496149, 9.136993808 ], [ 9.44634815, 9.135870802 ], [ 9.423013627, 9.171433047 ], [ 9.3955467, 9.206999358 ], [ 9.372450328, 9.242675403 ], [ 9.361348101, 9.27855912 ], [ 9.366807595, 9.314737331 ], [ 9.389098788, 9.351282711 ], [ 9.424322548, 9.388251221 ], [ 9.46585475, 9.425680075 ] ] ] } },
{ "type": "Feature", "properties": { "legend_id": "L83", "name": "Undifferentiated Schists, including Phyllites", "legend_original": "Undifferentiated Schists, including Phyllities", "ngsa_code": "Su", "formation": "Meta-Sedimentary/Meta-Volcanic Series", "age": "Pre-Cambrian", "province": "W (Oyo/Osun)", "seed_lon": 3.75, "seed_lat": 7.55, "fill_hex": "#E043D4" }, "geometry": { "type": "Polygon", "coordinates": [ [ [ 4.236409588, 7.581245288 ], [ 4.251143082, 7.518501786 ], [ 4.249034626, 7.45784456 ], [ 4.247005134, 7.395904331 ], [ 4.245037529, 7.333905853 ], [ 4.242640338, 7.27314261 ], [ 4.239007265, 7.214854373 ], [ 4.233441026, 7.160103176 ], [ 4.225873074, 7.109662747 ], [ 4.217245113, 7.063935668 ], [ 4.176299687, 7.094340488 ], [ 4.13593635, 7.138756564 ], [ 4.096315841, 7.192243946 ], [ 4.057607082, 7.24860226 ], [ 4.019975053, 7.302636201 ], [ 3.983567617, 7.351310479 ], [ 3.948502326, 7.393471184 ], [ 3.914854309, 7.428647555 ], [ 3.882646289, 7.455920765 ], [ 3.851841647, 7.473707606 ], [ 3.822341229, 7.480659031 ], [ 3.793984346, 7.477105392 ], [ 3.766554076, 7.466047463 ], [ 3.739786672, 7.452861321 ], [ 3.713384524, 7.443581028 ], [ 3.687031858, 7.442466334 ], [ 3.660412102, 7.450075318 ], [ 3.633225696, 7.462930963 ], [ 3.605207055, 7.475127452 ], [ 3.57613941, 7.481235187 ], [ 3.545866395, 7.479150165 ], [ 3.514299456, 7.471483619 ], [ 3.481420444, 7.464753538 ], [ 3.447279112, 7.466698754 ], [ 3.411985605, 7.482955573 ], [ 3.375698421, 7.514648557 ], [ 3.338608659, 7.557992507 ], [ 3.300921687, 7.606015967 ], [ 3.262837562, 7.651501645 ], [ 3.224531686, 7.689707123 ], [ 3.186137174, 7.719633259 ], [ 3.147730337, 7.743415997 ], [ 3.109320477, 7.764389584 ], [ 3.067380809, 7.786186889 ], [ 3.010003036, 7.813110408 ], [ 2.946206674, 7.841007307 ], [ 2.885768081, 7.866479386 ], [ 2.824179505, 7.892317042 ], [ 2.752526194, 7.924355489 ], [ 2.699627012278792, 7.950186493863865 ], [ 2.70350827398666, 7.974426520971905 ], [ 2.706615826, 7.993834421 ], [ 2.746482074, 7.998081473 ], [ 2.797937991, 7.997602992 ], [ 2.854702973, 7.994829857 ], [ 2.933968705, 7.973369515 ], [ 3.000663928, 7.956657855 ], [ 3.044450948, 7.946772784 ], [ 3.075406183, 7.93916865 ], [ 3.104114421, 7.930208742 ], [ 3.130495671, 7.921163567 ], [ 3.154823989, 7.912865497 ], [ 3.177767211, 7.904959819 ], [ 3.200321326, 7.895711459 ], [ 3.223653934, 7.882525309 ], [ 3.248892939, 7.86302572 ], [ 3.27690987, 7.836278681 ], [ 3.308148945, 7.803641594 ], [ 3.342542946, 7.768838206 ], [ 3.379537371, 7.737141656 ], [ 3.418219671, 7.71389635 ], [ 3.457526257, 7.702880834 ], [ 3.496481826, 7.705098254 ], [ 3.534417543, 7.718440701 ], [ 3.571118727, 7.738359847 ], [ 3.606867942, 7.75930933 ], [ 3.642372657, 7.776445946 ], [ 3.67859262, 7.786993704 ], [ 3.716505061, 7.790816607 ], [ 3.756860609, 7.790053746 ], [ 3.799985893, 7.788021025 ], [ 3.845679339, 7.787840554 ], [ 3.893226644, 7.791325085 ], [ 3.941535933, 7.798502902 ], [ 3.989365607, 7.807884384 ], [ 4.035596262, 7.817266154 ], [ 4.079486703, 7.824668008 ], [ 4.120855767, 7.82898013 ], [ 4.160146308, 7.830063215 ], [ 4.171230135, 7.800111472 ], [ 4.182977768, 7.767010054 ], [ 4.195393723, 7.729673989 ], [ 4.208464204, 7.686881499 ], [ 4.222155249, 7.637562886 ], [ 4.236409588, 7.581245288 ] ] ] } },
{ "type": "Feature", "properties": { "legend_id": "L84", "name": "Undifferentiated Migmatite and Granite, Gneiss Porphyroblastic", "legend_original": "Undifferentiated Migmatite and granite, Gneiss porphyroblastic", "ngsa_code": "OGu", "formation": "Pan-African Older Granite Series (undiff.)", "age": "Pre-Cambrian", "province": "East (Taraba/Adamawa, large)", "seed_lon": 11.15, "seed_lat": 8.75, "fill_hex": "#4E43E0" }, "geometry": { "type": "Polygon", "coordinates": [ [ [ 10.343202909, 8.611244295 ], [ 10.352067312, 8.647227961 ], [ 10.372969716, 8.686697163 ], [ 10.388852939, 8.727725744 ], [ 10.401535959, 8.770067678 ], [ 10.412626452, 8.813408346 ], [ 10.423008805, 8.857384964 ], [ 10.432929034, 8.901609326 ], [ 10.442519102, 8.945691552 ], [ 10.452386659, 8.98926347 ], [ 10.463873716, 9.032000366 ], [ 10.478766745, 9.073639905 ], [ 10.49853599, 9.113997267 ], [ 10.523453614, 9.152975737 ], [ 10.552056295, 9.190572305 ], [ 10.581313383, 9.226878076 ], [ 10.607570144, 9.262073622 ], [ 10.653374759, 9.265548297 ], [ 10.696805651, 9.266234445 ], [ 10.737986581, 9.262264855 ], [ 10.777469337, 9.253932858 ], [ 10.816200231, 9.24385267 ], [ 10.855413717, 9.236043336 ], [ 10.896466248, 9.234217811 ], [ 10.940634811, 9.239961198 ], [ 10.988911933, 9.251597318 ], [ 11.041831074, 9.264302559 ], [ 11.099352581, 9.271522541 ], [ 11.160831336, 9.267195306 ], [ 11.225074261, 9.247926665 ], [ 11.290481205, 9.214260215 ], [ 11.355248805, 9.17054292 ], [ 11.417606185, 9.123455094 ], [ 11.476045705, 9.079807058 ], [ 11.529512381, 9.04447606 ], [ 11.577522182, 9.019255581 ], [ 11.620190991, 9.002968739 ], [ 11.658170755, 8.99265087 ], [ 11.692504741, 8.985176241 ], [ 11.724427196, 8.978574158 ], [ 11.755141876, 8.972494054 ], [ 11.776005676, 8.940654355 ], [ 11.794950932, 8.909261261 ], [ 11.781231805, 8.869237737 ], [ 11.754269447, 8.828770892 ], [ 11.712624966, 8.787857594 ], [ 11.658608476, 8.74650969 ], [ 11.598163053, 8.70475408 ], [ 11.538886191, 8.662632443 ], [ 11.487081724, 8.620200608 ], [ 11.445327609, 8.5775276 ], [ 11.411846012, 8.53469436 ], [ 11.382052202, 8.491792178 ], [ 11.351509592, 8.448920859 ], [ 11.318744016, 8.406186674 ], [ 11.286398785, 8.363700123 ], [ 11.260049679, 8.321573579 ], [ 11.245220332, 8.279918835 ], [ 11.244106019, 8.238844642 ], [ 11.253714055, 8.19845426 ], [ 11.266445837, 8.158843097 ], [ 11.272924636, 8.120096484 ], [ 11.265742749, 8.082287626 ], [ 11.242343287, 8.045475793 ], [ 11.205696524, 8.009704772 ], [ 11.162540007, 7.975001641 ], [ 11.12014643, 7.941375867 ], [ 11.08325107, 7.90881877 ], [ 11.052585867, 7.877303359 ], [ 11.025556919, 7.84678455 ], [ 10.998468576, 7.817199763 ], [ 10.968944224, 7.78846988 ], [ 10.93720289, 7.760500561 ], [ 10.905583483, 7.733183881 ], [ 10.876736745, 7.706400257 ], [ 10.851652132, 7.680020624 ], [ 10.828744576, 7.653908822 ], [ 10.804576607, 7.627924139 ], [ 10.775811817, 7.601923945 ], [ 10.741247371, 7.575766395 ], [ 10.70268762, 7.549313096 ], [ 10.664058638, 7.522431733 ], [ 10.629176857, 7.494998549 ], [ 10.599405835, 7.466900669 ], [ 10.572588271, 7.438038187 ], [ 10.544009321, 7.40832599 ], [ 10.50904869, 7.377695271 ], [ 10.473173744, 7.341176648 ], [ 10.450285852, 7.293619385 ], [ 10.438220512, 7.242759939 ], [ 10.428848546, 7.195475746 ], [ 10.42745192, 7.147996835 ], [ 10.42362169, 7.104927234 ], [ 10.410350159, 7.073422585 ], [ 10.370553928, 7.131405855 ], [ 10.31998679, 7.184519557 ], [ 10.269076026, 7.221218338 ], [ 10.239030319, 7.234530585 ], [ 10.225297669, 7.235170709 ], [ 10.217839481223132, 7.230673587713196 ], [ 10.219733095, 7.237116895 ], [ 10.223157899, 7.261378483 ], [ 10.225444259, 7.299794007 ], [ 10.225670131, 7.350318998 ], [ 10.233904637, 7.405292888 ], [ 10.239101868, 7.462798604 ], [ 10.242878587, 7.520045404 ], [ 10.24745236, 7.574827287 ], [ 10.254995689, 7.625907885 ], [ 10.267001424, 7.673210139 ], [ 10.283813452, 7.717772861 ], [ 10.304436785, 7.761482643 ], [ 10.326674359, 7.806634836 ], [ 10.347560266, 7.85541186 ], [ 10.363989252, 7.909383889 ], [ 10.373396811, 7.969132289 ], [ 10.374333468, 8.034071114 ], [ 10.366802965, 8.102501717 ], [ 10.352290137, 8.171888487 ], [ 10.3334764, 8.239299712 ], [ 10.313711563, 8.301925528 ], [ 10.296363441, 8.357571297 ], [ 10.284189603, 8.405031981 ], [ 10.278864285, 8.444279126 ], [ 10.280751983, 8.476431062 ], [ 10.288958857, 8.503520433 ], [ 10.301628923, 8.528112104 ], [ 10.316399768, 8.552850915 ], [ 10.330903967, 8.580027901 ], [ 10.343202909, 8.611244295 ] ] ] } },
{ "type": "Feature", "properties": { "legend_id": "L85", "name": "Younger Basalt", "legend_original": "Younger Basalt", "ngsa_code": "b", "formation": "Newer Basalt (volcanic plateau)", "age": "Tertiary to Recent", "province": "Biu Plateau", "seed_lon": 11.85, "seed_lat": 10.65, "fill_hex": "#6465E0" }, "geometry": { "type": "Polygon", "coordinates": [ [ [ 13.671134977, 10.798697121 ], [ 13.6602, 10.782 ], [ 13.6465, 10.7583 ], [ 13.6328, 10.7346 ], [ 13.618, 10.716 ], [ 13.59555, 10.6916 ], [ 13.5731, 10.6672 ], [ 13.5608, 10.6436 ], [ 13.5556, 10.6281 ], [ 13.5549, 10.5972 ], [ 13.5542, 10.5663 ], [ 13.5479, 10.5326 ], [ 13.5416, 10.4989 ], [ 13.534, 10.463866667 ], [ 13.530200010125244, 10.446350046673814 ], [ 13.5188, 10.3938 ], [ 13.4922, 10.3898 ], [ 13.4941, 10.3888 ], [ 13.4964, 10.363 ], [ 13.4987, 10.3372 ], [ 13.4931, 10.30765 ], [ 13.4875, 10.2781 ], [ 13.5109, 10.2734 ], [ 13.5174, 10.2573 ], [ 13.5077, 10.2145 ], [ 13.4636, 10.2175 ], [ 13.4708, 10.2042 ], [ 13.4714, 10.1978 ], [ 13.470614285674355, 10.19412285695598 ], [ 13.435754448, 10.18941063 ], [ 13.404495385, 10.186777477 ], [ 13.361469079, 10.179175095 ], [ 13.314557454, 10.169922796 ], [ 13.275921692, 10.166220111 ], [ 13.236579681, 10.163579644 ], [ 13.197972462, 10.162106426 ], [ 13.163254403, 10.162078931 ], [ 13.133990378, 10.16248741 ], [ 13.104662257, 10.159381765 ], [ 13.071118474, 10.15328802 ], [ 13.032714123, 10.146607538 ], [ 12.986215441, 10.138188021 ], [ 12.931077671, 10.126972223 ], [ 12.869600715, 10.112242905 ], [ 12.806018303, 10.093808552 ], [ 12.744897484, 10.072086909 ], [ 12.689500411, 10.048065765 ], [ 12.640766252, 10.023147504 ], [ 12.597304868, 9.998909586 ], [ 12.556366721, 9.976831688 ], [ 12.515343478, 9.958047432 ], [ 12.473132625, 9.943172936 ], [ 12.430759855, 9.932247107 ], [ 12.390970186, 9.924793496 ], [ 12.356940511, 9.919986356 ], [ 12.330647616, 9.916880385 ], [ 12.311586705, 9.914649662 ], [ 12.296407371, 9.912779764 ], [ 12.279668334, 9.911168219 ], [ 12.255459286, 9.910109941 ], [ 12.21928432, 9.910171179 ], [ 12.169491722, 9.911981807 ], [ 12.12424576, 9.955161598 ], [ 12.077175238, 10.001864605 ], [ 12.028576988, 10.048491901 ], [ 11.978817179, 10.089647802 ], [ 11.928302155, 10.12018967 ], [ 11.87744757, 10.137522819 ], [ 11.850257819, 10.154740015 ], [ 11.82305256, 10.165023952 ], [ 11.795828429, 10.17419849 ], [ 11.768582123, 10.186877901 ], [ 11.741310408, 10.204591509 ], [ 11.714010119, 10.225376415 ], [ 11.686678165, 10.245063998 ], [ 11.659311533, 10.25968245 ], [ 11.631907286, 10.267855629 ], [ 11.604462568, 10.272062842 ], [ 11.618686468, 10.295545905 ], [ 11.629851944, 10.323672716 ], [ 11.636015317, 10.359416752 ], [ 11.635434264, 10.404791561 ], [ 11.626842784, 10.460404897 ], [ 11.609680746, 10.525321796 ], [ 11.584238812, 10.59726097 ], [ 11.551691066, 10.673067091 ], [ 11.514004199, 10.749336914 ], [ 11.473731112, 10.823045888 ], [ 11.43371517, 10.892030793 ], [ 11.428767556, 10.894216695 ], [ 11.432365615680414, 10.89452545821227 ], [ 11.439713265, 10.895155988 ], [ 11.470344023, 10.89500751 ], [ 11.518443939, 10.894080246 ], [ 11.576996497, 10.892824911 ], [ 11.637143897, 10.891805497 ], [ 11.691628529, 10.891653698 ], [ 11.737291701, 10.89301141 ], [ 11.775684167, 10.896468161 ], [ 11.811717329, 10.902501118 ], [ 11.851137041, 10.911425131 ], [ 11.898042205, 10.923359167 ], [ 11.953517153, 10.938213517 ], [ 12.015810161, 10.955699677 ], [ 12.081707542, 10.975361975 ], [ 12.148215639, 10.996627388 ], [ 12.213622736, 11.018867657 ], [ 12.277459641, 11.04146632 ], [ 12.339552992, 11.063882612 ], [ 12.398900375, 11.085704545 ], [ 12.453203236, 11.106684811 ], [ 12.499514373, 11.126755279 ], [ 12.535792984, 11.146018474 ], [ 12.562569516, 11.164717352 ], [ 12.583733671, 11.183187351 ], [ 12.605799619, 11.20179695 ], [ 12.635727013, 11.220884431 ], [ 12.678132658, 11.240699029 ], [ 12.73312954, 11.261354166 ], [ 12.795852478, 11.282798953 ], [ 12.85802716, 11.30481192 ], [ 12.911027144, 11.327018149 ], [ 12.949169899, 11.348928053 ], [ 12.971862623, 11.369993336 ], [ 12.983698448, 11.38967346 ], [ 13.015597654, 11.370179075 ], [ 13.047570562, 11.341877743 ], [ 13.079719563, 11.307445185 ], [ 13.112136182, 11.272765091 ], [ 13.144898524, 11.244269049 ], [ 13.178069104, 11.225818562 ], [ 13.211693124, 11.216697004 ], [ 13.245797243, 11.211750507 ], [ 13.280388883, 11.203639937 ], [ 13.315456078, 11.186104385 ], [ 13.350967876, 11.156644723 ], [ 13.386875284, 11.117364211 ], [ 13.42311273, 11.073666331 ], [ 13.459600001, 11.031590599 ], [ 13.496244596, 10.995197188 ], [ 13.532944446, 10.965277217 ], [ 13.569590907, 10.939871736 ], [ 13.597912115, 10.914307454 ], [ 13.614201617, 10.885578713 ], [ 13.626508102, 10.855370668 ], [ 13.642920752, 10.825846775 ], [ 13.671134977, 10.798697121 ] ] ] } },
{ "type": "Feature", "properties": { "legend_id": "L86", "name": "Porphyroblastic Gneiss", "legend_original": "porphroblastic Gneiss [porphro=porphyro]", "ngsa_code": "OPg", "formation": "Migmatite-Gneiss Complex", "age": "Pre-Cambrian", "province": "Central (Kogi/Kwara)", "seed_lon": 6.85, "seed_lat": 8.15, "fill_hex": "#86E043" }, "geometry": { "type": "Polygon", "coordinates": [ [ [ 7.037631134, 8.728146014 ], [ 7.094856219, 8.722334028 ], [ 7.128699133, 8.694534802 ], [ 7.162363491, 8.661421404 ], [ 7.195838129, 8.619969368 ], [ 7.22911457, 8.569202235 ], [ 7.262187105, 8.511166158 ], [ 7.295052824, 8.450416163 ], [ 7.327711625, 8.392275118 ], [ 7.360166172, 8.340764056 ], [ 7.345052611, 8.283079537 ], [ 7.328286132, 8.22818208 ], [ 7.3134499, 8.175968189 ], [ 7.303467142, 8.126287018 ], [ 7.299718715, 8.079048147 ], [ 7.301623142, 8.034303684 ], [ 7.30680482, 7.992283471 ], [ 7.311803141, 7.953371808 ], [ 7.313115285, 7.918026586 ], [ 7.30826643, 7.88665465 ], [ 7.296592419, 7.859467794 ], [ 7.279504223, 7.83634994 ], [ 7.260155319, 7.816766162 ], [ 7.242607046, 7.799738132 ], [ 7.230731427, 7.783899082 ], [ 7.227163511, 7.767626653 ], [ 7.23259585, 7.749236673 ], [ 7.245603743, 7.727207974 ], [ 7.263033956, 7.700400432 ], [ 7.280829225, 7.66822721 ], [ 7.264731185, 7.639541971 ], [ 7.23870352, 7.610210863 ], [ 7.203449701, 7.580303659 ], [ 7.162883204, 7.549906673 ], [ 7.12130831, 7.5191198 ], [ 7.080809989, 7.488052982 ], [ 7.040260807, 7.456822247 ], [ 6.99795228, 7.430547198 ], [ 6.951041189, 7.404111807 ], [ 6.898531334, 7.377955366 ], [ 6.841420491, 7.352422659 ], [ 6.782538448, 7.32773461 ], [ 6.725629237, 7.303975348 ], [ 6.719079034, 7.318881736 ], [ 6.71457244, 7.334208095 ], [ 6.711931663, 7.350112394 ], [ 6.710861942, 7.367565939 ], [ 6.710961449, 7.388782316 ], [ 6.711738641, 7.416956731 ], [ 6.71263596, 7.455309167 ], [ 6.71305833, 7.505777703 ], [ 6.712404579, 7.567924183 ], [ 6.71009973, 7.638584237 ], [ 6.70562606, 7.712516654 ], [ 6.698550912, 7.78389398 ], [ 6.688549511, 7.848103482 ], [ 6.67542136, 7.903161295 ], [ 6.65909926, 7.950164498 ], [ 6.639650479, 7.992575857 ], [ 6.617270146, 8.034605494 ], [ 6.592267432, 8.079327876 ], [ 6.565045569, 8.127292147 ], [ 6.536077108, 8.176194289 ], [ 6.505876129, 8.221755255 ], [ 6.474969242, 8.259463148 ], [ 6.443867267, 8.286489345 ], [ 6.413039365, 8.303020585 ], [ 6.382891184, 8.312486806 ], [ 6.353748258, 8.32060703 ], [ 6.325845497, 8.333638389 ], [ 6.299323199, 8.356507646 ], [ 6.274229505, 8.391515596 ], [ 6.250528838, 8.438039074 ], [ 6.272135406, 8.462718063 ], [ 6.29689859, 8.487577934 ], [ 6.323794885, 8.512644745 ], [ 6.353126661, 8.537944269 ], [ 6.385482577, 8.563501516 ], [ 6.420640651, 8.589340276 ], [ 6.457172145, 8.615482661 ], [ 6.493046536, 8.641948682 ], [ 6.539303785, 8.639034769 ], [ 6.584430076, 8.647193129 ], [ 6.628689838, 8.664464425 ], [ 6.672765324, 8.686736771 ], [ 6.71763159, 8.708956869 ], [ 6.764339014, 8.726671812 ], [ 6.813749766, 8.737306438 ], [ 6.86628904, 8.740685281 ], [ 6.921772279, 8.738616704 ], [ 6.979355631, 8.7337413 ], [ 7.037631134, 8.728146014 ] ] ] } }
]
}
