chapter,verse,heading_format,words,words_no_translation,paragraphs,bold_headings,inline_bold_labels,blockquotes,chars
1,1,plain,1992,1983,34,6,0,10,12169
1,2,plain,1662,1654,37,6,0,13,10202
1,3,plain,1813,1809,30,6,0,10,11203
1,4,plain,1766,1760,33,6,0,13,10833
1,5,plain,1940,1929,30,7,0,9,11998
1,6,plain,2067,2061,37,7,0,12,12645
1,7,plain,2290,2270,33,7,0,10,13886
2,1,plain,1084,1081,16,5,0,3,6669
2,2,plain,1191,1176,15,5,0,2,7458
2,3,plain,1138,1120,16,5,0,4,7067
2,4,plain,1220,1196,15,5,0,3,7666
2,5,plain,998,981,14,5,0,2,6200
2,6,plain,1061,1041,15,5,0,3,6624
2,7,plain,1089,1069,14,5,0,3,6822
2,8,plain,1041,1021,13,4,0,2,6493
2,9,plain,1044,1027,14,4,0,3,6558
2,10,plain,987,966,13,4,0,2,6330
2,11,plain,1053,1032,13,5,0,1,6721
2,12,plain,958,944,11,5,0,1,6184
2,13,plain,1083,1052,15,5,0,3,6771
2,14,plain,930,901,15,5,0,3,6011
2,15,plain,905,893,11,4,0,1,5784
2,16,plain,1027,1002,20,5,0,5,6526
2,17,plain,1016,986,11,5,0,1,6231
2,18,plain,927,920,11,5,0,1,5709
2,19,plain,862,831,11,4,0,1,5476
2,20,plain,920,876,13,5,0,2,5806
2,21,plain,863,843,9,4,0,1,5209
2,22,plain,1040,1000,14,5,0,3,6369
2,23,plain,1030,999,11,5,0,1,6240
2,24,plain,945,918,14,5,0,3,5820
2,25,plain,995,938,14,4,0,2,6298
2,26,plain,879,816,11,4,0,2,5482
2,27,plain,970,940,12,4,0,2,6130
2,28,plain,1007,973,14,4,0,3,6137
2,29,plain,726,695,7,3,0,1,4421
2,30,plain,825,776,7,3,0,1,4930
2,31,plain,745,717,9,3,0,2,4539
2,32,plain,678,655,9,3,0,2,4178
2,33,plain,698,651,7,2,0,1,4130
2,34,plain,815,791,13,3,0,4,4914
2,35,plain,820,790,10,3,0,3,4923
2,36,plain,794,752,9,3,0,2,4725
2,37,plain,772,753,10,3,0,3,4678
2,38,plain,714,682,7,3,0,1,4313
2,39,plain,677,657,7,3,0,1,4185
2,40,plain,957,929,11,5,0,1,6224
2,41,plain,873,836,9,4,0,1,5403
2,42,plain,869,858,13,5,0,2,5537
2,43,plain,938,924,12,4,0,3,6079
2,44,plain,1058,1040,15,5,0,3,6780
2,45,plain,912,897,11,4,0,2,6084
2,46,plain,817,802,11,4,0,2,5308
2,47,plain,740,720,7,3,0,1,4762
2,48,plain,1042,1008,11,4,0,2,6581
2,49,plain,857,822,11,4,0,2,5457
2,50,plain,786,764,11,4,0,2,5044
2,51,plain,825,803,9,4,0,1,5269
2,52,plain,813,801,11,4,0,2,5131
2,53,plain,920,903,9,4,0,1,5683
2,54,plain,927,876,11,4,0,2,5918
2,55,plain,1049,1024,11,5,0,1,6445
2,56,plain,823,809,9,4,0,1,4931
2,57,plain,818,786,9,4,0,1,5409
2,58,plain,875,834,9,4,0,1,5676
2,59,plain,744,709,9,4,0,1,4867
2,60,plain,907,863,9,4,0,1,5755
2,61,plain,1033,926,11,4,0,2,6533
2,62,plain,1052,1010,11,4,0,2,6569
2,63,plain,639,603,7,3,0,1,3950
2,64,plain,625,601,8,3,0,2,3924
2,65,plain,746,720,9,3,0,2,4596
2,66,plain,600,579,9,3,0,2,3717
2,67,plain,852,818,9,4,0,1,5295
2,68,plain,651,612,7,3,0,1,3981
2,69,plain,706,672,7,3,0,1,4386
2,70,plain,703,671,10,3,0,3,4295
2,71,plain,758,718,9,3,0,2,4730
2,72,plain,660,636,9,3,0,2,4060
2,73,plain,730,704,9,3,0,2,4443
2,74,plain,867,809,11,3,0,3,5272
2,75,plain,739,708,7,3,0,1,4601
2,76,plain,774,727,9,3,0,2,4921
2,77,plain,678,664,7,3,0,1,4179
2,78,plain,712,694,9,3,0,2,4505
2,79,plain,795,751,7,3,0,1,4797
2,80,plain,691,650,7,3,0,1,4238
2,81,plain,689,666,7,3,0,1,4347
2,82,plain,744,723,9,3,0,2,4693
2,83,plain,826,775,9,3,0,2,5244
2,84,plain,768,737,7,3,0,1,4812
2,85,plain,903,802,9,3,0,2,5617
2,86,plain,698,671,9,3,0,2,4268
2,87,plain,783,723,9,3,0,2,4867
2,88,plain,724,704,9,3,0,2,4440
2,89,plain,770,719,7,3,0,1,4826
2,90,plain,939,888,11,4,0,2,5755
2,91,plain,701,643,7,3,0,1,4303
2,92,plain,730,708,9,3,0,2,4502
2,93,plain,794,733,9,3,0,2,4790
2,94,plain,741,715,7,3,0,1,4466
2,95,plain,742,722,11,3,0,3,4536
2,96,plain,727,683,9,3,0,2,4407
2,97,plain,662,627,7,3,0,1,4168
2,98,plain,722,699,8,3,0,2,4340
2,99,plain,664,648,7,3,0,1,4054
2,100,plain,721,697,9,3,0,2,4601
2,101,plain,768,729,8,3,0,2,4591
2,102,plain,1027,902,11,4,0,2,6403
2,103,plain,657,639,7,3,0,1,4130
2,104,plain,711,687,7,3,0,1,4404
2,105,plain,672,631,7,3,0,1,4215
2,106,plain,870,835,7,3,0,1,5253
2,107,plain,722,696,9,3,0,2,4382
2,108,plain,764,739,10,3,0,3,4886
2,109,plain,784,734,7,3,0,1,4838
2,110,plain,631,603,7,3,0,1,3846
2,111,plain,713,685,9,3,0,2,4392
2,112,plain,696,669,9,3,0,2,4256
2,113,plain,865,818,9,3,0,2,5411
2,114,plain,751,699,9,3,0,2,4611
2,115,plain,780,759,9,3,0,2,4857
2,116,plain,894,863,13,4,0,3,5779
2,117,plain,699,677,10,3,0,3,4230
2,118,plain,760,714,7,3,0,1,4593
2,119,plain,707,679,9,3,0,2,4249
2,120,plain,692,644,7,3,0,1,4390
2,121,plain,715,681,11,3,0,4,4379
2,122,plain,598,578,7,3,0,1,3715
2,123,plain,720,687,10,3,0,2,4372
2,124,plain,720,681,8,3,0,2,4580
2,125,plain,849,797,8,3,0,2,5263
2,126,plain,801,744,9,3,0,2,4933
2,127,plain,629,603,9,3,0,2,3950
2,128,plain,603,570,7,3,0,1,3792
2,129,plain,732,695,9,3,0,2,4490
2,130,plain,762,735,9,3,0,2,4633
2,131,plain,710,692,11,3,0,3,4413
2,132,plain,766,739,13,3,0,4,4652
2,133,plain,694,647,7,3,0,1,4162
2,134,plain,835,803,12,4,0,3,5138
2,135,plain,826,796,12,4,0,3,5132
2,136,plain,814,754,9,3,0,2,4846
2,137,plain,796,753,9,3,0,2,4921
2,138,plain,698,680,7,3,0,1,4244
2,139,plain,871,840,13,4,0,3,5446
2,140,plain,809,763,10,4,0,2,5048
2,141,plain,675,643,8,3,0,2,4031
2,142,plain,910,873,9,4,0,1,5482
2,143,plain,1145,1065,11,4,0,2,7039
2,144,plain,840,774,9,4,0,1,5139
2,145,plain,835,778,10,4,0,2,5224
2,146,plain,630,606,7,3,0,1,3912
2,147,plain,659,646,9,3,0,2,4025
2,148,plain,708,676,9,4,0,1,4465
2,149,plain,618,589,7,3,0,1,3852
2,150,plain,697,636,7,3,0,1,4398
2,151,plain,807,773,7,3,0,1,5097
2,152,plain,733,716,9,3,0,2,4652
2,153,plain,633,617,7,3,0,1,4007
2,154,plain,745,721,9,3,0,2,4287
2,155,plain,846,820,9,3,0,2,5082
2,156,plain,734,718,9,3,0,2,4341
2,157,plain,720,699,9,4,0,1,4349
2,158,plain,735,691,8,3,0,2,4552
2,159,plain,782,748,9,3,0,2,4730
2,160,plain,801,777,8,3,0,2,4807
2,161,plain,682,661,7,3,0,1,4222
2,162,plain,754,736,8,3,0,2,4704
2,163,plain,644,629,7,3,0,1,3941
2,164,plain,842,764,7,3,0,1,5024
2,165,plain,799,744,7,3,0,1,4806
2,166,plain,764,741,8,3,0,2,4669
2,167,plain,745,705,7,3,0,1,4434
2,168,plain,747,720,9,3,0,2,4777
2,169,plain,822,805,9,3,0,2,5050
2,170,plain,794,758,7,3,0,1,4994
2,171,plain,745,715,7,3,0,1,4705
2,172,plain,765,740,9,3,0,2,4890
2,173,plain,771,732,7,3,0,1,5025
2,174,plain,863,813,7,3,0,1,5276
2,175,plain,847,822,8,3,0,2,5287
2,176,plain,818,797,10,3,0,2,5301
2,177,plain,1153,1056,10,4,0,1,7470
2,178,plain,818,750,7,3,0,1,5401
2,179,plain,751,734,7,3,0,1,4614
2,180,plain,896,864,9,3,0,2,5841
2,181,plain,837,814,11,3,0,3,5246
2,182,plain,725,699,7,3,0,1,4668
2,183,plain,1065,1042,10,4,0,2,6561
2,184,plain,862,807,8,3,0,2,5184
2,185,plain,1166,1080,11,4,0,2,7218
2,186,plain,947,909,10,4,0,2,5774
2,187,plain,1185,1065,9,4,0,1,7394
2,188,plain,776,752,9,3,0,2,4813
2,189,plain,1016,962,8,3,0,1,6277
2,190,plain,826,803,10,4,0,2,5308
2,191,plain,928,876,8,3,0,2,5948
2,192,plain,671,661,8,3,0,2,4434
2,193,plain,826,800,8,3,0,2,5341
2,194,plain,798,759,7,3,0,1,5239
2,195,plain,870,844,9,3,0,2,5339
2,196,plain,1276,1154,7,3,0,1,7826
2,197,plain,1290,1242,11,4,0,2,8083
2,198,plain,851,811,7,3,0,1,5237
2,199,plain,840,822,7,3,0,1,5260
2,200,plain,778,736,8,3,0,2,5001
2,201,plain,865,836,9,3,0,2,5272
2,202,plain,754,736,7,3,0,1,4677
2,203,plain,896,855,7,3,0,1,5623
2,204,plain,721,687,7,3,0,1,4432
2,205,plain,726,701,9,3,0,2,4630
2,206,plain,747,726,9,3,0,2,4649
2,207,plain,821,801,11,4,0,2,5164
2,208,plain,957,933,13,4,0,3,5995
2,209,plain,857,838,9,3,0,2,5285
2,210,plain,843,809,7,3,0,1,5124
2,211,plain,916,885,11,4,0,2,5809
2,212,plain,980,937,12,4,0,3,6239
2,213,plain,1063,979,9,4,0,1,6884
2,214,plain,999,939,11,3,0,3,6198
2,215,plain,1029,996,11,4,0,3,6419
2,216,plain,1020,972,11,4,0,2,6298
2,217,plain,1261,1164,11,4,0,2,7907
2,218,plain,794,765,9,3,0,2,4949
2,219,plain,1116,1063,11,3,0,3,7166
2,220,plain,949,890,11,3,0,3,6132
2,221,plain,918,842,9,3,0,2,5946
2,222,plain,943,888,11,3,0,3,6177
2,223,plain,1164,1126,12,4,0,3,7259
2,224,plain,780,755,9,3,0,2,4726
2,225,plain,766,736,8,3,0,2,4833
2,226,plain,688,671,9,3,0,2,4266
2,227,plain,547,536,7,3,0,1,3566
2,228,plain,889,810,9,4,0,1,5630
2,229,plain,896,797,9,4,0,1,5823
2,230,plain,698,633,7,3,0,1,4400
2,231,plain,768,689,9,3,0,2,4900
2,232,plain,620,564,6,2,0,2,4018
2,233,plain,1080,966,9,4,0,1,7062
2,234,plain,797,742,7,3,0,1,4982
2,235,plain,707,626,7,2,0,2,4378
2,236,plain,818,776,9,3,0,2,5237
2,237,plain,804,752,7,3,0,1,5131
2,238,plain,943,927,10,3,0,2,6183
2,239,plain,496,471,5,2,0,1,3243
2,240,plain,540,490,5,2,0,1,3390
2,241,plain,458,447,5,2,0,1,3175
2,242,plain,728,714,8,3,0,1,4706
2,243,plain,711,672,7,2,0,2,4465
2,244,plain,431,417,5,2,0,1,2677
2,245,plain,691,662,9,3,0,2,4397
2,246,plain,782,686,5,2,0,1,4842
2,247,plain,968,893,7,3,0,1,6033
2,248,plain,980,925,7,3,0,1,5911
2,249,plain,867,764,5,2,0,1,5301
2,250,plain,530,501,6,2,0,2,3308
2,251,plain,766,713,7,2,0,2,4798
2,252,plain,412,394,3,1,0,1,2625
2,253,plain,960,862,8,3,0,2,5946
2,254,plain,810,777,8,3,0,2,5155
2,255,plain,1391,1304,11,5,0,1,8813
2,256,plain,927,891,9,4,0,1,5988
2,257,plain,512,466,5,2,0,1,3384
2,258,plain,904,840,7,3,0,1,5798
2,259,plain,1121,988,9,4,0,1,7026
2,260,plain,930,858,7,3,0,1,5743
2,261,plain,863,823,11,3,0,3,5303
2,262,plain,846,807,12,3,0,3,5092
2,263,plain,567,547,5,2,0,1,3670
2,264,plain,958,886,10,3,0,3,5911
2,265,plain,915,859,9,3,0,3,5918
2,266,plain,820,757,9,3,0,2,5140
2,267,plain,836,784,7,3,0,1,5325
2,268,plain,702,678,11,3,0,3,4631
2,269,plain,571,546,6,2,0,2,3631
2,270,plain,356,336,5,2,0,1,2332
2,271,plain,672,629,9,3,0,3,4348
2,272,plain,751,703,7,3,0,1,4715
2,273,plain,821,766,9,3,0,2,5301
2,274,plain,801,771,8,3,0,2,5253
2,275,plain,915,838,9,3,0,2,6263
2,276,plain,555,538,6,2,0,2,3602
2,277,plain,429,398,5,2,0,1,2744
2,278,plain,489,473,5,2,0,1,3108
2,279,plain,671,636,5,2,0,1,4283
2,280,plain,555,524,7,2,0,2,3496
2,281,plain,485,454,5,2,0,1,3106
2,282,plain,1339,1107,10,4,0,1,8521
2,283,plain,586,524,5,2,0,1,3750
2,284,plain,858,807,9,3,0,2,5349
2,285,plain,942,887,8,3,0,3,5934
2,286,plain,1429,1344,15,6,0,2,9101
3,1,plain,907,904,11,5,0,1,5752
3,2,plain,689,678,8,3,0,2,4115
3,3,plain,664,641,8,3,0,1,4039
3,4,plain,854,821,8,4,0,1,5359
3,5,plain,888,877,10,4,0,1,5166
3,6,plain,689,667,8,3,0,1,4059
3,7,plain,1537,1457,13,5,0,1,9436
3,8,plain,943,918,14,4,0,3,5605
3,9,plain,840,816,10,4,0,1,5065
3,10,plain,872,844,10,4,0,1,5392
3,11,plain,802,769,9,4,0,1,5015
3,12,plain,777,761,9,4,0,1,4828
3,13,plain,675,619,7,3,0,1,4019
3,14,plain,889,844,12,4,0,2,5692
3,15,plain,674,630,10,3,0,2,4174
3,16,plain,859,838,10,4,0,1,5373
3,17,plain,687,671,9,2,0,2,4374
3,18,plain,750,719,8,3,0,1,4610
3,19,plain,707,665,9,3,0,1,4431
3,20,plain,726,664,8,3,0,1,4495
3,21,plain,861,832,12,5,0,2,5542
3,22,plain,656,634,7,3,0,1,3863
3,23,plain,740,707,9,3,0,2,4522
3,24,plain,788,761,10,4,0,2,5087
3,25,plain,802,767,11,4,0,2,4867
3,26,plain,852,810,10,3,0,2,5289
3,27,plain,700,657,7,3,0,1,4276
3,28,plain,796,754,8,3,0,1,5032
3,29,plain,868,832,12,5,0,2,5158
3,30,plain,678,633,6,2,0,1,3996
3,31,plain,897,875,9,4,0,1,5259
3,32,plain,843,825,9,4,0,1,5209
3,33,plain,833,816,10,4,0,1,5007
3,34,plain,771,761,10,4,0,1,4791
3,35,plain,675,642,8,3,0,1,4024
3,36,plain,793,742,9,2,0,2,4740
3,37,plain,760,698,9,3,0,1,4788
3,38,plain,830,805,11,5,0,2,5177
3,39,plain,660,626,8,3,0,1,4065
3,40,plain,841,812,10,5,0,1,5161
3,41,plain,846,805,12,5,0,2,5317
3,42,plain,669,643,12,3,0,3,4138
3,43,plain,839,824,14,5,0,2,5363
3,44,plain,656,613,7,2,0,1,3965
3,45,plain,711,671,7,3,0,1,4394
3,46,plain,854,837,14,4,0,3,5165
3,47,plain,834,794,10,4,0,1,4906
3,48,plain,689,676,9,3,0,1,4284
3,49,plain,869,773,11,3,0,1,5204
3,50,plain,690,647,7,3,0,1,4227
3,51,plain,660,644,9,3,0,1,3956
3,52,plain,729,697,8,3,0,1,4528
3,53,plain,885,864,12,5,0,1,5525
3,54,plain,699,686,7,3,0,1,4259
3,55,plain,792,737,6,2,0,1,4874
3,56,plain,826,800,10,5,0,1,5197
3,57,plain,872,848,13,5,0,2,5553
3,58,plain,836,822,10,4,0,1,5328
3,59,plain,806,779,8,3,0,1,4832
3,60,plain,873,861,12,4,0,2,5633
3,61,plain,869,817,11,4,0,2,5451
3,62,plain,794,774,10,5,0,1,5016
3,63,plain,854,841,12,5,0,2,5471
3,64,plain,809,757,9,3,0,2,4957
3,65,plain,919,891,11,5,0,1,5919
3,66,plain,886,852,10,5,0,1,5511
3,67,plain,685,664,7,3,0,1,4258
3,68,plain,867,841,13,4,0,2,5690
3,69,plain,844,818,10,5,0,1,5416
3,70,plain,791,775,11,4,0,2,5083
3,71,plain,874,856,10,4,0,1,5523
3,72,plain,907,871,11,5,0,1,5957
3,73,plain,694,642,9,4,0,1,4469
3,74,plain,838,823,13,5,0,2,5525
3,75,plain,760,685,9,3,0,2,4762
3,76,plain,841,828,13,5,0,2,5555
3,77,plain,790,739,11,3,0,2,4828
3,78,plain,933,880,12,4,0,2,6012
3,79,plain,706,665,7,3,0,1,4568
3,80,plain,866,840,11,5,0,1,5772
3,81,plain,719,642,8,3,0,1,4511
3,82,plain,802,792,10,4,0,1,5298
3,83,plain,689,659,8,3,0,1,4400
3,84,plain,689,636,12,2,0,1,4288
3,85,plain,717,693,8,3,0,1,4464
3,86,plain,931,897,12,5,0,2,5914
3,87,plain,905,884,11,5,0,1,5858
3,88,plain,757,741,10,4,0,1,4888
3,89,plain,952,937,15,5,0,3,5861
3,90,plain,663,638,9,3,0,1,4142
3,91,plain,698,653,9,3,2,1,4224
3,92,plain,825,804,11,4,0,2,4956
3,93,plain,901,868,10,5,0,1,5983
3,94,plain,823,807,12,5,0,2,5478
3,95,plain,815,795,11,5,0,1,5260
3,96,plain,965,945,18,5,0,4,6247
3,97,plain,766,722,10,3,0,2,4693
3,98,plain,838,817,14,4,0,3,5321
3,99,plain,929,893,10,5,0,1,5959
3,100,plain,666,641,9,3,0,2,4160
3,101,plain,662,632,6,2,0,1,4071
3,102,plain,665,648,9,3,0,2,4107
3,103,plain,896,826,9,4,0,1,5572
3,104,plain,698,676,10,3,0,2,4507
3,105,plain,654,626,7,3,0,1,4121
3,106,plain,653,625,9,3,0,2,4110
3,107,plain,668,651,10,3,0,2,4020
3,108,plain,785,766,10,5,0,1,5064
3,109,plain,849,828,10,4,0,1,5421
3,110,plain,833,791,10,3,0,2,5474
3,111,plain,747,720,7,3,0,1,4706
3,112,plain,856,791,8,3,0,1,5474
3,113,plain,825,797,8,3,0,1,5133
3,114,plain,719,695,7,3,0,1,4628
3,115,plain,741,725,10,3,0,2,4620
3,116,plain,840,812,10,3,0,2,5405
3,117,plain,871,831,9,3,0,2,5381
3,118,plain,851,803,9,3,0,2,5486
3,119,plain,877,823,8,3,0,1,5408
3,120,plain,855,817,9,3,0,1,5464
3,121,plain,890,866,12,3,0,3,5557
3,122,plain,814,789,8,3,0,1,4992
3,123,plain,645,626,8,3,0,2,3974
3,124,plain,690,665,7,3,0,1,4443
3,125,plain,712,688,7,3,0,1,4658
3,126,plain,718,689,7,2,0,1,4648
3,127,plain,653,632,7,3,0,1,4300
3,128,plain,802,783,7,3,0,1,5018
3,129,plain,678,649,9,3,0,2,4429
3,130,plain,733,715,7,3,0,1,5015
3,131,plain,879,866,10,5,0,1,5800
3,132,plain,877,865,12,5,0,2,5570
3,133,plain,655,633,10,3,0,3,4202
3,134,plain,824,807,13,3,0,4,5371
3,135,plain,693,659,8,2,0,1,4460
3,136,plain,735,708,9,4,0,1,4932
3,137,plain,751,732,7,3,0,1,4774
3,138,plain,827,813,10,5,0,1,5560
3,139,plain,822,806,10,5,0,1,5364
3,140,plain,800,755,8,3,0,1,5083
3,141,plain,856,843,15,5,0,3,5453
3,142,plain,662,637,10,3,0,2,4139
3,143,plain,920,903,10,5,0,1,5490
3,144,plain,766,722,9,3,0,2,4662
3,145,plain,718,670,7,3,0,1,4424
3,146,plain,687,645,7,3,0,1,4381
3,147,plain,828,798,11,4,2,1,5343
3,148,plain,845,823,10,5,0,1,5421
3,149,plain,893,868,12,5,0,2,5886
3,150,plain,844,832,10,5,0,1,5456
3,151,plain,910,869,10,5,0,1,5826
3,152,plain,785,704,7,3,0,1,4983
3,153,plain,688,640,7,3,0,1,4264
3,154,plain,1077,949,11,5,0,1,6797
3,155,plain,723,689,8,2,0,1,4559
3,156,plain,673,612,7,3,0,1,4288
3,157,plain,892,867,12,5,0,2,5829
3,158,plain,828,813,12,5,0,2,5156
3,159,plain,1131,1078,11,4,0,2,7336
3,160,plain,679,653,7,3,0,1,4237
3,161,plain,905,864,11,3,0,3,5548
3,162,plain,882,857,10,5,0,1,5885
3,163,plain,860,844,12,5,0,2,5508
3,164,plain,803,766,8,3,0,2,5420
3,165,plain,923,891,10,5,0,1,6100
3,166,plain,831,808,10,5,0,1,5280
3,167,plain,815,751,7,3,0,1,5168
3,168,plain,644,611,8,3,0,2,4210
3,169,plain,925,903,9,4,0,1,5728
3,170,plain,665,629,8,2,0,1,4164
3,171,plain,903,886,12,5,0,2,5701
3,172,plain,777,749,7,3,0,1,5101
3,173,plain,710,678,9,3,0,2,4693
3,174,plain,778,752,10,5,0,1,5226
3,175,plain,843,823,12,5,0,2,5611
3,176,plain,667,631,7,3,0,1,4260
3,177,plain,883,858,10,5,0,1,5802
3,178,plain,681,646,7,3,0,1,4435
3,179,plain,747,692,9,4,0,1,4896
3,180,plain,833,768,11,4,0,2,5252
3,181,plain,732,691,9,3,0,2,4495
3,182,plain,868,852,12,5,0,2,5501
3,183,plain,726,676,7,3,0,1,4792
3,184,plain,663,641,8,3,0,2,4299
3,185,plain,903,854,9,4,0,1,5678
3,186,plain,645,597,8,3,0,1,4298
3,187,plain,723,679,9,3,0,2,4741
3,188,plain,763,725,10,3,0,2,4966
3,189,plain,839,822,10,5,0,1,5411
3,190,plain,822,796,9,2,0,2,5199
3,191,plain,842,800,13,3,0,4,5368
3,192,plain,710,688,7,3,0,1,4513
3,193,plain,719,679,9,3,0,1,4616
3,194,plain,696,668,7,3,0,1,4491
3,195,plain,853,774,9,3,0,2,5459
3,196,plain,896,878,14,5,0,3,5845
3,197,plain,696,682,7,3,0,1,4714
3,198,plain,997,963,11,4,0,2,6499
3,199,plain,729,669,8,3,0,1,4615
3,200,plain,798,780,12,3,0,2,5296
4,1,plain,1355,1303,18,6,0,3,8235
4,2,plain,964,938,15,5,0,3,5986
4,3,plain,1115,1059,17,5,0,4,6749
4,4,plain,861,833,13,4,0,3,5398
4,5,plain,923,890,11,4,0,2,5925
4,6,plain,950,878,11,5,0,1,6144
4,7,plain,1029,999,15,5,0,3,6406
4,8,plain,859,833,11,4,0,2,5322
4,9,plain,843,821,11,4,0,2,5263
4,10,plain,875,852,13,4,0,3,5604
4,11,plain,997,867,9,4,0,1,6393
4,12,plain,1028,888,13,4,0,3,6378
4,13,plain,836,804,9,4,0,1,5392
4,14,plain,851,823,9,4,0,1,5634
4,15,plain,717,674,9,3,0,2,4628
4,16,plain,812,783,10,4,0,2,5082
4,17,plain,696,665,11,3,0,3,4464
4,18,plain,899,860,9,4,0,1,5607
4,19,plain,1032,962,9,4,0,1,6517
4,20,plain,856,817,11,4,0,2,5371
4,21,plain,775,752,9,4,0,1,4942
4,22,plain,688,665,7,3,0,1,4396
4,23,plain,839,751,11,4,0,2,5656
4,24,plain,898,820,9,4,0,1,6043
4,25,plain,880,772,9,4,0,1,5812
4,26,plain,819,788,9,4,0,1,5306
4,27,plain,740,723,9,4,0,1,4948
4,28,plain,865,852,11,4,0,2,5543
4,29,plain,905,880,12,4,0,3,6081
4,30,plain,750,727,9,4,0,1,4939
4,31,plain,905,878,11,4,0,2,5923
4,32,plain,932,887,13,4,0,3,5840
4,33,plain,831,800,9,4,0,1,5562
4,34,plain,1216,1132,11,4,0,2,8048
4,35,plain,862,824,9,3,0,1,5501
4,36,plain,983,921,13,4,0,3,6301
4,37,plain,772,742,9,3,0,2,5177
4,38,plain,887,851,11,3,0,3,5422
4,39,plain,824,795,9,3,0,2,5087
4,40,plain,938,908,9,4,0,1,6111
4,41,plain,996,974,11,4,0,2,6197
4,42,plain,834,807,7,3,0,1,5404
4,43,plain,1078,994,10,4,0,2,7052
4,44,plain,907,881,9,4,0,1,5982
4,45,plain,962,946,11,4,0,2,6412
4,46,plain,1147,1073,9,4,0,1,7724
4,47,plain,1030,980,9,4,0,1,6765
4,48,plain,1020,985,13,4,0,3,6837
4,49,plain,855,822,11,3,0,3,5560
4,50,plain,775,762,9,3,0,2,5076
4,51,plain,854,819,9,3,0,3,5790
4,52,plain,802,783,7,3,0,1,5238
4,53,plain,814,790,9,3,0,2,5251
4,54,plain,892,859,11,3,0,3,5933
4,55,plain,793,768,7,3,0,1,5155
4,56,plain,905,864,9,4,0,1,6116
4,57,plain,834,795,7,3,0,1,5930
4,58,plain,833,799,7,3,0,1,5845
4,59,plain,821,773,7,3,0,1,5691
4,60,plain,892,841,7,3,0,1,6069
4,61,plain,770,742,7,3,0,1,4964
4,62,plain,853,821,7,3,0,1,5776
4,63,plain,921,891,9,4,0,1,6256
4,64,plain,902,856,7,3,0,1,6005
4,65,plain,934,896,9,4,0,1,6377
4,66,plain,909,865,9,3,0,2,5939
4,67,plain,779,766,7,3,0,1,5055
4,68,plain,832,821,11,4,0,2,5614
4,69,plain,784,754,9,3,0,2,5241
4,70,plain,682,671,7,3,0,1,4709
4,71,plain,781,764,9,3,0,2,5492
4,72,plain,847,819,7,3,0,1,5740
4,73,plain,833,795,7,3,0,1,5390
4,74,plain,903,862,13,3,0,4,5602
4,75,plain,1102,1048,11,4,0,2,7186
4,76,plain,1170,1135,9,4,0,1,7728
4,77,plain,1201,1099,9,4,0,1,7884
4,78,plain,1123,1069,10,4,0,2,7679
4,79,plain,840,809,7,3,0,1,5730
4,80,plain,891,870,7,2,0,2,6006
4,81,plain,860,819,7,3,0,1,5791
4,82,plain,958,937,14,3,0,4,6390
4,83,plain,842,779,7,3,0,1,5697
4,84,plain,873,832,9,3,0,2,5794
4,85,plain,849,818,9,3,0,2,5685
4,86,plain,789,765,7,3,0,1,5412
4,87,plain,883,851,7,3,0,1,5676
4,88,plain,1010,960,7,3,0,1,6655
4,89,plain,983,925,7,3,0,1,6645
4,90,plain,899,827,7,3,0,1,6075
4,91,plain,882,817,7,3,0,1,5911
4,92,plain,1090,976,7,3,0,1,7221
4,93,plain,975,949,7,3,0,1,6750
4,94,plain,1029,963,7,3,0,1,6869
4,95,plain,949,878,7,3,0,1,6273
4,96,plain,675,662,7,3,0,1,4397
4,97,plain,1052,995,7,3,0,1,7060
4,98,plain,803,776,7,3,0,1,5405
4,99,plain,706,690,7,3,0,1,4658
4,100,plain,778,735,5,2,0,1,5148
4,101,plain,775,740,5,2,0,1,5291
4,102,plain,1135,1022,9,4,0,1,7637
4,103,plain,848,813,7,3,0,1,5992
4,104,plain,836,800,7,3,0,1,5557
4,105,plain,801,766,7,3,0,1,5477
4,106,plain,797,787,7,3,0,1,5300
4,107,plain,685,662,5,2,0,1,4595
4,108,plain,748,715,5,2,0,1,5026
4,109,plain,881,848,7,3,0,1,5907
4,110,plain,958,940,7,3,0,1,6524
4,111,plain,980,963,7,3,0,1,6344
4,112,plain,911,885,7,3,0,1,6128
4,113,plain,1058,992,7,3,0,1,6862
4,114,plain,981,944,5,2,0,1,6424
4,115,plain,1046,999,5,2,0,1,6855
4,116,plain,925,892,7,3,0,1,6182
4,117,plain,953,937,7,3,0,1,6357
4,118,plain,857,841,7,3,0,1,5753
4,119,plain,1124,1075,7,3,0,1,7672
4,120,plain,666,651,5,2,0,1,4423
4,121,plain,879,866,7,2,0,1,5618
4,122,plain,710,675,5,2,0,1,4760
4,123,plain,1031,992,7,3,0,1,6715
4,124,plain,818,785,5,2,0,1,5307
4,125,plain,769,734,5,2,0,1,5151
4,126,plain,870,851,7,3,0,1,5758
4,127,plain,1271,1198,11,5,0,1,8122
4,128,plain,1076,1016,9,4,0,1,6854
4,129,plain,1021,973,9,4,0,1,6723
4,130,plain,934,914,7,3,0,1,6181
4,131,plain,1204,1145,9,4,0,1,7740
4,132,plain,869,849,7,3,0,1,5683
4,133,plain,1078,1058,9,4,0,1,7055
4,134,plain,992,968,9,4,0,1,6244
4,135,plain,1491,1434,11,5,0,1,9501
4,136,plain,1095,1037,9,4,0,1,6967
4,137,plain,1002,973,9,4,0,1,6564
4,138,plain,745,732,7,3,0,1,5083
4,139,plain,938,915,7,3,0,1,6341
4,140,plain,1019,964,9,4,0,1,6750
4,141,plain,1024,958,9,4,0,1,6634
4,142,plain,958,923,7,3,0,1,6349
4,143,plain,955,930,7,3,0,1,6254
4,144,plain,758,732,7,3,0,1,5217
4,145,plain,993,972,9,4,0,1,6380
4,146,plain,967,934,11,5,0,1,6454
4,147,plain,859,840,7,3,0,1,5756
4,148,plain,1078,1055,9,4,0,1,6927
4,149,plain,868,851,7,3,0,1,5717
4,150,plain,851,814,7,3,0,1,5500
4,151,plain,802,783,7,3,0,1,5482
4,152,plain,971,941,9,4,0,1,6329
4,153,plain,1123,1056,9,4,0,1,7278
4,154,plain,1095,1059,9,4,0,1,7194
4,155,plain,1259,1211,11,5,0,1,8652
4,156,plain,970,958,9,4,0,1,6301
4,157,plain,1316,1253,11,5,0,1,8895
4,158,plain,925,913,7,3,0,1,6081
4,159,plain,1022,989,7,3,0,1,6344
4,160,plain,809,778,7,3,0,1,5481
4,161,plain,1018,988,9,4,0,1,6985
4,162,plain,1013,961,7,3,0,1,6684
4,163,plain,1100,1053,9,4,0,1,7104
4,164,plain,1132,1110,9,4,0,1,7405
4,165,plain,1117,1091,7,3,0,1,7261
4,166,plain,870,839,9,4,0,1,5829
4,167,plain,867,852,7,3,0,1,5735
4,168,plain,798,777,7,3,0,1,5508
4,169,plain,849,834,7,3,0,1,5729
4,170,plain,1032,989,9,4,0,1,6823
4,171,plain,1700,1604,11,5,0,1,11162
4,172,plain,1053,1020,9,4,0,1,6978
4,173,plain,1025,971,7,3,0,1,6849
4,174,plain,915,892,7,3,0,1,5907
4,175,plain,940,904,7,3,0,1,6213
4,176,plain,1307,1203,9,4,0,1,8891
5,1,plain,2223,2184,36,9,0,7,13574
5,2,plain,2560,2461,32,9,0,4,15869
5,3,plain,2853,2721,36,9,0,3,17334
5,4,plain,1791,1733,27,7,0,6,10705
5,5,plain,2334,2246,28,10,0,2,14175
5,6,plain,2255,2138,32,10,0,5,13488
5,7,plain,1663,1631,26,7,0,4,9891
5,8,plain,1678,1636,27,8,0,4,9987
5,9,plain,1253,1237,24,7,0,5,7626
5,10,plain,1194,1179,19,7,0,1,6929
5,11,plain,1692,1655,23,7,0,2,9936
5,12,plain,1942,1860,27,7,0,3,11676
5,13,plain,2249,2193,28,10,0,2,13442
5,14,plain,1487,1441,21,8,0,1,9119
5,15,plain,1395,1355,23,7,0,3,8413
5,16,plain,1563,1533,21,8,0,1,9188
5,17,plain,1571,1504,24,9,0,2,9508
5,18,plain,1522,1453,22,8,0,1,9014
5,19,plain,1484,1423,21,7,0,3,8732
5,20,plain,1378,1339,19,6,0,1,8301
5,21,plain,1491,1468,20,7,0,1,8907
5,22,plain,1418,1390,21,8,0,1,8206
5,23,plain,1472,1436,22,8,0,1,8670
5,24,plain,1344,1316,19,7,0,2,7825
5,25,plain,1275,1253,18,6,0,1,7456
5,26,plain,1484,1458,21,8,0,1,8916
5,27,plain,1601,1553,24,9,0,3,9640
5,28,plain,1367,1335,22,6,0,2,7928
5,29,plain,1305,1275,18,7,0,1,7452
5,30,plain,1364,1343,19,7,0,1,7915
5,31,plain,1379,1332,18,6,0,1,7992
5,32,plain,1906,1833,27,9,0,1,11210
5,33,plain,1879,1817,22,9,0,1,11497
5,34,plain,1340,1325,20,7,0,1,7997
5,35,plain,1492,1469,22,8,0,2,9013
5,36,plain,1155,1108,15,5,0,2,6677
5,37,plain,1089,1065,17,6,0,1,6335
5,38,plain,1732,1700,24,9,0,2,10416
5,39,plain,1335,1316,20,8,0,2,8006
5,40,plain,1277,1244,18,7,0,1,7539
5,41,plain,1746,1634,23,10,0,1,10522
5,42,plain,1417,1366,21,7,0,2,8372
5,43,plain,1183,1150,16,7,0,1,6957
5,44,plain,1712,1629,23,7,0,1,10325
5,45,plain,1488,1424,20,8,0,1,8993
5,46,plain,1342,1294,17,6,0,1,7837
5,47,plain,1374,1345,18,6,0,1,8043
5,48,plain,1930,1815,25,9,0,1,11648
5,49,plain,1392,1330,17,6,0,1,8189
5,50,plain,1406,1380,20,8,0,1,8410
5,51,plain,1490,1455,21,8,0,1,9185
5,52,plain,1331,1279,20,7,0,1,8157
5,53,plain,1268,1233,17,6,0,1,7585
5,54,plain,2327,2264,25,9,0,1,13957
5,55,plain,1432,1410,20,7,0,1,8869
5,56,plain,1418,1397,19,6,0,2,8391
5,57,plain,1317,1279,18,7,0,1,8059
5,58,plain,1342,1317,17,6,0,1,7777
5,59,plain,1332,1286,17,7,0,1,7810
5,60,plain,1434,1378,20,8,0,1,8559
5,61,plain,1246,1216,19,6,0,1,7460
5,62,plain,1136,1113,17,6,0,1,6923
5,63,plain,1525,1497,23,8,0,2,9004
5,64,plain,2100,2006,28,10,0,1,12626
5,65,plain,1305,1277,20,8,0,1,7722
5,66,plain,1543,1491,19,7,0,1,9310
5,67,plain,1716,1677,22,7,0,1,10355
5,68,plain,1397,1340,18,7,0,1,8023
5,69,plain,1470,1435,18,7,0,1,8843
5,70,plain,1297,1262,19,7,0,1,7860
5,71,plain,1297,1262,19,7,0,1,7761
5,72,plain,1504,1449,18,7,0,1,8804
5,73,plain,1477,1437,19,8,0,1,8812
5,74,plain,1152,1135,17,7,0,1,6903
5,75,plain,1337,1297,16,6,0,1,7803
5,76,plain,1138,1111,15,6,0,1,6573
5,77,plain,1558,1521,19,8,0,1,9370
5,78,plain,1222,1193,17,7,0,1,7454
5,79,plain,1510,1490,20,8,0,2,8843
5,80,plain,1247,1211,18,8,0,1,7631
5,81,plain,1083,1052,16,6,0,1,6390
5,82,plain,1675,1614,17,7,0,1,10501
5,83,plain,1457,1420,19,8,0,1,8457
5,84,plain,1228,1197,17,7,0,1,7328
5,85,plain,1262,1236,17,7,0,1,7583
5,86,plain,1087,1072,16,7,0,1,6524
5,87,plain,1583,1557,21,9,0,2,9264
5,88,plain,1219,1198,16,7,0,1,7145
5,89,plain,1831,1730,23,7,0,2,10820
5,90,plain,1484,1455,19,7,0,1,9013
5,91,plain,1380,1349,20,8,0,1,8302
5,92,plain,1274,1248,17,7,0,1,7765
5,93,plain,1408,1362,20,6,0,2,8503
5,94,plain,1297,1253,17,7,0,1,7516
5,95,plain,1786,1686,29,12,0,1,10635
5,96,plain,1369,1319,17,6,0,1,8224
5,97,plain,1460,1411,17,7,0,1,8580
5,98,plain,1269,1256,19,8,0,1,7418
5,99,plain,1077,1059,16,7,0,1,6422
5,100,plain,1477,1448,19,8,0,1,8785
5,101,plain,1688,1642,20,8,0,1,10050
5,102,plain,1376,1362,21,10,0,1,8148
5,103,plain,1464,1438,19,7,0,1,8795
5,104,plain,1505,1460,18,7,0,1,8828
5,105,plain,1560,1518,21,9,0,1,9114
5,106,plain,1577,1483,19,9,0,1,9388
5,107,plain,1023,969,17,8,0,1,6189
5,108,plain,1139,1107,15,6,0,1,6754
5,109,plain,1454,1422,19,7,0,1,8684
5,110,plain,1824,1690,22,10,0,1,10585
5,111,plain,1390,1366,18,8,0,1,8290
5,112,plain,1359,1326,20,7,0,1,7953
5,113,plain,1268,1233,15,7,0,1,7216
5,114,plain,1327,1277,19,8,0,1,7746
5,115,plain,1481,1446,18,8,0,1,8673
5,116,plain,1865,1785,23,11,0,1,10519
5,117,plain,1303,1247,16,7,0,1,7370
5,118,plain,1491,1469,17,8,0,1,8763
5,119,plain,1661,1619,18,7,0,1,9895
5,120,plain,1493,1472,18,8,0,1,8629
6,1,plain,1501,1474,29,7,0,5,9169
6,2,plain,1471,1450,34,7,0,9,8596
6,3,plain,1440,1413,30,8,0,6,8320
6,4,plain,1332,1311,31,8,0,7,7882
6,5,plain,1393,1369,34,8,0,8,8281
6,6,plain,1557,1500,39,9,0,10,9440
6,7,plain,1423,1389,35,8,0,10,8479
6,8,plain,1279,1246,29,7,0,8,7338
6,9,plain,1399,1376,31,8,0,6,8181
6,10,plain,1307,1285,35,8,0,9,7942
6,11,plain,1381,1367,30,9,0,4,8220
6,12,plain,1656,1608,37,9,0,8,10023
6,13,plain,1568,1548,35,9,0,8,9045
6,14,plain,1718,1675,41,8,0,9,10006
6,15,plain,1426,1411,35,8,0,7,8315
6,16,plain,1407,1388,31,10,0,4,8338
6,17,plain,1534,1507,38,9,0,9,8955
6,18,plain,1402,1389,33,9,0,7,8431
6,19,plain,1579,1507,37,11,0,7,9245
6,20,plain,1572,1547,40,9,0,9,9315
6,21,plain,1512,1490,39,8,0,10,9068
6,22,plain,1371,1343,37,9,0,10,8188
6,23,plain,1383,1367,30,7,0,6,8093
6,24,plain,1273,1257,36,8,0,12,7592
6,25,plain,1585,1521,30,8,0,5,9444
6,26,plain,1399,1380,34,7,0,8,8780
6,27,plain,1507,1469,36,9,0,8,8531
6,28,plain,1440,1404,33,9,0,6,8274
6,29,plain,1310,1293,37,8,0,11,7880
6,30,plain,1351,1314,32,9,0,5,7898
6,31,plain,1456,1414,35,8,0,10,8330
6,32,plain,1426,1398,34,8,0,7,8575
6,33,plain,1355,1327,34,8,0,9,8188
6,34,plain,1442,1403,40,8,0,12,8618
6,35,plain,1433,1385,31,7,0,7,8537
6,36,plain,1364,1343,35,8,0,9,7788
6,37,plain,1418,1387,30,7,0,7,8134
6,38,plain,1821,1782,41,9,0,11,10879
6,39,plain,1401,1373,33,8,0,9,8383
6,40,plain,1247,1214,28,9,0,4,7161
6,41,plain,1344,1305,32,8,0,7,7905
6,42,plain,1290,1268,34,8,0,9,8095
6,43,plain,1369,1340,32,7,0,8,8070
6,44,plain,1423,1386,32,9,0,6,8687
6,45,plain,1334,1313,31,7,0,7,7871
6,46,plain,1419,1380,33,8,0,7,8331
6,47,plain,1175,1151,29,7,0,4,7204
6,48,plain,1361,1330,34,8,0,8,8170
6,49,plain,1087,1069,31,9,0,8,6476
6,50,plain,1374,1320,36,9,0,9,7898
6,51,plain,1320,1294,32,8,0,9,7862
6,52,plain,1733,1688,41,10,0,9,10322
6,53,plain,1348,1314,34,8,0,9,8058
6,54,plain,1561,1520,34,10,0,5,9355
6,55,plain,1117,1101,24,7,0,4,6624
6,56,plain,1334,1297,31,8,0,7,7939
6,57,plain,1393,1350,32,8,0,10,8105
6,58,plain,1186,1158,23,6,0,3,6946
6,59,plain,1705,1651,37,11,0,7,9801
6,60,plain,1470,1421,33,9,0,5,8415
6,61,plain,1345,1315,35,8,0,9,7959
6,62,plain,1308,1288,29,8,0,4,7553
6,63,plain,1215,1182,28,8,0,6,7012
6,64,plain,1161,1145,32,7,0,10,6854
6,65,plain,1474,1427,34,9,0,10,8747
6,66,plain,1261,1243,32,8,0,9,7542
6,67,plain,1232,1219,29,8,0,8,7111
6,68,plain,1328,1284,29,9,0,4,8221
6,69,plain,1194,1174,26,9,0,3,7296
6,70,plain,1635,1543,38,14,0,6,9763
6,71,plain,1385,1315,30,9,0,4,8143
6,72,plain,1131,1113,26,8,0,3,6777
6,73,plain,1328,1275,32,9,0,8,7628
6,74,plain,1252,1227,24,8,0,3,7417
6,75,plain,1173,1152,22,7,0,1,7084
6,76,plain,1429,1400,25,10,0,1,8354
6,77,plain,1105,1069,24,9,0,2,6326
6,78,plain,1220,1186,24,8,0,3,7293
6,79,plain,1377,1352,31,9,0,7,7998
6,80,plain,1283,1238,25,8,0,3,7543
6,81,plain,1240,1199,28,9,0,5,7248
6,82,plain,1257,1234,27,10,0,3,7523
6,83,plain,1285,1260,22,9,0,1,7696
6,84,plain,1266,1234,28,9,0,3,7568
6,85,plain,1119,1109,22,9,0,2,6828
6,86,plain,1243,1232,24,9,0,2,7486
6,87,plain,1112,1091,19,7,0,1,6691
6,88,plain,1298,1264,27,10,0,4,7809
6,89,plain,1198,1164,27,7,0,4,7292
6,90,plain,1218,1188,21,7,0,1,7370
6,91,plain,1595,1520,25,11,0,1,9393
6,92,plain,1409,1364,29,9,0,3,8438
6,93,plain,1508,1417,29,11,0,1,9160
6,94,plain,1386,1324,27,10,0,2,8179
6,95,plain,1337,1297,25,9,0,3,7549
6,96,plain,1199,1171,21,8,0,1,6901
6,97,plain,1199,1165,21,8,0,1,6945
6,98,plain,1274,1240,22,7,0,1,7453
6,99,plain,1532,1444,26,11,0,1,9205
6,100,plain,1234,1200,24,9,0,1,7555
6,101,plain,1249,1217,21,8,0,2,7252
6,102,plain,1201,1176,24,9,0,1,7107
6,103,plain,1413,1397,27,8,0,5,8371
6,104,plain,1273,1235,27,10,0,3,7505
6,105,plain,1142,1117,24,8,0,4,6998
6,106,plain,1121,1100,21,9,0,1,6452
6,107,plain,1276,1251,22,10,0,1,7490
6,108,plain,1443,1388,27,9,0,2,8725
6,109,plain,1227,1181,24,7,0,4,7033
6,110,plain,1285,1254,25,8,0,4,7569
6,111,plain,1181,1138,21,8,0,1,6854
6,112,plain,1227,1184,21,7,0,1,7342
6,113,plain,1176,1148,23,10,0,1,7061
6,114,plain,1244,1196,22,8,0,1,7341
6,115,plain,1103,1081,19,7,0,1,6488
6,116,plain,1171,1142,22,8,0,1,7024
6,117,plain,1126,1108,22,9,0,1,6565
6,118,plain,1169,1149,21,8,0,1,6874
6,119,plain,1253,1198,21,7,0,1,7668
6,120,plain,1226,1205,25,7,0,3,7267
6,121,plain,1345,1307,22,8,0,1,8195
6,122,plain,1223,1172,22,8,0,1,7176
6,123,plain,1142,1114,20,8,0,1,6931
6,124,plain,1197,1141,21,7,0,1,7020
6,125,plain,1174,1130,21,7,0,2,7216
6,126,plain,1006,986,19,7,0,1,6009
6,127,plain,986,962,20,7,0,1,5815
6,128,plain,1196,1124,22,9,0,1,7288
6,129,plain,1085,1067,21,7,0,1,6405
6,130,plain,1120,1064,20,8,0,1,6825
6,131,plain,1063,1046,21,8,0,1,6625
6,132,plain,1111,1088,20,7,0,1,6529
6,133,plain,1238,1200,22,8,0,1,7297
6,134,plain,1028,1013,19,8,0,1,6043
6,135,plain,1096,1067,21,8,0,1,6486
6,136,plain,1078,1023,19,7,0,1,6476
6,137,plain,1182,1137,19,8,0,1,7130
6,138,plain,1094,1039,19,8,0,1,6838
6,139,plain,996,947,19,8,0,1,6192
6,140,plain,1179,1146,21,9,0,1,7177
6,141,plain,1216,1157,19,7,0,1,7298
6,142,plain,1211,1176,19,8,0,1,7348
6,143,plain,1055,1015,19,7,0,1,6443
6,144,plain,1101,1034,17,7,0,1,6772
6,145,plain,1277,1217,22,8,0,1,7955
6,146,plain,1204,1152,19,8,0,1,7462
6,147,plain,1044,1020,17,7,0,1,6092
6,148,plain,1226,1164,21,7,0,1,7598
6,149,plain,1165,1148,21,7,0,1,7228
6,150,plain,1182,1131,20,8,0,1,7358
6,151,plain,1408,1332,19,8,0,1,8516
6,152,plain,1308,1246,20,9,0,1,7959
6,153,plain,1127,1093,21,8,0,2,6581
6,154,plain,1112,1074,19,8,0,1,6609
6,155,plain,1083,1060,20,9,0,1,6321
6,156,plain,1027,1004,18,8,0,1,5974
6,157,plain,1172,1094,19,7,0,1,6793
6,158,plain,1252,1182,20,8,0,2,7157
6,159,plain,1090,1055,23,9,0,2,6644
6,160,plain,1160,1128,22,9,0,2,6868
6,161,plain,957,930,16,5,0,1,5714
6,162,plain,1061,1042,22,9,0,1,6347
6,163,plain,956,939,18,6,0,1,5588
6,164,plain,1213,1165,20,8,0,1,7111
6,165,plain,1470,1426,22,8,0,1,8712
7,1,plain,822,818,9,4,0,1,4731
7,2,plain,1158,1127,10,4,0,1,6443
7,3,plain,1207,1183,12,4,0,2,6746
7,4,plain,1137,1115,10,3,0,1,6068
7,5,plain,1299,1283,12,4,0,2,6773
7,6,plain,1209,1190,13,4,0,2,6723
7,7,plain,1271,1258,19,4,0,5,6691
7,8,plain,1421,1401,21,5,0,5,7552
7,9,plain,1289,1267,18,4,0,4,6477
7,10,plain,1304,1282,15,4,0,2,6762
7,11,plain,1449,1418,20,4,0,5,7843
7,12,plain,1589,1558,19,6,0,4,8427
7,13,plain,1430,1404,17,5,0,3,7322
7,14,plain,1035,1024,15,3,0,3,5325
7,15,plain,1013,1004,10,3,0,1,4938
7,16,plain,1347,1326,17,4,0,3,7186
7,17,plain,1458,1426,14,4,0,2,7414
7,18,plain,1196,1174,17,4,0,4,6078
7,19,plain,1303,1274,15,5,0,2,6807
7,20,plain,1217,1175,16,4,0,3,6288
7,21,plain,1163,1150,19,5,0,5,5840
7,22,plain,1450,1390,16,5,0,1,7515
7,23,plain,1162,1136,21,5,0,5,6115
7,24,plain,1157,1130,15,4,0,2,6247
7,25,plain,1100,1081,17,4,0,4,5377
7,26,plain,1307,1268,17,5,0,2,6623
7,27,plain,1194,1137,16,4,0,3,6090
7,28,plain,1126,1091,15,4,0,2,5744
7,29,plain,1076,1041,18,4,0,3,5646
7,30,plain,1159,1133,15,4,0,3,5869
7,31,plain,1223,1196,18,4,0,4,6300
7,32,plain,1169,1111,15,5,0,2,6196
7,33,plain,1145,1100,12,4,0,2,6014
7,34,plain,1221,1194,17,4,0,4,6375
7,35,plain,1139,1104,16,4,0,4,5887
7,36,plain,1118,1093,18,3,0,4,5787
7,37,plain,1071,1001,13,5,0,1,5611
7,38,plain,980,901,14,4,0,2,5087
7,39,plain,689,661,11,2,0,2,3608
7,40,plain,691,648,9,4,0,1,3625
7,41,plain,596,579,9,2,0,2,3171
7,42,plain,821,791,14,4,0,3,4312
7,43,plain,1279,1207,16,5,0,3,6812
7,44,plain,900,843,10,4,0,1,4851
7,45,plain,897,879,9,3,0,1,4535
7,46,plain,1219,1176,13,5,0,1,6233
7,47,plain,1304,1281,14,4,0,2,6560
7,48,plain,970,942,13,4,0,2,5003
7,49,plain,1133,1105,12,3,0,2,5688
7,50,plain,953,912,13,3,0,3,4829
7,51,plain,1183,1141,18,4,0,5,6191
7,52,plain,823,799,11,3,0,2,4378
7,53,plain,1099,1025,14,3,0,4,5946
7,54,plain,1520,1460,23,5,0,6,8122
7,55,plain,897,883,16,3,0,4,4675
7,56,plain,1117,1084,17,5,0,4,6055
7,57,plain,895,838,13,3,0,3,4596
7,58,plain,889,852,10,3,0,1,4727
7,59,plain,908,875,11,4,0,2,4861
7,60,plain,694,679,10,3,0,2,3783
7,61,plain,497,474,6,2,0,1,2591
7,62,plain,614,592,7,1,0,2,3338
7,63,plain,902,863,12,3,0,3,4740
7,64,plain,852,821,12,4,0,2,4614
7,65,plain,607,582,9,3,0,2,3157
7,66,plain,512,488,6,2,0,1,2784
7,67,plain,248,225,3,1,0,1,1279
7,68,plain,275,257,3,1,0,1,1480
7,69,plain,568,513,6,2,0,1,3017
7,70,plain,824,789,11,3,0,3,4532
7,71,plain,819,774,8,3,0,1,4388
7,72,plain,585,553,6,2,0,1,3057
7,73,plain,1108,1049,9,3,0,1,6041
7,74,plain,867,823,8,3,0,1,4775
7,75,plain,777,734,8,3,0,1,4104
7,76,plain,366,352,5,1,0,1,1920
7,77,plain,845,810,8,3,0,1,4453
7,78,plain,690,676,7,3,0,1,3828
7,79,plain,898,867,8,3,0,1,4704
7,80,plain,554,531,5,2,0,1,2981
7,81,plain,571,555,5,2,0,1,3056
7,82,plain,479,455,5,2,0,1,2379
7,83,plain,629,611,6,2,0,1,3238
7,84,plain,497,480,5,2,0,1,2623
7,85,plain,1049,984,8,3,0,1,5832
7,86,plain,766,715,8,3,0,1,4175
7,87,plain,634,598,6,2,0,1,3402
7,88,plain,553,513,7,3,0,1,3032
7,89,plain,893,828,9,3,0,1,4799
7,90,plain,464,445,5,2,0,1,2459
7,91,plain,468,454,5,2,0,1,2591
7,92,plain,438,416,5,2,0,1,2320
7,93,plain,499,465,5,2,0,1,2678
7,94,plain,466,443,5,2,0,1,2568
7,95,plain,704,675,7,3,0,1,3846
7,96,plain,671,635,7,3,0,1,3545
7,97,plain,502,482,5,2,0,1,2692
7,98,plain,513,491,5,2,0,1,2715
7,99,plain,562,543,5,2,0,1,2899
7,100,plain,686,646,5,2,0,1,3699
7,101,plain,757,716,7,3,0,1,4213
7,102,plain,712,692,5,2,0,1,3899
7,103,plain,359,329,5,2,0,1,1995
7,104,plain,403,387,4,1,0,1,2181
7,105,plain,541,513,5,2,0,1,2845
7,106,plain,354,336,3,1,0,1,1828
7,107,plain,548,536,5,2,0,1,2930
7,108,plain,423,409,4,1,0,1,2131
7,109,plain,386,374,3,1,0,1,2184
7,110,plain,334,321,3,1,0,1,1790
7,111,plain,497,480,5,2,0,1,2878
7,112,plain,324,318,3,1,0,1,1722
7,113,plain,183,162,3,1,0,1,1021
7,114,plain,390,378,3,1,0,1,2180
7,115,plain,268,253,3,1,0,1,1491
7,116,plain,554,528,5,2,0,1,2947
7,117,plain,513,498,5,2,0,1,2754
7,118,plain,414,399,5,2,0,1,2286
7,119,plain,378,368,3,1,0,1,2071
7,120,plain,576,569,5,2,0,1,3329
7,121,plain,387,377,3,1,0,1,2067
7,122,plain,424,418,3,1,0,1,2325
7,123,plain,618,585,5,2,0,1,3382
7,124,plain,439,419,4,1,0,1,2304
7,125,plain,329,321,3,1,0,1,1670
7,126,plain,603,571,4,1,0,1,3280
7,127,plain,704,661,5,2,0,1,3791
7,128,plain,630,595,5,2,0,1,3292
7,129,plain,644,602,5,2,0,1,3432
7,130,plain,551,530,5,2,0,1,2986
7,131,plain,633,585,5,2,0,1,3254
7,132,plain,406,388,3,1,0,1,2116
7,133,plain,659,629,5,2,0,1,3713
7,134,plain,611,560,5,2,0,1,3242
7,135,plain,543,525,5,2,0,1,2771
7,136,plain,508,483,5,2,0,1,2679
7,137,plain,774,717,5,2,0,1,4241
7,138,plain,660,619,5,2,0,1,3363
7,139,plain,421,404,3,1,0,1,2278
7,140,plain,530,510,5,2,0,1,2718
7,141,plain,665,632,5,2,0,1,3383
7,142,plain,799,748,5,2,0,1,4325
7,143,plain,1229,1133,9,3,0,1,6701
7,144,plain,767,735,7,3,0,1,4130
7,145,plain,855,809,7,3,0,1,4679
7,146,plain,1146,1068,7,3,0,1,6042
7,147,plain,736,705,5,2,0,1,3888
7,148,plain,786,743,5,2,0,1,4295
7,149,plain,675,641,5,2,0,1,3556
7,150,plain,990,907,7,3,0,1,5358
7,151,plain,602,578,5,2,0,1,3153
7,152,plain,769,739,5,2,0,1,4154
7,153,plain,503,482,3,1,0,1,2617
7,154,plain,662,631,5,2,0,1,3417
7,155,plain,1058,976,7,3,0,1,5890
7,156,plain,1207,1150,7,3,0,1,6740
7,157,plain,1152,1065,7,3,0,1,6441
7,158,plain,620,559,5,2,0,1,3390
7,159,plain,655,637,5,2,0,1,3704
7,160,plain,758,685,5,2,0,1,4000
7,161,plain,572,529,5,2,0,1,3017
7,162,plain,600,564,5,2,0,1,3000
7,163,plain,628,572,5,2,0,1,3331
7,164,plain,638,598,5,2,0,1,3379
7,165,plain,529,490,3,1,0,1,2883
7,166,plain,410,406,3,1,0,1,2354
7,167,plain,687,632,5,2,0,1,4029
7,168,plain,835,799,7,3,0,1,4510
7,169,plain,696,669,5,2,0,1,3936
7,170,plain,773,729,7,3,0,1,4159
7,171,plain,803,766,5,2,0,1,4165
7,172,plain,1909,1861,12,4,0,1,11408
7,173,plain,951,917,7,3,0,1,5252
7,174,plain,566,555,5,2,0,1,2898
7,175,plain,934,901,6,2,0,1,4993
7,176,plain,1119,1051,7,3,0,1,5950
7,177,plain,461,447,3,1,0,1,2365
7,178,plain,581,562,4,1,0,1,3123
7,179,plain,1188,1134,7,3,0,1,6541
7,180,plain,1163,1129,7,3,0,1,6329
7,181,plain,499,480,3,1,0,1,2639
7,182,plain,556,536,3,1,0,1,2823
7,183,plain,562,551,3,1,0,1,2832
7,184,plain,671,653,5,2,0,1,3709
7,185,plain,796,759,5,2,0,1,4368
7,186,plain,681,663,5,2,0,1,3666
7,187,plain,1174,1105,7,3,0,1,6320
7,188,plain,1001,947,7,3,0,1,5371
7,189,plain,830,767,5,2,0,1,4331
7,190,plain,885,855,5,2,0,1,4787
7,191,plain,401,388,3,1,0,1,2114
7,192,plain,524,515,3,1,0,1,2771
7,193,plain,661,635,5,2,0,1,3440
7,194,plain,720,695,5,2,0,1,3704
7,195,plain,915,873,5,2,0,1,4870
7,196,plain,586,571,3,1,0,1,3112
7,197,plain,600,584,3,1,0,1,3087
7,198,plain,485,466,3,1,0,1,2686
7,199,plain,860,848,7,3,0,1,4816
7,200,plain,672,655,5,2,0,1,3533
7,201,plain,714,694,5,2,0,1,3809
7,202,plain,567,550,3,1,0,1,2874
7,203,plain,963,917,5,2,0,1,4981
7,204,plain,901,884,5,2,0,1,4899
7,205,plain,1350,1320,7,3,0,1,7396
7,206,plain,1111,1089,6,2,0,1,5561
8,1,plain,1053,1019,15,5,0,3,6395
8,2,plain,1106,1074,13,5,0,2,6465
8,3,plain,964,951,16,5,0,4,5709
8,4,plain,1063,1040,14,5,0,2,6514
8,5,plain,1095,1075,15,5,0,3,6432
8,6,plain,997,974,11,5,0,1,6146
8,7,plain,954,908,11,5,0,1,5722
8,8,plain,955,937,11,5,0,1,5708
8,9,plain,1144,1122,14,5,0,3,6677
8,10,plain,989,959,11,5,0,1,5834
8,11,plain,1031,990,9,4,0,1,6075
8,12,plain,1022,983,9,4,0,1,6164
8,13,plain,915,891,9,4,0,1,5418
8,14,plain,834,816,9,4,0,1,4920
8,15,plain,901,882,9,4,0,1,5451
8,16,plain,1065,1028,9,4,0,1,6587
8,17,plain,1100,1064,9,4,0,1,6478
8,18,plain,971,957,9,4,0,1,5649
8,19,plain,1057,1009,11,4,0,2,6224
8,20,plain,975,955,9,4,0,1,5857
8,21,plain,973,960,9,4,0,1,5799
8,22,plain,1023,1004,9,4,0,1,5958
8,23,plain,1059,1030,9,4,0,1,6169
8,24,plain,943,903,11,4,0,2,5511
8,25,plain,877,852,12,4,0,3,5209
8,26,plain,1056,1015,9,4,0,1,6311
8,27,plain,1133,1117,10,4,0,2,6677
8,28,plain,1054,1034,9,4,0,1,5998
8,29,plain,1098,1066,9,4,0,1,6432
8,30,plain,1153,1121,9,4,0,1,6615
8,31,plain,1059,1025,9,4,0,1,6228
8,32,plain,872,844,7,3,0,1,5042
8,33,plain,1032,1011,11,4,0,2,6134
8,34,plain,1115,1079,9,4,0,1,6767
8,35,plain,981,963,9,4,0,1,5794
8,36,plain,1180,1137,11,4,0,2,6843
8,37,plain,992,958,10,4,0,2,5834
8,38,plain,1028,999,11,4,0,2,6051
8,39,plain,1087,1062,9,4,0,1,6445
8,40,plain,1021,1005,9,4,0,1,6113
8,41,plain,1273,1218,9,4,0,1,7660
8,42,plain,1066,987,9,4,0,1,6319
8,43,plain,986,946,9,4,0,1,5889
8,44,plain,915,868,7,3,0,1,5399
8,45,plain,1022,1000,9,4,0,1,5960
8,46,plain,990,961,11,4,0,2,5922
8,47,plain,1142,1111,11,4,0,2,6510
8,48,plain,1296,1233,11,4,0,2,7299
8,49,plain,1007,979,9,4,0,1,6191
8,50,plain,944,917,9,4,0,1,5414
8,51,plain,1022,1007,9,4,0,1,6042
8,52,plain,940,905,9,4,0,1,5592
8,53,plain,1088,1061,9,4,0,1,6660
8,54,plain,981,943,9,4,0,1,5976
8,55,plain,1064,1045,10,4,0,1,6457
8,56,plain,976,954,9,4,0,1,5916
8,57,plain,1088,1064,9,4,0,1,6743
8,58,plain,1074,1053,9,4,0,1,6369
8,59,plain,858,842,7,3,0,1,5319
8,60,plain,1060,1003,9,4,0,1,6511
8,61,plain,816,795,9,4,0,1,4873
8,62,plain,770,746,7,3,0,1,4648
8,63,plain,1119,1089,10,4,0,2,6623
8,64,plain,964,953,9,4,0,1,5749
8,65,plain,1066,1022,9,4,0,1,6411
8,66,plain,1084,1035,9,4,0,1,6506
8,67,plain,849,815,7,3,0,1,5200
8,68,plain,798,774,7,3,0,1,4797
8,69,plain,762,741,7,3,0,1,4509
8,70,plain,1048,1005,11,4,0,2,6029
8,71,plain,789,763,7,3,0,1,4643
8,72,plain,1157,1077,9,4,0,1,7063
8,73,plain,845,817,7,3,0,1,5158
8,74,plain,1077,1043,11,4,0,3,6607
8,75,plain,1247,1205,15,4,0,4,7646
9,1,plain,939,923,12,4,0,2,5676
9,2,plain,781,758,11,3,0,2,4798
9,3,plain,880,821,11,4,0,2,5299
9,4,plain,834,796,11,4,0,2,5236
9,5,plain,1132,1080,13,5,0,2,6943
9,6,plain,762,724,11,4,0,2,4634
9,7,plain,717,676,11,4,0,2,4570
9,8,plain,691,658,9,4,0,1,4273
9,9,plain,776,750,12,4,0,3,4680
9,10,plain,735,719,12,4,0,3,4727
9,11,plain,735,706,12,4,0,3,4536
9,12,plain,732,703,9,4,0,1,4766
9,13,plain,801,762,11,4,0,2,4976
9,14,plain,726,695,9,4,0,1,4592
9,15,plain,750,730,9,4,0,1,4567
9,16,plain,812,772,12,4,0,3,4795
9,17,plain,733,699,12,4,0,3,4547
9,18,plain,696,659,9,4,0,1,4271
9,19,plain,774,728,9,4,0,1,4753
9,20,plain,748,713,13,4,0,4,4526
9,21,plain,694,674,10,4,0,2,4200
9,22,plain,505,495,7,3,0,1,3106
9,23,plain,758,722,13,4,0,3,4640
9,24,plain,816,760,13,4,0,3,4903
9,25,plain,746,702,11,4,0,2,4614
9,26,plain,683,649,9,4,0,1,4173
9,27,plain,723,709,10,4,0,2,4469
9,28,plain,818,776,10,4,0,2,4957
9,29,plain,1094,1044,12,4,0,3,6914
9,30,plain,860,816,11,4,0,2,5378
9,31,plain,763,719,12,4,0,3,4732
9,32,plain,701,675,11,4,0,2,4301
9,33,plain,809,783,11,4,0,2,5063
9,34,plain,813,764,10,4,0,2,5085
9,35,plain,714,674,12,4,0,3,4459
9,36,plain,854,788,10,4,0,2,5254
9,37,plain,795,732,9,4,0,1,4959
9,38,plain,823,766,11,4,0,2,4891
9,39,plain,750,713,14,4,0,4,4685
9,40,plain,1127,1043,13,5,0,2,6502
9,41,plain,684,653,9,4,0,1,4144
9,42,plain,660,610,8,3,0,2,3961
9,43,plain,744,720,9,4,0,1,4644
9,44,plain,664,637,9,4,0,1,4074
9,45,plain,737,710,9,4,0,1,4604
9,46,plain,786,744,9,4,0,1,4781
9,47,plain,750,705,9,4,0,1,4647
9,48,plain,786,756,9,4,0,1,4923
9,49,plain,774,750,9,4,0,1,4662
9,50,plain,760,734,9,4,0,1,4734
9,51,plain,767,744,10,4,0,2,4725
9,52,plain,794,750,12,4,0,3,4848
9,53,plain,759,741,11,4,0,3,4724
9,54,plain,785,754,13,4,0,3,4962
9,55,plain,772,739,11,4,0,2,4873
9,56,plain,738,716,10,4,0,2,4484
9,57,plain,786,767,9,4,0,1,4742
9,58,plain,702,673,11,4,0,2,4356
9,59,plain,717,680,11,4,0,2,4498
9,60,plain,989,939,10,4,0,2,6225
9,61,plain,845,784,11,4,0,2,5046
9,62,plain,650,625,11,4,0,2,4089
9,63,plain,723,695,9,4,0,1,4481
9,64,plain,746,714,9,4,0,1,4628
9,65,plain,867,837,11,4,0,2,5146
9,66,plain,814,790,9,4,0,1,4952
9,67,plain,759,729,9,4,0,1,4880
9,68,plain,720,687,9,4,0,1,4540
9,69,plain,861,788,12,4,0,3,5361
9,70,plain,842,795,9,4,0,1,5316
9,71,plain,806,763,11,4,0,3,5282
9,72,plain,764,727,9,4,0,1,4838
9,73,plain,727,704,9,4,0,1,4667
9,74,plain,899,812,9,4,0,1,5426
9,75,plain,685,651,7,3,0,1,4188
9,76,plain,815,796,9,4,0,1,4932
9,77,plain,818,789,11,4,0,2,4903
9,78,plain,898,878,11,4,0,2,5489
9,79,plain,862,830,11,4,0,2,5186
9,80,plain,895,856,13,4,0,3,5548
9,81,plain,787,732,9,4,0,1,4774
9,82,plain,755,737,14,4,0,4,4651
9,83,plain,778,724,9,4,0,1,4801
9,84,plain,768,743,9,4,0,1,4697
9,85,plain,722,689,11,4,0,3,4611
9,86,plain,736,701,10,4,0,2,4610
9,87,plain,801,778,11,4,0,2,4951
9,88,plain,895,861,13,4,0,3,5497
9,89,plain,678,658,11,4,0,3,4210
9,90,plain,745,715,9,4,0,1,4713
9,91,plain,747,707,9,4,0,1,4556
9,92,plain,742,699,10,4,0,2,4436
9,93,plain,755,719,9,4,0,1,4655
9,94,plain,810,748,9,4,0,1,4897
9,95,plain,756,714,9,4,0,1,4765
9,96,plain,850,823,11,4,0,2,5339
9,97,plain,662,631,7,3,0,1,4368
9,98,plain,760,727,9,4,0,1,4715
9,99,plain,813,759,11,4,0,3,5044
9,100,plain,962,912,9,4,0,1,5977
9,101,plain,764,722,9,4,0,1,4969
9,102,plain,863,833,9,4,0,1,5342
9,103,plain,791,758,9,4,0,1,5030
9,104,plain,773,743,11,4,0,2,4914
9,105,plain,756,716,10,4,0,2,4880
9,106,plain,717,695,9,4,0,1,4656
9,107,plain,1028,978,11,5,0,1,6659
9,108,plain,915,878,9,4,0,1,5851
9,109,plain,896,854,9,4,0,1,5616
9,110,plain,890,861,9,4,0,1,5620
9,111,plain,1011,942,12,4,0,3,6175
9,112,plain,964,924,10,4,0,2,6249
9,113,plain,729,694,9,4,0,1,4502
9,114,plain,888,842,11,4,0,2,5742
9,115,plain,727,695,9,4,0,1,4769
9,116,plain,865,838,11,4,0,2,5423
9,117,plain,815,770,9,4,0,1,5096
9,118,plain,1243,1183,11,5,0,1,7725
9,119,plain,888,875,13,4,0,3,5642
9,120,plain,863,779,10,4,0,2,5648
9,121,plain,741,707,9,4,0,1,4761
9,122,plain,853,807,9,4,0,1,5616
9,123,plain,853,825,9,4,0,1,5713
9,124,plain,819,787,10,4,0,2,5352
9,125,plain,781,758,9,4,0,1,5224
9,126,plain,724,702,9,4,0,1,4779
9,127,plain,859,826,9,4,0,1,5424
9,128,plain,982,954,9,4,0,1,6031
9,129,plain,868,840,9,4,0,1,5405
10,1,plain,1030,1019,18,4,0,4,7056
10,2,plain,1159,1111,16,4,0,3,7910
10,3,plain,1023,981,22,5,0,8,7075
10,4,plain,819,767,14,4,0,2,5654
10,5,plain,772,723,16,4,0,4,5375
10,6,plain,699,669,13,3,0,6,4599
10,7,plain,635,606,13,4,0,2,4371
10,8,plain,650,635,10,4,0,1,4586
10,9,plain,642,617,11,4,0,2,4649
10,10,plain,631,597,13,4,0,2,4449
10,11,plain,1123,1081,17,5,0,3,7850
10,12,plain,940,886,15,5,0,3,6448
10,13,plain,802,770,12,5,0,1,5902
10,14,plain,721,703,14,4,0,3,5003
10,15,plain,716,651,11,4,0,1,5045
10,16,plain,725,687,10,4,0,1,4990
10,17,plain,637,615,11,4,0,1,4464
10,18,plain,761,705,12,5,0,1,5321
10,19,plain,648,612,10,4,0,1,4649
10,20,plain,718,685,11,4,0,2,4886
10,21,plain,733,701,12,5,0,1,5414
10,22,plain,897,820,14,5,0,2,5953
10,23,plain,694,646,15,5,0,3,4856
10,24,plain,788,699,11,4,0,1,5496
10,25,plain,718,701,14,5,0,2,4905
10,26,plain,603,565,16,5,0,3,4001
10,27,plain,634,575,12,5,0,1,4293
10,28,plain,625,581,10,4,0,1,4361
10,29,plain,544,529,10,4,0,1,3903
10,30,plain,680,645,11,4,0,2,4701
10,31,plain,771,723,13,5,0,1,5571
10,32,plain,633,613,10,4,0,2,4640
10,33,plain,558,539,10,4,0,2,3928
10,34,plain,643,615,16,6,0,2,4396
10,35,plain,667,618,12,5,0,2,4713
10,36,plain,653,630,12,5,0,1,4834
10,37,plain,618,577,10,4,0,1,4524
10,38,plain,655,627,11,4,0,2,4600
10,39,plain,650,617,12,5,0,1,4613
10,40,plain,588,560,11,4,0,1,4061
10,41,plain,581,551,11,4,0,2,4220
10,42,plain,564,540,11,4,0,1,3979
10,43,plain,561,541,11,4,0,3,3773
10,44,plain,562,547,13,4,0,2,3929
10,45,plain,586,546,10,4,0,1,4012
10,46,plain,499,468,12,5,0,1,3519
10,47,plain,527,502,11,4,0,2,3903
10,48,plain,544,530,11,4,0,1,3692
10,49,plain,572,531,11,4,0,1,4096
10,50,plain,556,530,10,4,0,1,3816
10,51,plain,654,633,13,5,0,1,4492
10,52,plain,589,563,10,4,0,1,4079
10,53,plain,573,548,11,4,0,1,3920
10,54,plain,633,588,11,4,0,2,4276
10,55,plain,588,561,10,4,0,1,4120
10,56,plain,495,482,10,4,0,1,3544
10,57,plain,615,586,13,4,0,2,4425
10,58,plain,583,561,11,4,0,3,4068
10,59,plain,607,572,11,4,0,1,4478
10,60,plain,574,543,10,4,0,1,3997
10,61,plain,745,676,11,4,0,1,5167
10,62,plain,658,643,12,4,0,2,4443
10,63,plain,616,610,13,5,0,4,4299
10,64,plain,611,583,14,5,0,2,4226
10,65,plain,557,538,11,4,0,1,3973
10,66,plain,548,510,10,4,0,1,3883
10,67,plain,544,514,10,4,0,1,3855
10,68,plain,678,633,13,4,0,2,4670
10,69,plain,518,507,11,4,0,1,3780
10,70,plain,549,524,11,4,0,1,3801
10,71,plain,699,627,10,4,0,1,4709
10,72,plain,527,497,10,4,0,1,3707
10,73,plain,537,498,10,4,0,1,3773
10,74,plain,530,491,10,4,0,1,3833
10,75,plain,544,518,10,4,0,1,3916
10,76,plain,495,479,11,4,0,1,3692
10,77,plain,498,475,10,4,0,1,3623
10,78,plain,503,466,10,4,0,1,3585
10,79,plain,570,562,13,5,0,1,4260
10,80,plain,560,543,13,5,0,1,3976
10,81,plain,566,539,12,4,0,1,4143
10,82,plain,528,514,12,5,0,1,3936
10,83,plain,583,545,11,4,0,1,4268
10,84,plain,559,536,13,5,0,1,3993
10,85,plain,501,480,10,4,0,1,3613
10,86,plain,603,593,13,5,0,2,4449
10,87,plain,549,516,11,4,0,1,4065
10,88,plain,608,554,10,4,0,1,4383
10,89,plain,527,507,12,4,0,2,3737
10,90,plain,640,589,11,4,0,1,4241
10,91,plain,579,568,17,5,0,3,4006
10,92,plain,605,572,11,4,0,1,4186
10,93,plain,579,532,11,4,0,1,4116
10,94,plain,554,512,10,4,0,2,3942
10,95,plain,507,489,10,4,0,1,3569
10,96,plain,521,506,13,5,0,1,3635
10,97,plain,501,487,12,5,0,1,3535
10,98,plain,590,548,11,4,0,1,4144
10,99,plain,527,502,11,4,0,1,3773
10,100,plain,485,459,11,4,0,1,3535
10,101,plain,559,537,11,4,0,1,4087
10,102,plain,501,472,10,4,0,1,3603
10,103,plain,553,532,11,4,0,1,3971
10,104,plain,566,525,10,4,0,1,3865
10,105,plain,505,490,10,4,0,1,3723
10,106,plain,507,479,10,4,0,2,3608
10,107,plain,699,650,14,4,0,3,4653
10,108,plain,606,563,11,4,0,2,4002
10,109,plain,583,561,13,5,0,1,4197
11,1,plain,977,957,11,5,0,1,5953
11,2,plain,1094,1076,11,5,0,1,6324
11,3,plain,1031,983,11,5,0,1,5957
11,4,plain,844,832,9,4,0,1,4750
11,5,plain,1074,1038,11,5,0,1,6186
11,6,plain,1198,1167,11,5,0,1,6952
11,7,plain,1212,1156,9,4,0,1,6826
11,8,plain,987,939,9,4,0,1,5482
11,9,plain,1159,1138,13,5,0,2,6458
11,10,plain,1121,1092,11,5,0,1,6305
11,11,plain,983,961,11,5,0,1,5660
11,12,plain,1114,1064,11,5,0,1,6146
11,13,plain,968,940,11,5,0,1,5428
11,14,plain,807,778,9,4,0,1,4496
11,15,plain,819,792,9,4,0,1,4620
11,16,plain,821,788,13,5,0,2,4629
11,17,plain,1324,1243,13,6,0,1,7386
11,18,plain,1016,971,11,5,0,1,5870
11,19,plain,874,854,11,5,0,1,5087
11,20,plain,890,857,9,4,0,1,5495
11,21,plain,811,793,9,4,0,1,4821
11,22,plain,800,786,9,4,0,1,4518
11,23,plain,849,821,11,4,0,2,4893
11,24,plain,995,968,11,5,0,1,6066
11,25,plain,597,582,7,3,0,1,3563
11,26,plain,869,851,9,4,0,1,5271
11,27,plain,1031,976,9,4,0,1,6183
11,28,plain,957,915,13,5,0,2,5799
11,29,plain,1104,1060,11,5,0,1,6839
11,30,plain,804,785,9,4,0,1,4740
11,31,plain,1166,1104,11,5,0,1,7146
11,32,plain,811,781,9,4,0,1,5074
11,33,plain,626,609,7,3,0,1,3708
11,34,plain,1010,976,9,4,0,1,5963
11,35,plain,821,792,7,3,0,1,4954
11,36,plain,894,865,11,4,0,2,5370
11,37,plain,1030,1006,11,5,0,1,6226
11,38,plain,831,794,7,3,0,1,4652
11,39,plain,699,677,7,3,0,1,4183
11,40,plain,1229,1185,11,5,0,1,7117
11,41,plain,981,959,7,3,0,1,5614
11,42,plain,1140,1109,9,4,0,1,6413
11,43,plain,1019,968,7,3,0,1,5906
11,44,plain,1131,1089,9,4,0,1,6587
11,45,plain,1084,1052,9,4,0,1,6246
11,46,plain,1081,1043,9,4,0,1,6190
11,47,plain,1210,1173,11,4,0,2,6931
11,48,plain,1200,1158,9,4,0,1,7038
11,49,plain,1070,1036,9,4,0,1,6300
11,50,plain,950,925,9,4,0,1,5396
11,51,plain,707,681,7,3,0,1,4170
11,52,plain,1031,996,9,4,0,1,6059
11,53,plain,777,748,7,3,0,1,4498
11,54,plain,864,831,7,3,0,1,5070
11,55,plain,707,692,7,3,0,1,4097
11,56,plain,1008,976,9,4,0,1,5814
11,57,plain,1136,1085,11,5,0,1,6634
11,58,plain,924,897,9,4,0,1,5397
11,59,plain,882,861,9,4,0,1,5287
11,60,plain,751,718,7,3,0,1,4338
11,61,plain,981,933,9,4,0,1,5662
11,62,plain,879,841,7,3,0,1,5084
11,63,plain,1006,959,9,4,0,1,5862
11,64,plain,1050,1017,9,4,0,1,5956
11,65,plain,767,744,7,3,0,1,4473
11,66,plain,1014,979,9,4,0,1,5847
11,67,plain,689,673,7,3,0,1,3976
11,68,plain,734,716,7,3,0,1,4269
11,69,plain,760,735,7,3,0,1,4370
11,70,plain,846,815,7,3,0,1,4758
11,71,plain,887,865,9,4,0,1,5065
11,72,plain,879,846,7,3,0,1,5019
11,73,plain,977,947,9,4,0,1,5649
11,74,plain,851,828,7,3,0,1,4846
11,75,plain,908,902,9,4,0,1,5223
11,76,plain,794,769,7,3,0,1,4549
11,77,plain,910,884,9,4,0,1,5223
11,78,plain,1054,1003,9,4,0,1,6025
11,79,plain,521,500,5,2,0,1,3036
11,80,plain,580,561,5,2,0,1,3217
11,81,plain,1094,1039,11,5,0,1,6163
11,82,plain,793,767,7,3,0,1,4453
11,83,plain,601,589,5,2,0,1,3432
11,84,plain,930,886,9,4,0,1,5396
11,85,plain,774,748,7,3,0,1,4600
11,86,plain,786,766,7,3,0,1,4612
11,87,plain,894,854,9,4,0,1,5283
11,88,plain,1082,1009,9,4,0,1,6262
11,89,plain,854,808,7,3,0,1,4860
11,90,plain,565,547,5,2,0,1,3264
11,91,plain,898,856,9,4,0,1,5301
11,92,plain,782,753,7,3,0,1,4602
11,93,plain,984,945,9,4,0,1,5701
11,94,plain,943,907,9,4,0,1,5453
11,95,plain,633,616,7,3,0,1,3639
11,96,plain,743,731,7,3,0,1,4358
11,97,plain,715,695,7,3,0,1,4263
11,98,plain,766,738,7,3,0,1,4475
11,99,plain,607,579,5,2,0,1,3523
11,100,plain,732,706,7,3,0,1,4131
11,101,plain,944,904,9,4,0,1,5518
11,102,plain,803,780,7,3,0,1,4635
11,103,plain,733,698,7,3,0,1,4137
11,104,plain,509,499,5,2,0,1,2850
11,105,plain,881,844,7,3,0,1,5021
11,106,plain,791,760,7,3,0,1,4327
11,107,plain,1053,1013,9,4,0,1,5846
11,108,plain,589,562,5,2,0,1,3335
11,109,plain,835,815,7,3,0,1,4704
11,110,plain,578,562,5,2,0,1,3267
11,111,plain,822,789,7,3,0,1,4722
11,112,plain,529,520,5,2,0,1,3051
11,113,plain,852,834,7,3,0,1,4854
11,114,plain,806,791,7,3,0,1,4585
11,115,plain,583,570,5,2,0,1,3301
11,116,plain,842,815,7,3,0,1,4641
11,117,plain,794,771,7,3,0,1,4680
11,118,plain,570,548,5,2,0,1,3139
11,119,plain,993,961,9,4,0,1,5576
11,120,plain,1092,1054,9,4,0,1,6362
11,121,plain,743,727,7,3,0,1,4266
11,122,plain,442,436,5,2,0,1,2562
11,123,plain,1115,1078,9,4,0,1,6116
12,1,plain,1437,1425,19,7,0,2,8475
12,2,plain,1547,1532,23,7,0,3,8989
12,3,plain,1680,1654,24,6,0,5,9787
12,4,plain,1483,1454,22,7,0,4,8483
12,5,plain,1457,1429,19,6,0,3,8438
12,6,plain,1641,1598,22,7,0,2,9647
12,7,plain,1599,1586,31,7,0,8,9338
12,8,plain,1875,1844,24,8,0,3,10878
12,9,plain,1677,1653,22,7,0,4,9664
12,10,plain,1366,1336,21,7,0,4,7885
12,11,plain,1077,1056,15,5,0,3,6150
12,12,plain,1297,1280,18,5,0,4,7386
12,13,plain,1523,1495,22,6,0,5,8701
12,14,plain,1331,1311,19,6,0,4,7605
12,15,plain,1617,1581,20,7,0,2,9275
12,16,plain,1026,1015,15,5,0,3,6124
12,17,plain,1433,1400,20,6,0,4,8386
12,18,plain,1720,1683,20,6,0,2,10116
12,19,plain,1262,1222,16,5,0,2,7231
12,20,plain,1119,1101,17,5,0,3,6372
12,21,plain,1613,1548,16,5,0,3,9204
12,22,plain,1279,1261,17,5,0,3,7639
12,23,plain,1772,1726,21,6,0,4,10067
12,24,plain,1431,1389,17,5,0,2,8298
12,25,plain,1301,1256,13,5,0,1,7430
12,26,plain,1253,1212,15,5,0,2,7134
12,27,plain,851,832,10,3,0,2,5019
12,28,plain,1301,1274,13,4,0,2,7481
12,29,plain,1191,1171,13,4,0,1,6867
12,30,plain,1402,1368,13,5,0,1,8100
12,31,plain,1404,1339,16,5,0,2,8017
12,32,plain,1094,1048,12,4,0,2,6364
12,33,plain,1217,1180,16,4,0,4,7014
12,34,plain,1164,1144,15,4,0,4,6554
12,35,plain,1180,1160,14,5,0,2,6893
12,36,plain,1199,1142,15,5,0,2,7112
12,37,plain,1251,1195,16,4,0,3,7167
12,38,plain,1246,1200,17,4,0,4,7026
12,39,plain,1137,1122,15,5,0,3,6525
12,40,plain,1216,1165,15,5,0,3,7083
12,41,plain,1357,1310,15,5,0,1,7849
12,42,plain,1610,1570,22,5,0,6,9268
12,43,plain,1063,1020,14,4,0,2,6163
12,44,plain,1129,1113,15,5,0,2,6525
12,45,plain,1072,1045,14,4,0,2,6062
12,46,plain,1156,1116,17,5,0,3,6749
12,47,plain,962,938,13,4,0,2,5733
12,48,plain,1068,1038,14,4,0,3,6226
12,49,plain,1295,1273,19,5,0,4,7359
12,50,plain,1110,1071,12,4,0,1,6227
12,51,plain,1324,1270,18,5,0,3,7582
12,52,plain,1145,1120,15,4,0,3,6565
12,53,plain,1409,1382,18,4,0,4,8227
12,54,plain,1161,1121,15,5,0,2,6847
12,55,plain,1214,1197,15,5,0,3,7100
12,56,plain,1287,1251,14,5,0,1,7313
12,57,plain,1095,1079,13,4,0,2,6365
12,58,plain,1257,1238,14,5,0,1,7226
12,59,plain,1063,1026,12,4,0,1,6091
12,60,plain,913,890,11,4,0,1,5222
12,61,plain,988,971,13,4,0,2,5671
12,62,plain,1101,1071,14,4,0,2,6388
12,63,plain,991,954,11,4,0,1,5610
12,64,plain,1280,1247,15,5,0,1,7219
12,65,plain,1011,959,11,4,0,1,5890
12,66,plain,1134,1085,11,4,0,1,6432
12,67,plain,1273,1231,14,4,0,3,7491
12,68,plain,1173,1127,13,4,0,1,6745
12,69,plain,1221,1187,12,4,0,1,6842
12,70,plain,1277,1244,12,4,0,1,7405
12,71,plain,801,791,10,3,0,1,4637
12,72,plain,983,957,11,4,0,1,5635
12,73,plain,1085,1062,11,4,0,1,6159
12,74,plain,830,815,9,3,0,1,4675
12,75,plain,963,937,10,4,0,1,5445
12,76,plain,1414,1355,14,5,0,1,8229
12,77,plain,1030,985,10,3,0,1,5900
12,78,plain,881,853,10,3,0,1,4990
12,79,plain,974,946,10,3,0,1,5464
12,80,plain,1006,942,10,3,0,1,5744
12,81,plain,971,939,11,3,0,1,5519
12,82,plain,794,775,9,3,0,1,4616
12,83,plain,840,807,10,3,0,1,4837
12,84,plain,874,844,10,3,0,1,4940
12,85,plain,759,734,10,3,0,1,4399
12,86,plain,926,903,9,3,0,1,5194
12,87,plain,889,861,9,3,0,1,5098
12,88,plain,871,832,10,4,0,1,5099
12,89,plain,835,816,10,4,0,1,4756
12,90,plain,786,749,10,3,0,1,4537
12,91,plain,765,749,9,3,0,1,4432
12,92,plain,869,845,10,3,0,1,4849
12,93,plain,687,662,9,3,0,1,3902
12,94,plain,773,750,10,3,0,1,4390
12,95,plain,760,748,9,3,0,1,4282
12,96,plain,802,763,10,3,0,1,4475
12,97,plain,712,695,9,3,0,1,4056
12,98,plain,709,691,9,3,0,1,4070
12,99,plain,681,658,8,3,0,1,3832
12,100,plain,1029,949,11,4,0,1,5854
12,101,plain,884,834,9,3,0,1,4994
12,102,plain,871,843,10,4,0,1,5012
12,103,plain,772,759,8,3,0,1,4401
12,104,plain,757,738,9,3,0,1,4225
12,105,plain,877,853,10,3,0,1,4895
12,106,plain,806,790,9,3,0,1,4687
12,107,plain,762,734,8,3,0,1,4366
12,108,plain,835,802,9,3,0,1,4679
12,109,plain,864,810,9,3,0,1,5010
12,110,plain,833,797,9,3,0,1,4835
12,111,plain,1151,1104,10,3,0,1,6578
13,1,plain,1413,1381,25,7,0,6,8390
13,2,plain,1615,1565,30,8,0,8,9614
13,3,plain,1225,1181,21,7,0,4,7178
13,4,plain,1144,1099,15,6,0,2,6933
13,5,plain,1151,1094,23,6,0,7,6832
13,6,plain,1090,1055,20,7,0,4,6679
13,7,plain,1214,1184,23,6,0,7,7149
13,8,plain,900,878,18,5,0,5,5404
13,9,plain,1068,1057,21,6,0,6,6354
13,10,plain,982,956,16,6,0,2,5887
13,11,plain,1344,1289,20,7,0,4,8212
13,12,plain,848,832,15,5,0,3,5034
13,13,plain,1244,1209,21,7,0,4,7448
13,14,plain,1068,1016,20,5,0,5,6177
13,15,plain,1035,1009,18,6,0,3,6278
13,16,plain,1234,1147,20,8,0,3,7459
13,17,plain,1136,1059,19,8,0,2,6788
13,18,plain,1213,1156,22,7,0,5,7213
13,19,plain,1082,1053,20,7,0,4,6300
13,20,plain,943,932,15,6,0,2,5664
13,21,plain,1116,1100,18,7,0,3,6767
13,22,plain,1219,1178,24,7,0,6,7274
13,23,plain,987,956,18,6,0,4,5919
13,24,plain,1046,1032,18,7,0,3,6266
13,25,plain,1099,1059,19,7,0,3,6522
13,26,plain,1129,1098,24,7,0,7,6684
13,27,plain,1126,1093,19,7,0,3,6540
13,28,plain,1467,1443,33,9,0,9,8727
13,29,plain,933,919,17,6,0,3,5665
13,30,plain,1001,945,15,6,0,2,5981
13,31,plain,1389,1305,21,8,0,3,8232
13,32,plain,802,779,15,5,0,3,4809
13,33,plain,1173,1099,20,7,0,4,7137
13,34,plain,795,765,16,5,0,4,4946
13,35,plain,942,899,17,6,0,3,5613
13,36,plain,944,887,17,6,0,3,5633
13,37,plain,1031,996,19,6,0,4,6252
13,38,plain,994,958,16,5,0,3,5799
13,39,plain,1063,1047,17,7,0,2,6399
13,40,plain,867,839,18,5,0,5,5160
13,41,plain,962,933,15,6,0,2,5696
13,42,plain,925,896,16,5,0,4,5709
13,43,plain,1121,1094,19,7,0,3,6654
14,1,plain,1294,1255,14,5,0,3,7420
14,2,plain,1141,1118,13,5,0,2,6542
14,3,plain,1310,1278,15,5,0,3,7497
14,4,plain,1058,1019,9,4,0,1,6054
14,5,plain,1075,1041,11,4,0,2,5974
14,6,plain,1166,1122,11,5,0,1,6787
14,7,plain,1207,1182,13,5,0,2,6778
14,8,plain,1224,1203,11,5,0,1,6986
14,9,plain,1153,1083,11,5,0,1,6432
14,10,plain,1303,1238,11,5,0,1,7396
14,11,plain,1028,983,9,4,0,1,5631
14,12,plain,1111,1076,11,5,0,1,6210
14,13,plain,1035,1000,11,5,0,1,5841
14,14,plain,1162,1137,13,5,0,2,6380
14,15,plain,873,864,11,4,0,2,4806
14,16,plain,821,807,9,4,0,1,4504
14,17,plain,981,952,11,5,0,1,5448
14,18,plain,1070,1034,11,5,0,1,5901
14,19,plain,945,919,13,5,0,2,5273
14,20,plain,838,830,15,5,0,3,4616
14,21,plain,1251,1186,13,6,0,1,6907
14,22,plain,1504,1413,23,7,0,5,8677
14,23,plain,1092,1061,15,5,0,3,6166
14,24,plain,1027,1000,11,5,0,1,5617
14,25,plain,1017,993,11,5,0,1,5711
14,26,plain,1034,1012,13,5,0,2,5643
14,27,plain,1035,1005,13,5,0,2,5743
14,28,plain,966,942,11,5,0,1,5511
14,29,plain,927,917,11,5,0,1,5187
14,30,plain,1007,982,13,5,0,2,5754
14,31,plain,1143,1109,17,5,0,4,6467
14,32,plain,956,905,17,4,0,5,5518
14,33,plain,949,925,15,5,0,3,5478
14,34,plain,1049,1018,17,5,0,4,6006
14,35,plain,933,913,15,5,0,3,5197
14,36,plain,997,970,13,5,0,2,5692
14,37,plain,989,940,13,5,0,2,5822
14,38,plain,912,889,13,5,0,2,5204
14,39,plain,837,814,13,4,0,3,4806
14,40,plain,811,795,15,4,0,4,4713
14,41,plain,1062,1044,17,5,0,4,6180
14,42,plain,936,910,11,5,0,1,5419
14,43,plain,890,874,11,5,0,1,5018
14,44,plain,1028,969,15,5,0,3,5830
14,45,plain,897,865,11,5,0,1,5207
14,46,plain,863,843,13,5,0,2,4936
14,47,plain,862,840,15,5,0,3,5028
14,48,plain,785,758,13,5,0,2,4522
14,49,plain,795,783,13,5,0,2,4570
14,50,plain,799,788,13,5,0,2,4606
14,51,plain,840,822,13,5,0,2,4857
14,52,plain,868,836,11,4,0,2,4982
15,1,plain,936,922,15,5,0,3,5626
15,2,plain,951,938,14,5,0,3,5591
15,3,plain,1006,988,16,5,0,4,6102
15,4,plain,1006,993,11,5,0,1,5993
15,5,plain,1057,1048,13,5,0,2,6168
15,6,plain,1139,1122,11,5,0,1,6671
15,7,plain,1050,1036,15,5,0,3,6216
15,8,plain,1176,1154,13,5,0,2,6776
15,9,plain,1187,1171,11,5,0,1,7261
15,10,plain,974,962,11,5,0,1,5895
15,11,plain,1119,1106,11,5,0,1,6640
15,12,plain,1333,1322,11,5,0,1,7878
15,13,plain,1167,1151,11,5,0,1,6835
15,14,plain,1220,1202,11,5,0,1,7243
15,15,plain,1193,1179,11,5,0,1,6964
15,16,plain,1023,1008,9,4,0,1,6125
15,17,plain,1260,1251,11,5,0,1,7607
15,18,plain,1122,1106,9,4,0,1,6818
15,19,plain,1146,1122,9,4,0,1,6769
15,20,plain,1004,987,9,4,0,1,6003
15,21,plain,1236,1214,11,4,0,2,7313
15,22,plain,1063,1033,9,4,0,1,6323
15,23,plain,1144,1129,9,4,0,1,6688
15,24,plain,1215,1199,11,5,0,1,7220
15,25,plain,1054,1039,11,5,0,1,6235
15,26,plain,1069,1057,11,5,0,1,6294
15,27,plain,1197,1188,11,5,0,1,7061
15,28,plain,1192,1169,11,5,0,1,7104
15,29,plain,1347,1329,11,5,0,1,8051
15,30,plain,824,816,9,4,0,1,4884
15,31,plain,1134,1124,11,5,0,1,6721
15,32,plain,1140,1125,11,5,0,1,6779
15,33,plain,967,944,9,4,0,1,5675
15,34,plain,964,954,9,4,0,1,5847
15,35,plain,1090,1077,9,4,0,1,6254
15,36,plain,1125,1112,11,5,0,1,6534
15,37,plain,1186,1176,11,5,0,1,6990
15,38,plain,1243,1236,11,5,0,1,7167
15,39,plain,1103,1072,9,4,0,1,6578
15,40,plain,884,878,9,4,0,1,5273
15,41,plain,1121,1112,9,4,0,1,6522
15,42,plain,1402,1383,11,5,0,1,8366
15,43,plain,1036,1027,9,4,0,1,6204
15,44,plain,1082,1067,9,4,0,1,6397
15,45,plain,1030,1021,9,4,0,1,6365
15,46,plain,1123,1118,9,4,0,1,6701
15,47,plain,1010,995,9,4,0,1,6088
15,48,plain,1130,1118,9,4,0,1,6615
15,49,plain,1075,1064,9,4,0,1,6313
15,50,plain,1227,1219,11,5,0,1,7163
15,51,plain,1097,1089,9,4,0,1,6410
15,52,plain,1104,1088,9,4,0,1,6363
15,53,plain,1016,1001,9,4,0,1,6056
15,54,plain,1099,1076,9,4,0,1,6504
15,55,plain,970,954,9,4,0,1,5524
15,56,plain,1078,1063,9,4,0,1,6304
15,57,plain,1122,1114,9,4,0,1,6492
15,58,plain,1005,995,9,4,0,1,5977
15,59,plain,961,948,9,4,0,1,5612
15,60,plain,978,962,9,4,0,1,5779
15,61,plain,711,701,7,3,0,1,4168
15,62,plain,804,796,7,3,0,1,4755
15,63,plain,674,661,7,3,0,1,3922
15,64,plain,732,721,7,3,0,1,4432
15,65,plain,947,919,9,4,0,1,5467
15,66,plain,856,835,7,3,0,1,4921
15,67,plain,772,764,7,3,0,1,4509
15,68,plain,774,763,7,3,0,1,4357
15,69,plain,871,865,9,4,0,1,5040
15,70,plain,902,888,9,4,0,1,5467
15,71,plain,637,627,7,3,0,1,3810
15,72,plain,800,791,7,3,0,1,4670
15,73,plain,883,876,7,3,0,1,5260
15,74,plain,879,860,7,3,0,1,5286
15,75,plain,499,490,5,2,0,1,3061
15,76,plain,480,471,5,2,0,1,2887
15,77,plain,716,707,7,3,0,1,4164
15,78,plain,775,766,9,4,0,1,4779
15,79,plain,711,695,7,3,0,1,4124
15,80,plain,711,702,7,3,0,1,4144
15,81,plain,867,854,9,4,0,1,4986
15,82,plain,904,894,9,4,0,1,5388
15,83,plain,661,653,7,3,0,1,3949
15,84,plain,806,796,7,3,0,1,4817
15,85,plain,741,712,7,3,0,1,4606
15,86,plain,684,677,7,3,0,1,4137
15,87,plain,865,852,7,3,0,1,5128
15,88,plain,902,875,7,3,0,1,5418
15,89,plain,718,710,7,3,0,1,4347
15,90,plain,693,682,7,3,0,1,4221
15,91,plain,722,716,7,3,0,1,4459
15,92,plain,705,696,7,3,0,1,4210
15,93,plain,641,634,7,3,0,1,3787
15,94,plain,725,712,7,3,0,1,4317
15,95,plain,722,713,7,3,0,1,4390
15,96,plain,819,805,7,3,0,1,4944
15,97,plain,747,733,7,3,0,1,4473
15,98,plain,787,774,7,3,0,1,4855
15,99,plain,882,873,7,3,0,1,5197
16,1,plain,1863,1838,36,7,0,7,10670
16,2,plain,2100,2071,44,10,0,9,12331
16,3,plain,1545,1528,28,8,0,6,8960
16,4,plain,1819,1806,36,8,0,8,10562
16,5,plain,1579,1560,33,10,0,6,9272
16,6,plain,1299,1278,27,7,0,6,7536
16,7,plain,1500,1476,28,7,0,4,8802
16,8,plain,1637,1613,33,7,0,7,9702
16,9,plain,1809,1784,31,9,0,5,10676
16,10,plain,1592,1566,37,9,0,10,9123
16,11,plain,1478,1446,30,7,0,4,8587
16,12,plain,1604,1569,34,8,0,10,9254
16,13,plain,1452,1429,29,8,0,5,8557
16,14,plain,1536,1489,30,8,0,6,8929
16,15,plain,1519,1496,35,10,0,10,8922
16,16,plain,1391,1382,29,9,0,5,8157
16,17,plain,1492,1478,33,8,0,6,8837
16,18,plain,1465,1446,33,10,0,5,8936
16,19,plain,1413,1403,31,8,0,6,8297
16,20,plain,1288,1273,26,7,0,4,7648
16,21,plain,1450,1434,35,7,0,8,8489
16,22,plain,1574,1554,34,9,0,7,9458
16,23,plain,1464,1444,30,8,0,4,8828
16,24,plain,1383,1364,28,8,0,3,8378
16,25,plain,1662,1626,33,9,0,5,9994
16,26,plain,1501,1467,28,8,0,3,9142
16,27,plain,1568,1529,32,8,0,6,9512
16,28,plain,1743,1712,37,9,0,8,10348
16,29,plain,1376,1359,28,8,0,5,8144
16,30,plain,1576,1528,28,9,0,5,9568
16,31,plain,1456,1432,34,7,0,9,8926
16,32,plain,1618,1588,36,8,0,8,9448
16,33,plain,1522,1487,30,7,0,6,9134
16,34,plain,1459,1438,29,8,0,6,8688
16,35,plain,1805,1758,33,11,0,4,10862
16,36,plain,1736,1690,34,8,0,6,10515
16,37,plain,1610,1588,28,8,0,4,9590
16,38,plain,1726,1694,40,9,0,10,10288
16,39,plain,1500,1474,28,8,0,6,8867
16,40,plain,1471,1451,31,9,0,7,8565
16,41,plain,1662,1626,36,8,0,8,10010
16,42,plain,1408,1399,33,7,0,10,8495
16,43,plain,1645,1624,33,8,0,7,9784
16,44,plain,1481,1449,29,8,0,3,9046
16,45,plain,1467,1434,34,8,0,8,8724
16,46,plain,1316,1292,30,8,0,7,7697
16,47,plain,1479,1461,34,8,0,7,8980
16,48,plain,1506,1477,31,8,0,6,8949
16,49,plain,1461,1435,33,8,0,8,8711
16,50,plain,1427,1414,31,7,0,6,8503
16,51,plain,1408,1388,27,8,0,4,8134
16,52,plain,1411,1381,27,7,0,4,8401
16,53,plain,1478,1458,32,8,0,7,8693
16,54,plain,1458,1440,33,9,0,7,8693
16,55,plain,1522,1502,34,9,0,7,9161
16,56,plain,1596,1565,31,8,0,4,9447
16,57,plain,1431,1417,33,8,0,9,8870
16,58,plain,1279,1259,26,8,0,3,7580
16,59,plain,1620,1583,32,9,0,4,9408
16,60,plain,1543,1516,30,9,0,3,9597
16,61,plain,1638,1590,30,8,0,4,9718
16,62,plain,1616,1578,30,8,0,3,9862
16,63,plain,1622,1589,34,9,0,7,9769
16,64,plain,1536,1504,29,9,0,4,9430
16,65,plain,1644,1617,30,8,0,6,9516
16,66,plain,1541,1507,27,9,0,3,9248
16,67,plain,1621,1590,34,9,0,6,9883
16,68,plain,1641,1619,26,9,0,2,9896
16,69,plain,1851,1808,32,8,0,4,11041
16,70,plain,1699,1662,27,8,0,4,9973
16,71,plain,1696,1649,29,7,0,5,10016
16,72,plain,1687,1647,30,9,0,4,10366
16,73,plain,1517,1486,26,8,0,3,9119
16,74,plain,1573,1558,27,8,0,2,9527
16,75,plain,1505,1458,24,9,0,1,8974
16,76,plain,1403,1360,30,9,0,2,8333
16,77,plain,1543,1509,27,8,0,5,8832
16,78,plain,1641,1613,28,8,0,3,9966
16,79,plain,1589,1560,28,8,0,3,9129
16,80,plain,1595,1542,27,8,0,2,9269
16,81,plain,1698,1639,30,9,0,2,10205
16,82,plain,1539,1525,31,9,0,6,9268
16,83,plain,1501,1485,24,8,0,1,9094
16,84,plain,1532,1502,32,8,0,8,9022
16,85,plain,1444,1422,30,9,0,7,8490
16,86,plain,1524,1482,33,9,0,5,9220
16,87,plain,1336,1316,25,8,0,4,7965
16,88,plain,1359,1334,26,8,0,3,8461
16,89,plain,1593,1537,26,8,0,2,9586
16,90,plain,2306,2282,49,12,0,10,14285
16,91,plain,1512,1476,30,8,0,6,9022
16,92,plain,1612,1558,24,9,0,1,9423
16,93,plain,1598,1563,30,7,0,5,9665
16,94,plain,1387,1345,24,7,0,2,8268
16,95,plain,1377,1352,26,7,0,4,8121
16,96,plain,1583,1544,30,8,0,4,9237
16,97,plain,1995,1955,35,9,0,6,11697
16,98,plain,1643,1629,30,9,0,1,9995
16,99,plain,1417,1403,26,8,0,3,8428
16,100,plain,1407,1388,24,7,0,2,8370
16,101,plain,1531,1503,24,8,0,2,9324
16,102,plain,1362,1332,28,9,0,4,8169
16,103,plain,1422,1388,26,9,0,2,8769
16,104,plain,1183,1162,21,8,0,1,7040
16,105,plain,1352,1332,24,8,0,3,7995
16,106,plain,2153,2113,37,12,0,3,13000
16,107,plain,1444,1423,28,8,0,6,8661
16,108,plain,1567,1545,25,8,0,1,9353
16,109,plain,1283,1274,20,7,0,1,7634
16,110,plain,1534,1511,25,9,0,1,9674
16,111,plain,1571,1541,26,7,0,4,9125
16,112,plain,1835,1785,33,9,0,5,11158
16,113,plain,1480,1455,27,9,0,3,8999
16,114,plain,1562,1535,30,8,0,4,9275
16,115,plain,1546,1513,28,8,0,2,9627
16,116,plain,1573,1539,25,8,0,3,9653
16,117,plain,1083,1074,19,7,0,1,6726
16,118,plain,1460,1438,25,8,0,4,8970
16,119,plain,1660,1636,29,9,0,3,10253
16,120,plain,1488,1470,25,7,0,2,8966
16,121,plain,1489,1475,25,8,0,1,9067
16,122,plain,1489,1470,27,7,0,1,8852
16,123,plain,1598,1579,24,8,0,3,9675
16,124,plain,1443,1414,24,7,0,3,8753
16,125,plain,1874,1833,28,9,0,2,11304
16,126,plain,1595,1567,24,8,0,2,9643
16,127,plain,1521,1496,23,8,0,1,9036
16,128,plain,1594,1581,24,8,0,1,9400
17,1,plain,1957,1918,27,11,0,3,11938
17,2,plain,1080,1057,17,7,0,2,6384
17,3,plain,915,900,16,6,0,3,5601
17,4,plain,1224,1197,19,8,0,2,7723
17,5,plain,1055,1021,14,6,0,2,6439
17,6,plain,1013,990,16,7,0,2,6281
17,7,plain,1253,1199,18,8,0,2,7453
17,8,plain,1053,1025,15,6,0,2,6318
17,9,plain,1048,1020,17,7,0,2,6518
17,10,plain,903,887,15,6,0,2,5554
17,11,plain,1112,1098,21,7,0,4,6700
17,12,plain,1426,1373,19,8,0,2,8533
17,13,plain,1318,1285,19,7,0,3,7768
17,14,plain,1231,1217,19,7,0,3,7361
17,15,plain,1218,1175,15,6,0,2,7496
17,16,plain,1282,1246,17,7,0,2,7916
17,17,plain,988,966,15,6,0,2,6150
17,18,plain,1130,1101,17,7,0,2,6901
17,19,plain,1094,1072,17,6,0,3,6893
17,20,plain,980,959,16,6,0,3,6076
17,21,plain,1110,1088,19,6,0,4,6507
17,22,plain,1038,1024,15,5,0,3,6408
17,23,plain,1585,1547,31,11,0,5,9722
17,24,plain,1304,1278,21,8,0,3,7916
17,25,plain,961,939,15,5,0,3,5841
17,26,plain,1103,1085,23,7,0,5,6899
17,27,plain,1022,1007,17,6,0,3,6390
17,28,plain,1122,1097,19,8,0,2,6783
17,29,plain,1044,1022,17,6,0,3,6505
17,30,plain,940,921,15,5,0,3,5834
17,31,plain,1101,1077,13,5,0,2,6626
17,32,plain,1114,1102,17,6,0,3,6822
17,33,plain,1262,1224,21,7,0,5,7809
17,34,plain,1163,1136,18,7,0,3,7337
17,35,plain,1216,1194,21,7,0,4,7483
17,36,plain,1321,1298,17,7,0,2,8122
17,37,plain,1159,1139,19,7,0,3,7197
17,38,plain,840,830,12,5,0,2,5395
17,39,plain,1164,1136,16,6,0,3,7208
17,40,plain,1127,1104,17,6,0,3,6796
17,41,plain,1072,1050,14,6,0,2,6864
17,42,plain,1049,1027,13,5,0,2,6429
17,43,plain,699,688,13,4,0,3,4559
17,44,plain,1221,1185,16,6,0,3,7418
17,45,plain,1022,1001,14,6,0,2,6250
17,46,plain,1092,1055,13,5,0,2,6558
17,47,plain,953,923,11,4,0,2,5932
17,48,plain,814,797,10,4,0,2,4963
17,49,plain,930,912,13,5,0,2,5795
17,50,plain,941,933,13,5,0,2,5723
17,51,plain,1187,1138,17,6,0,3,7104
17,52,plain,1224,1201,15,6,0,2,7300
17,53,plain,1189,1161,16,7,0,2,7306
17,54,plain,919,888,12,5,0,2,5537
17,55,plain,972,942,13,5,0,2,6016
17,56,plain,1080,1056,12,5,0,2,6282
17,57,plain,1080,1038,14,6,0,2,6455
17,58,plain,1005,977,15,6,0,2,6057
17,59,plain,1202,1162,17,7,0,2,7138
17,60,plain,1189,1139,15,6,0,2,7163
17,61,plain,1075,1047,15,6,0,2,6470
17,62,plain,902,867,13,5,0,2,5425
17,63,plain,939,921,15,6,0,2,5655
17,64,plain,1261,1222,17,7,0,2,7849
17,65,plain,1025,1007,13,5,0,2,6269
17,66,plain,936,911,14,6,0,2,5504
17,67,plain,1091,1057,17,7,0,2,6595
17,68,plain,943,913,14,6,0,2,5402
17,69,plain,915,874,12,5,0,2,5273
17,70,plain,1367,1335,18,7,0,2,8280
17,71,plain,1231,1188,14,6,0,2,7194
17,72,plain,1069,1050,15,6,0,2,6294
17,73,plain,1095,1059,14,6,0,2,6788
17,74,plain,943,927,13,5,0,2,5714
17,75,plain,868,843,13,5,0,2,5268
17,76,plain,932,905,14,6,0,2,5655
17,77,plain,934,913,12,5,0,2,5563
17,78,plain,1164,1137,19,8,0,2,7167
17,79,plain,1202,1173,22,7,0,5,7153
17,80,plain,1079,1047,17,6,0,3,6565
17,81,plain,1048,1035,15,6,0,2,6479
17,82,plain,1120,1093,15,6,0,2,6616
17,83,plain,987,965,15,6,0,2,6042
17,84,plain,948,928,15,5,0,3,5781
17,85,plain,1222,1196,17,7,0,2,7318
17,86,plain,1019,994,15,6,0,2,6102
17,87,plain,864,850,10,4,0,2,5206
17,88,plain,1128,1100,15,6,0,2,7089
17,89,plain,1038,1016,14,6,0,2,6405
17,90,plain,956,935,12,5,0,2,5538
17,91,plain,927,905,10,4,0,2,5352
17,92,plain,978,954,11,4,0,2,5662
17,93,plain,1218,1170,16,7,0,2,7269
17,94,plain,914,890,11,4,0,2,5479
17,95,plain,885,860,11,4,0,2,5314
17,96,plain,847,829,12,5,0,2,5104
17,97,plain,1099,1045,13,5,0,2,6558
17,98,plain,892,863,10,4,0,2,5408
17,99,plain,972,929,14,5,0,2,5746
17,100,plain,1041,1016,14,6,0,2,6326
17,101,plain,972,941,13,5,0,2,5818
17,102,plain,869,835,11,4,0,2,5321
17,103,plain,840,821,11,4,0,2,4903
17,104,plain,891,860,13,5,0,2,5340
17,105,plain,949,922,11,4,0,2,5584
17,106,plain,965,935,15,6,0,2,5987
17,107,plain,981,954,12,5,0,2,5901
17,108,plain,753,737,10,4,0,2,4617
17,109,plain,911,897,15,5,0,3,5570
17,110,plain,1120,1084,17,6,0,3,6710
17,111,plain,1475,1447,17,7,0,2,8718
18,1,plain,1039,1022,18,5,0,2,6442
18,2,plain,1066,1035,20,5,0,3,6802
18,3,plain,865,860,19,5,0,2,5333
18,4,plain,1012,999,28,6,0,7,6093
18,5,plain,994,969,21,5,0,2,6170
18,6,plain,931,913,23,5,0,6,5648
18,7,plain,890,863,17,5,0,2,5265
18,8,plain,959,947,24,6,0,5,5708
18,9,plain,963,945,18,6,0,1,5975
18,10,plain,1167,1139,22,6,0,2,7295
18,11,plain,1032,1016,22,6,0,3,6187
18,12,plain,950,927,18,5,0,2,5962
18,13,plain,1043,1020,25,5,0,7,6525
18,14,plain,1054,1015,21,5,0,3,6441
18,15,plain,916,884,21,5,0,3,5700
18,16,plain,1027,987,23,6,0,3,6345
18,17,plain,1003,938,23,5,0,5,6060
18,18,plain,1157,1106,22,5,0,1,7143
18,19,plain,1238,1150,22,6,0,1,7390
18,20,plain,853,828,19,5,0,2,5179
18,21,plain,1103,1038,24,5,0,3,6788
18,22,plain,1100,1037,24,6,0,2,6950
18,23,plain,774,763,18,5,0,2,4717
18,24,plain,962,934,23,5,0,3,5924
18,25,plain,775,763,18,5,0,2,4762
18,26,plain,897,851,24,6,0,5,5264
18,27,plain,1000,973,27,6,0,6,5880
18,28,plain,898,840,21,5,0,2,5629
18,29,plain,1026,963,24,7,0,3,6206
18,30,plain,801,779,23,5,0,4,4877
18,31,plain,1058,1009,24,6,0,2,6626
18,32,plain,755,725,19,5,0,3,4689
18,33,plain,688,666,17,5,0,1,4153
18,34,plain,806,780,22,5,0,3,4835
18,35,plain,813,796,20,5,0,2,4948
18,36,plain,805,776,22,5,0,4,4852
18,37,plain,838,807,21,6,0,2,4913
18,38,plain,791,776,20,5,0,2,4803
18,39,plain,818,783,21,5,0,3,4805
18,40,plain,912,882,21,5,0,2,5317
18,41,plain,742,729,20,5,0,3,4386
18,42,plain,938,896,20,5,0,2,5417
18,43,plain,867,851,24,6,0,3,5209
18,44,plain,877,861,24,6,0,2,5318
18,45,plain,943,897,24,6,0,3,5747
18,46,plain,1061,1031,28,7,0,4,6463
18,47,plain,1003,972,28,7,0,3,6077
18,48,plain,973,938,27,6,0,4,5749
18,49,plain,866,806,21,5,0,2,5184
18,50,plain,894,840,24,5,0,5,5385
18,51,plain,1015,984,26,6,0,4,6021
18,52,plain,824,790,21,5,0,2,4948
18,53,plain,768,746,20,6,0,2,4575
18,54,plain,819,797,21,5,0,3,5001
18,55,plain,853,813,25,6,0,4,5209
18,56,plain,802,762,21,5,0,2,4952
18,57,plain,963,899,25,6,0,4,5898
18,58,plain,930,888,25,6,0,5,5547
18,59,plain,837,818,21,6,0,3,5174
18,60,plain,984,956,26,7,0,3,6081
18,61,plain,910,887,22,6,0,1,5529
18,62,plain,834,808,20,6,0,1,5079
18,63,plain,855,818,22,6,0,2,5330
18,64,plain,723,708,20,6,0,2,4414
18,65,plain,879,853,24,6,0,3,5502
18,66,plain,792,768,21,5,0,2,4770
18,67,plain,840,827,19,6,0,1,5038
18,68,plain,751,737,20,6,0,2,4702
18,69,plain,809,790,20,5,0,1,4873
18,70,plain,810,789,21,6,0,1,5012
18,71,plain,783,745,18,6,0,1,4721
18,72,plain,604,585,17,5,0,1,3744
18,73,plain,603,580,20,6,0,3,3677
18,74,plain,612,577,17,5,0,2,3817
18,75,plain,618,599,17,5,0,1,3723
18,76,plain,714,691,19,6,0,1,4411
18,77,plain,627,570,19,5,0,3,3851
18,78,plain,854,829,20,5,0,1,5144
18,79,plain,907,875,23,7,0,2,5630
18,80,plain,731,707,18,5,0,2,4441
18,81,plain,787,765,20,6,0,2,4747
18,82,plain,836,767,22,6,0,2,5084
18,83,plain,840,824,19,5,0,1,5135
18,84,plain,786,771,20,5,0,2,4749
18,85,plain,838,833,22,7,0,1,4967
18,86,plain,885,848,23,7,0,1,5723
18,87,plain,622,590,16,5,0,1,3878
18,88,plain,775,742,21,5,0,3,4747
18,89,plain,749,744,20,6,0,1,4536
18,90,plain,613,587,15,5,0,1,3700
18,91,plain,771,757,20,5,0,2,4779
18,92,plain,703,698,19,6,0,1,4344
18,93,plain,756,735,18,6,0,1,4690
18,94,plain,761,730,20,5,0,2,4849
18,95,plain,764,739,19,5,0,2,4632
18,96,plain,874,841,24,6,0,3,5439
18,97,plain,810,797,19,6,0,1,4848
18,98,plain,859,828,21,6,0,2,5109
18,99,plain,695,668,18,5,0,2,4159
18,100,plain,675,661,19,5,0,2,4107
18,101,plain,663,649,20,5,0,4,4046
18,102,plain,765,739,22,5,0,4,4653
18,103,plain,824,809,19,6,0,1,5055
18,104,plain,828,807,20,6,0,1,5092
18,105,plain,849,813,23,6,0,4,4938
18,106,plain,788,771,21,6,0,2,4793
18,107,plain,867,850,21,6,0,2,5211
18,108,plain,770,762,20,5,0,2,4672
18,109,plain,851,816,24,5,0,4,5071
18,110,plain,859,814,22,5,0,3,5073
19,1,plain,954,949,10,3,0,1,5703
19,2,plain,973,961,10,3,0,1,5678
19,3,plain,710,699,7,2,0,1,4074
19,4,plain,841,812,10,3,0,1,5033
19,5,plain,822,802,9,3,0,1,4727
19,6,plain,725,707,7,2,0,1,4277
19,7,plain,758,731,8,3,0,1,4420
19,8,plain,942,919,10,4,0,1,5346
19,9,plain,886,863,9,3,0,1,5140
19,10,plain,919,890,9,3,0,1,5269
19,11,plain,844,823,9,3,0,1,5067
19,12,plain,906,891,9,3,0,1,5344
19,13,plain,826,814,9,3,0,1,4997
19,14,plain,674,664,7,2,0,1,4185
19,15,plain,826,805,8,3,0,1,4693
19,16,plain,952,936,9,3,0,1,5597
19,17,plain,775,751,9,3,0,1,4596
19,18,plain,624,610,7,2,0,1,3687
19,19,plain,652,635,7,2,0,1,3679
19,20,plain,607,588,7,2,0,1,3582
19,21,plain,723,685,8,3,0,1,4136
19,22,plain,753,740,7,2,0,1,4382
19,23,plain,962,932,10,3,0,1,5460
19,24,plain,677,658,7,2,0,1,3849
19,25,plain,733,716,8,3,0,1,4284
19,26,plain,923,888,9,3,0,1,5252
19,27,plain,656,636,8,3,0,1,3935
19,28,plain,804,788,9,3,0,1,4641
19,29,plain,701,680,7,2,0,1,4054
19,30,plain,882,862,9,3,0,1,5172
19,31,plain,919,897,9,3,0,1,5352
19,32,plain,861,845,9,3,0,1,5303
19,33,plain,761,741,8,3,0,1,4341
19,34,plain,783,770,8,3,0,1,4774
19,35,plain,764,737,8,3,0,1,4507
19,36,plain,696,680,8,3,0,1,4048
19,37,plain,766,747,8,3,0,1,4696
19,38,plain,724,698,8,3,0,1,4113
19,39,plain,743,717,8,3,0,1,4272
19,40,plain,702,684,8,3,0,1,4084
19,41,plain,728,717,8,3,0,1,4477
19,42,plain,717,691,8,3,0,1,4328
19,43,plain,702,675,7,2,0,1,3999
19,44,plain,645,632,8,3,0,1,3928
19,45,plain,633,609,7,2,0,1,3793
19,46,plain,673,647,8,3,0,1,4030
19,47,plain,862,840,11,4,0,1,5010
19,48,plain,904,869,11,4,0,1,5298
19,49,plain,671,642,8,3,0,1,3993
19,50,plain,819,802,10,3,0,1,5047
19,51,plain,649,632,8,3,0,1,3890
19,52,plain,810,791,9,3,0,1,4725
19,53,plain,592,579,7,2,0,1,3463
19,54,plain,664,644,8,3,0,1,4029
19,55,plain,561,544,7,2,0,1,3289
19,56,plain,584,572,8,3,0,1,3571
19,57,plain,454,446,6,2,0,1,2698
19,58,plain,879,823,10,3,0,1,5401
19,59,plain,670,648,8,3,0,1,4088
19,60,plain,618,591,8,3,0,1,3766
19,61,plain,663,643,9,4,0,1,4019
19,62,plain,692,672,8,3,0,1,4162
19,63,plain,634,619,8,3,0,1,3836
19,64,plain,757,722,9,3,0,1,4515
19,65,plain,832,800,9,3,0,1,4929
19,66,plain,418,406,6,2,0,1,2532
19,67,plain,623,610,8,3,0,1,3725
19,68,plain,547,524,7,3,0,1,3333
19,69,plain,643,625,8,3,0,1,4043
19,70,plain,599,587,8,3,0,1,3585
19,71,plain,690,669,8,3,0,1,4039
19,72,plain,546,530,8,3,0,1,3376
19,73,plain,595,563,8,3,0,1,3735
19,74,plain,627,609,8,3,0,1,3970
19,75,plain,766,726,9,3,0,1,4514
19,76,plain,806,782,10,3,0,1,5013
19,77,plain,653,633,8,3,0,1,3948
19,78,plain,702,690,9,3,0,1,4241
19,79,plain,593,576,9,4,0,1,3641
19,80,plain,604,587,8,3,0,1,3594
19,81,plain,599,583,8,3,0,1,3528
19,82,plain,597,582,8,3,0,1,3605
19,83,plain,611,595,8,3,0,1,3788
19,84,plain,577,564,8,3,0,1,3415
19,85,plain,603,588,8,3,0,1,3607
19,86,plain,594,582,8,3,0,1,3550
19,87,plain,646,629,9,3,0,1,3856
19,88,plain,608,599,8,3,0,1,3651
19,89,plain,594,587,8,3,0,1,3633
19,90,plain,633,613,8,3,0,1,3773
19,91,plain,589,580,8,3,0,1,3657
19,92,plain,786,775,10,4,0,1,4745
19,93,plain,658,638,8,3,0,1,3890
19,94,plain,595,585,8,3,0,1,3657
19,95,plain,632,618,8,3,0,1,3800
19,96,plain,1045,1030,11,4,0,1,6136
19,97,plain,864,836,10,4,0,1,5018
19,98,plain,903,881,10,4,0,1,5324
20,1,plain,556,554,7,3,0,1,3479
20,2,plain,523,509,7,3,0,1,3285
20,3,plain,592,582,9,4,0,1,3605
20,4,plain,553,541,7,3,0,1,3439
20,5,plain,578,573,7,3,0,1,3789
20,6,plain,499,475,7,3,0,1,3077
20,7,plain,595,578,9,4,0,1,3763
20,8,plain,513,499,7,3,0,1,3347
20,9,plain,471,465,7,3,0,1,3089
20,10,plain,565,534,7,3,0,1,3485
20,11,plain,494,483,7,3,0,1,3006
20,12,plain,581,563,9,4,0,1,3708
20,13,plain,485,475,7,3,0,1,3053
20,14,plain,541,519,7,3,0,1,3400
20,15,plain,491,472,7,3,0,1,3159
20,16,plain,479,459,7,3,0,1,3202
20,17,plain,431,421,7,3,0,1,2777
20,18,plain,483,459,7,3,0,1,3009
20,19,plain,376,370,7,3,0,1,2504
20,20,plain,451,439,7,3,0,1,3049
20,21,plain,509,492,7,3,0,1,3265
20,22,plain,400,383,7,3,0,1,2542
20,23,plain,447,437,7,3,0,1,2760
20,24,plain,461,454,7,3,0,1,3105
20,25,plain,403,394,7,3,0,1,2694
20,26,plain,422,416,7,3,0,1,2753
20,27,plain,508,501,7,3,0,1,3255
20,28,plain,426,420,7,3,0,1,2819
20,29,plain,398,388,7,3,0,1,2651
20,30,plain,460,457,7,3,0,1,3040
20,31,plain,362,357,7,3,0,1,2399
20,32,plain,369,361,7,3,0,1,2408
20,33,plain,420,414,7,3,0,1,2796
20,34,plain,403,399,7,3,0,1,2864
20,35,plain,415,409,7,3,0,1,2719
20,36,plain,446,436,7,3,0,1,2982
20,37,plain,406,397,7,3,0,1,2634
20,38,plain,428,418,7,3,0,1,2784
20,39,plain,679,630,9,4,0,1,4358
20,40,plain,817,749,11,5,0,1,5204
20,41,plain,430,425,7,3,0,1,2727
20,42,plain,492,475,7,3,0,1,3207
20,43,plain,399,389,7,3,0,1,2740
20,44,plain,543,530,9,4,0,1,3709
20,45,plain,414,395,7,3,0,1,2747
20,46,plain,521,506,9,4,0,1,3404
20,47,plain,541,498,9,4,0,1,3457
20,48,plain,421,403,7,3,0,1,2872
20,49,plain,390,378,7,3,0,1,2610
20,50,plain,465,451,7,3,0,1,3207
20,51,plain,411,404,7,3,0,1,2730
20,52,plain,413,396,7,3,0,1,2776
20,53,plain,508,476,9,4,0,1,3488
20,54,plain,493,478,7,3,0,1,3363
20,55,plain,629,605,9,4,0,1,3988
20,56,plain,454,440,7,3,0,1,3095
20,57,plain,412,392,7,3,0,1,2829
20,58,plain,448,417,7,3,0,1,3006
20,59,plain,403,381,7,3,0,1,2692
20,60,plain,409,398,7,3,0,1,2802
20,61,plain,404,377,7,3,0,1,2722
20,62,plain,362,349,7,3,0,1,2597
20,63,plain,406,379,7,3,0,1,2833
20,64,plain,451,433,7,3,0,1,3146
20,65,plain,378,363,7,3,0,1,2576
20,66,plain,412,391,7,3,0,1,2888
20,67,plain,379,371,7,3,0,1,2631
20,68,plain,384,376,7,3,0,1,2587
20,69,plain,441,410,7,3,0,1,3013
20,70,plain,529,510,9,4,0,1,3653
20,71,plain,511,448,7,3,0,1,3445
20,72,plain,542,506,9,4,0,1,3663
20,73,plain,459,430,7,3,0,1,2975
20,74,plain,423,405,7,3,0,1,2910
20,75,plain,409,391,7,3,0,1,3026
20,76,plain,487,469,9,4,0,1,3504
20,77,plain,574,542,9,4,0,1,3669
20,78,plain,416,399,7,3,0,1,2894
20,79,plain,384,375,7,3,0,1,2584
20,80,plain,433,399,7,3,0,1,2903
20,81,plain,461,426,7,3,0,1,3121
20,82,plain,437,416,7,3,0,1,3043
20,83,plain,397,387,7,3,0,1,2562
20,84,plain,421,401,7,3,0,1,2889
20,85,plain,510,494,9,4,0,1,3639
20,86,plain,468,415,7,3,0,1,3048
20,87,plain,531,492,9,4,0,1,3562
20,88,plain,495,465,7,3,0,1,3316
20,89,plain,571,543,9,4,0,1,3828
20,90,plain,440,408,7,3,0,1,2952
20,91,plain,441,426,7,3,0,1,2896
20,92,plain,396,382,7,3,0,1,2649
20,93,plain,366,355,7,3,0,1,2537
20,94,plain,477,440,7,3,0,1,3351
20,95,plain,410,402,7,3,0,1,2975
20,96,plain,512,480,7,3,0,1,3379
20,97,plain,546,495,9,4,0,1,3602
20,98,plain,479,461,7,3,0,1,3210
20,99,plain,540,514,9,4,0,1,3568
20,100,plain,395,377,7,3,0,1,2677
20,101,plain,378,365,7,3,0,1,2671
20,102,plain,375,358,7,3,0,1,2506
20,103,plain,379,368,7,3,0,1,2613
20,104,plain,518,494,7,3,0,1,3331
20,105,plain,398,384,7,3,0,1,2859
20,106,plain,369,361,7,3,0,1,2586
20,107,plain,353,345,7,3,0,1,2457
20,108,plain,539,509,9,4,0,1,3586
20,109,plain,541,515,9,4,0,1,3834
20,110,plain,513,493,9,4,0,1,3616
20,111,plain,468,452,7,3,0,1,3206
20,112,plain,412,396,7,3,0,1,3077
20,113,plain,593,562,9,4,0,1,4279
20,114,plain,743,715,9,4,0,1,4931
20,115,plain,599,580,9,4,0,1,3950
20,116,plain,417,400,7,3,0,1,2968
20,117,plain,463,431,7,3,0,1,3039
20,118,plain,394,380,7,3,0,1,2706
20,119,plain,409,394,7,3,0,1,2843
20,120,plain,498,475,7,3,0,1,3466
20,121,plain,529,498,7,3,0,1,3695
20,122,plain,546,534,9,4,0,1,3812
20,123,plain,556,518,7,3,0,1,3769
20,124,plain,667,640,9,4,0,1,4520
20,125,plain,477,461,7,3,0,1,3248
20,126,plain,532,509,9,4,0,1,3617
20,127,plain,478,449,7,3,0,1,3404
20,128,plain,564,534,9,4,0,1,3955
20,129,plain,450,427,7,3,0,1,3112
20,130,plain,597,551,9,4,0,1,4096
20,131,plain,555,515,9,4,0,1,3985
20,132,plain,588,562,9,4,0,1,4094
20,133,plain,434,403,7,3,0,1,2901
20,134,plain,491,456,7,3,0,1,3357
20,135,plain,699,672,9,4,0,1,4734
21,1,plain,1350,1339,19,5,0,3,7700
21,2,plain,1197,1179,15,5,0,1,6848
21,3,plain,1508,1476,15,5,0,1,8559
21,4,plain,1469,1448,14,5,0,1,8328
21,5,plain,1614,1587,17,5,0,3,9013
21,6,plain,1249,1237,12,4,0,1,7033
21,7,plain,1699,1672,16,5,0,1,9539
21,8,plain,1302,1288,15,4,0,2,7294
21,9,plain,964,945,14,5,0,2,5635
21,10,plain,1139,1122,13,4,0,1,6475
21,11,plain,1177,1158,15,5,0,2,6882
21,12,plain,1077,1065,13,4,0,1,6041
21,13,plain,1311,1288,15,4,0,1,7218
21,14,plain,1116,1105,13,4,0,1,6117
21,15,plain,1137,1120,13,4,0,1,6101
21,16,plain,1459,1444,13,4,0,1,7809
21,17,plain,1252,1227,15,4,0,2,6990
21,18,plain,1416,1392,16,5,0,1,7864
21,19,plain,1236,1209,15,4,0,1,6639
21,20,plain,1262,1255,16,4,0,2,6814
21,21,plain,1185,1175,14,4,0,1,6381
21,22,plain,1374,1346,18,4,0,2,7518
21,23,plain,1213,1199,16,4,0,2,6681
21,24,plain,1518,1474,16,4,0,1,8368
21,25,plain,985,962,14,3,0,2,5370
21,26,plain,1228,1209,17,4,0,2,6954
21,27,plain,1422,1409,18,4,0,2,7885
21,28,plain,1264,1232,17,3,0,2,7131
21,29,plain,1173,1147,15,4,0,1,6436
21,30,plain,1247,1214,18,4,0,2,7220
21,31,plain,1259,1231,20,4,0,2,7048
21,32,plain,1300,1285,18,4,0,2,7360
21,33,plain,1259,1239,17,4,0,2,7063
21,34,plain,1048,1028,14,3,0,2,5945
21,35,plain,1253,1230,16,3,0,2,6881
21,36,plain,1265,1228,13,3,0,1,7095
21,37,plain,1200,1182,14,3,0,2,6405
21,38,plain,1147,1133,14,3,0,2,6336
21,39,plain,1073,1043,13,3,0,1,5889
21,40,plain,1099,1073,12,3,0,1,6154
21,41,plain,1078,1057,12,3,0,1,5973
21,42,plain,1242,1220,14,3,0,2,7153
21,43,plain,1280,1258,13,3,0,1,7265
21,44,plain,1393,1355,15,3,0,2,7716
21,45,plain,1312,1291,13,3,0,1,7178
21,46,plain,1379,1354,13,3,0,1,7718
21,47,plain,1596,1558,19,5,0,2,8878
21,48,plain,1318,1299,12,3,0,1,7216
21,49,plain,1321,1309,16,4,0,2,7275
21,50,plain,1192,1177,15,3,0,2,6455
21,51,plain,1162,1148,16,3,0,2,6602
21,52,plain,968,950,10,2,0,1,5489
21,53,plain,1090,1082,12,3,0,1,6171
21,54,plain,1102,1090,12,3,0,1,6174
21,55,plain,1198,1183,13,3,0,1,6801
21,56,plain,1212,1184,14,3,0,2,6739
21,57,plain,1103,1088,14,3,0,2,6074
21,58,plain,1210,1193,13,3,0,1,6578
21,59,plain,1149,1134,12,3,0,1,6290
21,60,plain,1176,1163,12,3,0,1,6733
21,61,plain,1157,1140,12,3,0,1,6328
21,62,plain,1082,1069,12,3,0,1,6232
21,63,plain,1392,1373,15,3,0,2,7941
21,64,plain,1228,1213,13,3,0,1,6919
21,65,plain,1177,1167,12,3,0,1,6636
21,66,plain,1195,1176,14,3,0,2,6769
21,67,plain,1268,1252,15,3,0,2,7094
21,68,plain,1198,1185,12,3,0,1,6572
21,69,plain,1320,1310,13,3,0,1,7145
21,70,plain,1212,1199,13,3,0,1,6701
21,71,plain,1443,1428,15,3,0,2,8104
21,72,plain,1365,1346,12,3,0,1,7419
21,73,plain,1309,1279,12,3,0,1,7332
21,74,plain,1462,1434,12,3,0,1,7998
21,75,plain,1057,1039,10,2,0,1,5753
21,76,plain,1216,1196,13,3,0,1,6533
21,77,plain,998,981,10,2,0,1,5438
21,78,plain,1201,1172,12,3,0,1,6708
21,79,plain,1793,1764,15,3,0,1,10534
21,80,plain,1407,1386,14,3,0,1,7906
21,81,plain,1318,1294,13,3,0,1,7408
21,82,plain,1335,1315,13,3,0,1,7404
21,83,plain,1408,1385,13,3,0,1,7693
21,84,plain,1366,1330,13,3,0,1,7526
21,85,plain,1326,1316,11,2,0,1,7497
21,86,plain,1103,1090,11,2,0,1,6077
21,87,plain,1615,1574,14,3,0,1,8709
21,88,plain,1212,1197,13,3,0,1,6723
21,89,plain,1472,1450,14,3,0,1,8083
21,90,plain,1877,1839,18,4,0,1,10170
21,91,plain,1508,1482,14,3,0,1,8287
21,92,plain,1309,1293,14,3,0,1,7106
21,93,plain,1046,1033,10,2,0,1,6170
21,94,plain,1412,1386,14,3,0,1,8076
21,95,plain,1165,1150,11,2,0,1,6740
21,96,plain,1132,1116,11,2,0,1,6384
21,97,plain,1441,1410,13,3,0,1,8086
21,98,plain,1423,1403,14,4,0,1,7803
21,99,plain,1352,1336,14,3,0,1,7791
21,100,plain,1032,1021,10,2,0,1,5817
21,101,plain,1219,1198,11,2,0,1,7057
21,102,plain,1284,1268,12,2,0,1,7114
21,103,plain,1355,1334,13,3,0,1,7480
21,104,plain,1785,1749,15,3,0,1,9861
21,105,plain,1483,1464,13,3,0,1,8465
21,106,plain,1138,1128,11,2,0,1,6574
21,107,plain,1286,1274,11,2,0,1,7018
21,108,plain,1106,1088,10,2,0,1,6260
21,109,plain,1220,1193,11,2,0,1,6969
21,110,plain,977,962,10,2,0,1,5492
21,111,plain,1119,1102,11,2,0,1,6080
21,112,plain,1526,1503,14,3,0,1,8453
22,1,plain,1188,1173,28,7,0,8,7417
22,2,plain,1150,1109,25,7,0,7,7197
22,3,plain,1122,1106,27,7,0,7,7460
22,4,plain,1112,1083,27,7,0,8,7143
22,5,plain,1440,1323,29,8,0,7,8984
22,6,plain,1045,1022,27,7,0,7,6714
22,7,plain,1025,1003,26,6,0,8,6398
22,8,plain,1048,1030,25,7,0,7,6841
22,9,plain,1085,1050,25,7,0,6,6977
22,10,plain,1070,1053,28,7,0,8,6671
22,11,plain,1077,1036,23,7,0,5,6749
22,12,plain,980,962,26,7,0,7,6285
22,13,plain,996,976,23,7,0,6,6360
22,14,plain,992,968,25,7,0,7,6525
22,15,plain,1046,1010,24,7,0,6,6628
22,16,plain,1005,988,29,7,0,9,6558
22,17,plain,1072,1035,30,7,0,9,7154
22,18,plain,1042,986,25,7,0,7,6821
22,19,plain,979,950,25,7,0,6,6434
22,20,plain,910,900,25,7,0,6,5934
22,21,plain,979,971,30,7,0,9,6102
22,22,plain,947,923,24,7,0,6,6208
22,23,plain,970,936,25,7,0,7,6396
22,24,plain,978,957,27,7,0,8,6322
22,25,plain,1045,999,22,7,0,5,6855
22,26,plain,1170,1134,25,8,0,6,7809
22,27,plain,1009,981,25,7,0,6,6371
22,28,plain,984,952,24,7,0,6,6535
22,29,plain,881,864,25,7,0,6,6026
22,30,plain,1019,976,22,7,0,5,6668
22,31,plain,1015,975,23,7,0,6,6504
22,32,plain,964,946,24,7,0,6,6425
22,33,plain,969,947,21,7,0,4,6570
22,34,plain,999,959,25,7,0,7,6568
22,35,plain,984,956,27,7,0,8,6566
22,36,plain,1009,942,23,7,0,6,6617
22,37,plain,997,957,23,7,0,5,6576
22,38,plain,972,959,27,7,0,8,6681
22,39,plain,998,978,25,7,0,6,6738
22,40,plain,1034,979,25,7,0,6,7138
22,41,plain,1010,979,24,7,0,6,6570
22,42,plain,971,954,22,7,0,5,6364
22,43,plain,1037,1027,25,7,0,7,6753
22,44,plain,1001,970,25,7,0,7,6650
22,45,plain,913,887,24,7,0,6,6239
22,46,plain,1028,988,23,7,0,6,6741
22,47,plain,946,915,23,7,0,5,6071
22,48,plain,976,950,23,7,0,6,6426
22,49,plain,993,982,24,7,0,6,6433
22,50,plain,959,941,28,7,0,9,6453
22,51,plain,917,902,24,7,0,6,6301
22,52,plain,992,953,23,7,0,5,6916
22,53,plain,990,958,29,7,0,10,6833
22,54,plain,982,939,26,7,0,8,6636
22,55,plain,951,924,25,7,0,6,6291
22,56,plain,915,890,27,7,0,8,6038
22,57,plain,909,893,25,7,0,6,6217
22,58,plain,926,892,22,7,0,5,6416
22,59,plain,939,918,27,7,0,8,6406
22,60,plain,923,893,24,7,0,6,6381
22,61,plain,957,932,24,7,0,7,6144
22,62,plain,944,919,24,7,0,6,6280
22,63,plain,953,931,25,7,0,7,6347
22,64,plain,980,958,25,7,0,8,6481
22,65,plain,990,943,25,7,0,7,6580
22,66,plain,946,923,28,7,0,8,6355
22,67,plain,923,890,23,7,0,7,6226
22,68,plain,917,904,28,7,0,8,6196
22,69,plain,916,899,21,7,0,5,6329
22,70,plain,1003,978,25,7,0,7,6417
22,71,plain,963,934,26,7,0,7,6627
22,72,plain,926,869,21,7,0,6,6406
22,73,plain,1160,1104,26,8,0,6,7461
22,74,plain,916,901,26,7,0,7,6187
22,75,plain,946,930,28,7,0,9,6317
22,76,plain,935,915,25,7,0,6,6321
22,77,plain,942,924,28,7,0,9,6485
22,78,plain,1437,1358,31,8,0,9,9473
23,1,plain,1756,1751,22,8,0,2,10463
23,2,plain,1968,1962,36,10,0,7,11878
23,3,plain,1660,1653,29,8,0,4,9932
23,4,plain,1634,1629,25,8,0,2,9696
23,5,plain,1694,1688,31,9,0,3,10403
23,6,plain,1606,1589,24,8,0,2,9630
23,7,plain,1562,1548,26,9,0,2,9580
23,8,plain,1953,1945,36,10,0,4,11704
23,9,plain,1678,1671,32,9,0,5,10106
23,10,plain,1471,1464,21,7,0,2,8811
23,11,plain,1755,1749,30,9,0,4,10287
23,12,plain,1742,1732,25,9,0,1,10271
23,13,plain,1738,1727,25,9,0,2,10011
23,14,plain,2214,2162,32,11,0,1,13264
23,15,plain,1800,1794,30,9,0,2,10487
23,16,plain,1838,1826,29,8,0,2,10804
23,17,plain,1866,1851,25,8,0,1,11175
23,18,plain,1977,1953,27,9,0,1,11523
23,19,plain,1819,1796,27,10,0,1,10489
23,20,plain,1704,1688,26,10,0,2,9889
23,21,plain,1776,1741,26,11,0,1,10144
23,22,plain,1742,1733,23,8,0,2,9711
23,23,plain,1843,1815,25,9,0,1,10857
23,24,plain,1949,1906,27,9,0,1,11554
23,25,plain,1522,1509,23,9,0,1,8865
23,26,plain,1558,1548,23,9,0,1,8887
23,27,plain,2156,2098,29,10,0,1,12509
23,28,plain,1429,1405,22,8,0,1,8414
23,29,plain,1681,1664,23,9,0,1,9495
23,30,plain,1772,1759,26,9,0,1,10045
23,31,plain,1311,1302,21,8,0,1,7758
23,32,plain,1291,1266,21,8,0,1,7716
23,33,plain,1567,1519,24,9,0,1,9459
23,34,plain,1445,1430,22,9,0,1,8667
23,35,plain,1436,1416,23,10,0,1,8536
23,36,plain,1413,1405,24,9,0,1,8462
23,37,plain,1472,1452,23,9,0,1,8718
23,38,plain,1418,1403,21,8,0,1,8353
23,39,plain,1290,1280,22,7,0,1,7526
23,40,plain,1398,1388,23,8,0,1,8168
23,41,plain,1605,1587,25,9,0,1,9759
23,42,plain,1209,1200,20,8,0,1,7215
23,43,plain,1515,1506,23,9,0,1,8747
23,44,plain,1698,1656,26,9,0,1,10350
23,45,plain,1372,1357,20,7,0,1,8265
23,46,plain,1521,1507,25,9,0,2,9196
23,47,plain,1435,1417,23,9,0,1,8713
23,48,plain,1347,1337,20,8,0,1,8039
23,49,plain,1426,1412,23,8,0,1,8282
23,50,plain,1726,1699,23,10,0,1,9937
23,51,plain,1553,1537,25,8,0,2,9362
23,52,plain,1543,1526,25,9,0,1,9343
23,53,plain,1585,1567,24,9,0,1,9758
23,54,plain,1525,1516,26,8,0,1,9010
23,55,plain,1421,1404,24,9,0,1,8516
23,56,plain,1468,1457,24,8,0,1,8591
23,57,plain,1339,1328,21,8,0,1,7691
23,58,plain,1273,1263,21,9,0,1,7333
23,59,plain,1292,1283,21,8,0,1,7536
23,60,plain,1400,1380,24,9,0,2,8295
23,61,plain,1344,1331,22,8,0,1,7977
23,62,plain,1546,1522,23,8,0,1,8932
23,63,plain,1379,1361,22,8,0,1,8176
23,64,plain,1460,1442,23,9,0,1,8425
23,65,plain,1377,1366,23,8,0,1,7721
23,66,plain,1295,1281,23,9,0,1,7614
23,67,plain,1426,1417,23,8,0,1,8649
23,68,plain,1427,1408,21,8,0,1,8580
23,69,plain,1305,1294,20,8,0,1,7728
23,70,plain,1443,1420,23,9,0,1,8561
23,71,plain,1549,1517,25,9,0,1,9336
23,72,plain,1508,1488,24,10,0,1,8947
23,73,plain,1141,1133,19,7,0,1,6654
23,74,plain,1281,1267,22,9,0,1,7506
23,75,plain,1445,1422,24,9,0,1,8704
23,76,plain,1401,1381,22,9,0,1,8579
23,77,plain,1385,1370,22,9,0,1,8115
23,78,plain,1603,1585,25,9,0,1,9404
23,79,plain,1452,1436,24,9,0,1,8470
23,80,plain,1587,1560,24,9,0,1,9097
23,81,plain,1308,1293,20,8,0,1,7850
23,82,plain,1352,1335,23,8,0,1,8061
23,83,plain,1410,1391,20,8,0,1,8465
23,84,plain,1362,1349,23,9,0,1,7955
23,85,plain,1316,1305,19,8,0,1,7770
23,86,plain,1321,1305,20,8,0,1,7646
23,87,plain,1293,1282,20,8,0,1,7585
23,88,plain,1361,1339,20,7,0,1,8106
23,89,plain,1283,1273,19,8,0,1,7755
23,90,plain,1277,1266,20,8,0,1,7687
23,91,plain,1523,1483,21,8,0,1,8877
23,92,plain,1394,1379,22,7,0,1,8270
23,93,plain,1309,1298,23,7,0,1,7603
23,94,plain,1408,1398,22,8,0,1,8121
23,95,plain,1430,1418,23,8,0,1,8191
23,96,plain,1582,1569,22,8,0,1,9459
23,97,plain,1439,1424,21,7,0,1,8219
23,98,plain,1431,1416,22,8,0,1,8197
23,99,plain,1498,1484,22,8,0,1,8510
23,100,plain,1697,1664,23,9,0,1,9658
23,101,plain,1378,1357,21,7,0,1,8128
23,102,plain,1370,1357,20,7,0,1,8107
23,103,plain,1330,1311,19,7,0,1,7923
23,104,plain,1274,1263,19,7,0,1,7388
23,105,plain,1342,1329,21,8,0,1,7746
23,106,plain,1426,1411,21,8,0,1,8502
23,107,plain,1417,1403,20,7,0,1,7899
23,108,plain,1423,1412,20,7,0,1,8082
23,109,plain,1401,1368,22,8,0,1,8123
23,110,plain,1394,1374,20,7,0,1,8271
23,111,plain,1315,1300,21,7,0,1,8051
23,112,plain,1377,1366,20,8,0,1,7819
23,113,plain,1332,1314,19,7,0,1,7534
23,114,plain,1391,1379,21,8,0,1,7999
23,115,plain,1427,1409,20,8,0,1,8391
23,116,plain,1485,1467,21,8,0,1,8589
23,117,plain,1454,1429,22,8,0,1,8645
23,118,plain,1537,1520,24,7,0,1,8775
24,1,plain,1424,1401,17,6,0,3,8725
24,2,plain,2500,2455,33,10,0,7,15365
24,3,plain,1447,1419,29,10,0,5,8991
24,4,plain,1642,1608,23,9,0,3,10029
24,5,plain,1575,1561,23,7,0,6,9542
24,6,plain,1719,1685,23,9,0,3,10186
24,7,plain,1132,1113,18,6,0,4,6630
24,8,plain,1153,1131,21,8,0,3,6952
24,9,plain,1273,1257,19,6,0,4,7625
24,10,plain,1229,1211,18,7,0,3,7360
24,11,plain,2397,2341,24,8,0,5,13975
24,12,plain,1509,1485,21,7,0,5,9279
24,13,plain,1148,1120,17,7,0,2,7064
24,14,plain,1204,1171,19,7,0,3,7515
24,15,plain,1481,1449,23,7,0,5,8934
24,16,plain,1286,1258,19,7,0,3,7697
24,17,plain,1241,1225,23,7,0,5,7679
24,18,plain,1216,1203,18,7,0,3,7336
24,19,plain,1497,1467,27,8,0,7,9151
24,20,plain,1103,1085,11,5,0,1,6636
24,21,plain,1514,1460,27,8,0,8,9235
24,22,plain,1723,1677,30,10,0,6,10217
24,23,plain,1320,1296,20,8,0,3,8207
24,24,plain,1249,1227,25,7,0,6,7381
24,25,plain,1292,1270,21,8,0,3,7793
24,26,plain,1725,1684,22,8,0,4,10559
24,27,plain,1561,1532,25,9,0,4,9627
24,28,plain,1285,1246,15,7,0,1,7461
24,29,plain,1137,1110,20,8,0,3,7164
24,30,plain,1774,1748,27,9,0,5,10557
24,31,plain,1853,1729,19,7,0,3,11581
24,32,plain,1532,1497,26,8,0,6,9508
24,33,plain,1898,1792,31,9,0,8,11647
24,34,plain,1380,1355,24,9,0,4,8465
24,35,plain,2813,2726,50,16,0,12,16869
24,36,plain,1521,1497,28,7,0,9,9057
24,37,plain,1620,1585,32,9,0,9,9804
24,38,plain,1606,1577,32,8,0,9,9662
24,39,plain,1769,1714,27,9,0,6,10497
24,40,plain,1803,1757,25,10,0,3,10725
24,41,plain,1765,1725,30,9,0,7,10439
24,42,plain,1202,1184,23,7,0,6,7087
24,43,plain,1595,1529,21,8,0,3,9741
24,44,plain,1575,1557,35,8,0,11,9176
24,45,plain,1563,1516,25,7,0,8,9629
24,46,plain,1354,1337,25,8,0,5,8183
24,47,plain,1479,1452,25,10,0,3,8916
24,48,plain,1458,1435,25,9,0,5,8684
24,49,plain,1135,1124,21,8,0,3,6971
24,50,plain,1428,1396,24,7,0,6,8476
24,51,plain,1592,1555,27,8,0,6,9474
24,52,plain,1396,1377,31,10,0,7,8742
24,53,plain,1363,1327,22,8,0,4,8302
24,54,plain,1481,1426,30,8,0,11,9021
24,55,plain,1941,1859,40,11,0,10,11892
24,56,plain,1377,1359,28,8,0,7,8594
24,57,plain,1369,1348,27,9,0,6,8340
24,58,plain,1658,1581,25,11,0,2,10176
24,59,plain,1356,1323,22,9,0,3,8247
24,60,plain,1440,1403,23,8,0,5,8912
24,61,plain,2063,1947,37,11,0,9,12546
24,62,plain,1511,1437,23,10,0,2,9420
24,63,plain,1614,1567,31,10,0,7,9895
24,64,plain,1563,1517,25,9,0,5,9042
25,1,plain,1768,1748,43,7,0,12,10089
25,2,plain,1299,1264,31,5,0,10,7701
25,3,plain,1276,1236,31,6,0,10,7385
25,4,plain,1073,1042,21,5,0,3,6248
25,5,plain,1036,1011,25,5,0,7,5913
25,6,plain,1185,1162,24,5,0,6,6683
25,7,plain,1127,1096,28,5,0,8,6295
25,8,plain,1130,1104,28,5,0,7,6478
25,9,plain,1111,1094,20,6,0,2,6223
25,10,plain,1051,1024,20,5,0,4,5964
25,11,plain,1080,1062,26,5,0,8,6100
25,12,plain,1216,1200,28,6,0,7,6719
25,13,plain,1155,1134,26,6,0,6,6732
25,14,plain,1110,1098,21,6,0,4,6237
25,15,plain,1145,1120,27,6,0,7,6549
25,16,plain,1027,1011,26,4,0,9,5908
25,17,plain,1051,1012,22,6,0,4,6039
25,18,plain,1078,1040,23,6,0,5,6375
25,19,plain,1086,1056,22,5,0,4,6190
25,20,plain,1182,1145,25,6,0,4,6668
25,21,plain,1109,1070,26,5,0,6,6208
25,22,plain,1172,1147,22,6,0,4,6595
25,23,plain,1121,1106,23,5,0,6,6254
25,24,plain,1168,1150,22,7,0,2,6677
25,25,plain,1149,1129,27,7,0,8,6476
25,26,plain,1114,1094,24,6,0,5,6410
25,27,plain,1206,1186,23,6,0,7,6732
25,28,plain,1185,1171,21,5,0,5,6594
25,29,plain,1035,1011,26,5,0,8,5950
25,30,plain,1232,1215,26,8,0,4,6933
25,31,plain,1128,1105,28,6,0,8,6574
25,32,plain,1075,1036,25,6,0,5,6333
25,33,plain,1078,1057,19,7,0,1,6289
25,34,plain,1096,1073,20,6,0,5,6141
25,35,plain,1118,1101,17,6,0,3,6235
25,36,plain,1064,1047,18,7,0,1,6263
25,37,plain,1049,1020,21,7,0,2,6181
25,38,plain,1053,1039,18,5,0,4,5928
25,39,plain,1120,1109,20,6,0,5,6449
25,40,plain,1175,1149,23,7,0,3,6568
25,41,plain,1100,1077,27,7,0,6,6180
25,42,plain,1127,1094,21,7,0,1,6399
25,43,plain,1126,1107,27,6,0,6,6297
25,44,plain,1055,1030,19,6,0,1,5906
25,45,plain,1142,1112,20,7,0,1,6313
25,46,plain,1127,1118,22,7,0,4,6335
25,47,plain,1147,1126,28,6,0,8,6267
25,48,plain,1106,1083,24,8,0,4,6125
25,49,plain,1197,1179,23,7,0,4,6769
25,50,plain,1175,1153,22,7,0,3,6668
25,51,plain,1172,1159,19,5,0,4,6601
25,52,plain,1110,1093,23,6,0,4,6421
25,53,plain,1095,1069,20,7,0,4,6252
25,54,plain,1171,1146,21,7,0,3,6491
25,55,plain,1136,1113,28,7,0,8,6487
25,56,plain,1060,1044,19,6,0,5,6116
25,57,plain,1200,1179,30,7,0,8,6586
25,58,plain,1121,1097,29,7,0,6,6427
25,59,plain,1094,1062,19,6,0,2,6185
25,60,plain,1020,986,22,6,0,5,5952
25,61,plain,1138,1120,19,7,0,1,6383
25,62,plain,1084,1062,18,5,0,5,6030
25,63,plain,1094,1073,22,5,0,3,6446
25,64,plain,1138,1125,20,6,0,5,6526
25,65,plain,1060,1043,15,5,0,3,5886
25,66,plain,1232,1225,20,5,0,4,6862
25,67,plain,1173,1157,25,7,0,4,6593
25,68,plain,1143,1110,20,6,0,4,6446
25,69,plain,1209,1191,23,5,0,7,7002
25,70,plain,1050,1023,26,5,0,7,6122
25,71,plain,1157,1142,20,4,0,5,6605
25,72,plain,1097,1075,21,5,0,6,6222
25,73,plain,1060,1041,18,5,0,5,6050
25,74,plain,1189,1168,19,6,0,4,6671
25,75,plain,1052,1025,24,6,0,7,6175
25,76,plain,1319,1310,20,5,0,4,7489
25,77,plain,1140,1117,30,5,0,8,6484
26,1,plain,606,603,13,5,0,2,3840
26,2,plain,495,487,11,4,0,2,3010
26,3,plain,575,565,15,4,0,5,3541
26,4,plain,558,537,11,4,0,2,3247
26,5,plain,598,581,12,5,0,2,3700
26,6,plain,549,529,11,5,0,1,3445
26,7,plain,590,572,11,5,0,1,3515
26,8,plain,481,468,9,4,0,1,2873
26,9,plain,537,528,11,5,0,1,3359
26,10,plain,636,622,11,5,0,1,4056
26,11,plain,547,538,13,5,0,2,3423
26,12,plain,485,473,9,4,0,1,2892
26,13,plain,628,611,13,5,0,2,3832
26,14,plain,588,573,11,5,0,1,3567
26,15,plain,596,581,13,5,0,2,3687
26,16,plain,579,563,11,5,0,1,3480
26,17,plain,535,525,11,5,0,1,3267
26,18,plain,583,559,11,5,0,1,3537
26,19,plain,511,496,11,5,0,1,3167
26,20,plain,536,521,11,5,0,1,3331
26,21,plain,558,535,11,5,0,1,3520
26,22,plain,558,542,13,5,0,2,3538
26,23,plain,533,523,11,5,0,1,3337
26,24,plain,540,521,11,5,0,1,3396
26,25,plain,552,542,11,5,0,1,3581
26,26,plain,446,434,11,5,0,1,2852
26,27,plain,521,508,11,5,0,1,3254
26,28,plain,532,514,11,5,0,1,3365
26,29,plain,508,490,13,5,0,3,3094
26,30,plain,356,347,9,4,0,1,2278
26,31,plain,384,375,9,4,0,1,2330
26,32,plain,528,516,11,5,0,1,3256
26,33,plain,460,446,11,5,0,1,2892
26,34,plain,493,480,11,5,0,1,3207
26,35,plain,522,507,11,5,0,1,3230
26,36,plain,491,476,11,5,0,1,3163
26,37,plain,476,469,11,5,0,1,3114
26,38,plain,392,379,9,4,0,1,2482
26,39,plain,400,390,9,4,0,1,2416
26,40,plain,481,469,11,5,0,1,3081
26,41,plain,403,383,9,4,0,1,2576
26,42,plain,415,403,9,4,0,1,2667
26,43,plain,386,377,9,4,0,1,2388
26,44,plain,423,403,9,4,0,1,2689
26,45,plain,484,471,11,5,0,1,3161
26,46,plain,481,474,11,5,0,1,3079
26,47,plain,429,419,9,4,0,1,2713
26,48,plain,496,490,11,5,0,1,3062
26,49,plain,616,570,13,6,0,1,3817
26,50,plain,514,501,11,5,0,1,3049
26,51,plain,485,465,13,5,0,3,3005
26,52,plain,362,345,9,4,0,1,2218
26,53,plain,243,235,7,3,0,1,1583
26,54,plain,205,199,9,3,0,2,1375
26,55,plain,204,198,7,3,0,1,1305
26,56,plain,209,201,7,3,0,1,1344
26,57,plain,208,200,7,3,0,1,1359
26,58,plain,254,248,7,3,0,1,1652
26,59,plain,223,210,7,3,0,1,1453
26,60,plain,137,131,5,2,0,1,910
26,61,plain,231,215,7,3,0,1,1428
26,62,plain,336,323,10,4,0,2,1981
26,63,plain,419,397,11,5,0,1,2596
26,64,plain,265,258,7,3,0,1,1631
26,65,plain,218,208,7,3,0,1,1407
26,66,plain,346,341,9,4,0,1,2132
26,67,plain,169,156,5,2,0,1,1034
26,68,plain,100,91,3,1,0,1,650
26,69,plain,232,224,7,3,0,1,1510
26,70,plain,256,243,7,3,0,1,1620
26,71,plain,246,234,7,3,0,1,1556
26,72,plain,192,183,5,2,0,1,1205
26,73,plain,188,181,5,2,0,1,1140
26,74,plain,260,250,7,3,0,1,1697
26,75,plain,158,150,5,2,0,1,1001
26,76,plain,97,93,3,1,0,1,617
26,77,plain,253,240,7,3,0,1,1548
26,78,plain,201,195,5,2,0,1,1283
26,79,plain,155,147,5,2,0,1,961
26,80,plain,228,220,7,3,0,1,1384
26,81,plain,234,224,7,3,0,1,1474
26,82,plain,284,270,7,3,0,1,1758
26,83,plain,248,237,7,3,0,1,1559
26,84,plain,247,238,7,3,0,1,1568
26,85,plain,155,144,5,2,0,1,976
26,86,plain,262,251,7,3,0,1,1576
26,87,plain,256,246,7,3,0,1,1564
26,88,plain,164,156,5,2,0,1,1067
26,89,plain,325,314,9,4,0,1,1917
26,90,plain,239,229,8,3,0,2,1529
26,91,plain,141,133,5,2,0,1,926
26,92,plain,155,142,5,2,0,1,961
26,93,plain,150,140,5,2,0,1,1004
26,94,plain,144,133,5,2,0,1,898
26,95,plain,121,114,5,2,0,1,785
26,96,plain,146,136,5,2,0,1,945
26,97,plain,150,142,5,2,0,1,957
26,98,plain,170,159,5,2,0,1,1043
26,99,plain,170,160,5,2,0,1,1052
26,100,plain,140,134,7,2,0,2,932
26,101,plain,138,134,5,2,0,1,897
26,102,plain,171,160,5,2,0,1,1062
26,103,plain,105,82,3,1,0,1,668
26,104,plain,0,0,0,0,0,0,0
26,105,plain,152,145,5,2,0,1,1035
26,106,plain,174,162,5,2,0,1,1049
26,107,plain,147,139,5,2,0,1,946
26,108,plain,83,77,3,1,0,1,541
26,109,plain,120,100,3,1,0,1,710
26,110,plain,67,61,3,1,0,1,507
26,111,plain,244,233,9,3,0,2,1580
26,112,plain,219,207,7,3,0,1,1341
26,113,plain,162,151,5,2,0,1,953
26,114,plain,144,136,5,2,0,1,930
26,115,plain,149,143,5,2,0,1,895
26,116,plain,164,148,5,2,0,1,1117
26,117,plain,153,143,5,2,0,1,895
26,118,plain,143,127,5,2,0,1,912
26,119,plain,151,137,5,2,0,1,950
26,120,plain,143,136,5,2,0,1,933
26,121,plain,79,56,3,1,0,1,479
26,122,plain,0,0,0,0,0,0,0
26,123,plain,135,131,5,2,0,1,950
26,124,plain,180,134,5,2,0,1,1100
26,125,plain,0,0,0,0,0,0,0
26,126,plain,0,0,0,0,0,0,0
26,127,plain,0,0,0,0,0,0,0
26,128,plain,162,152,5,2,0,1,1054
26,129,plain,162,151,5,2,0,1,1083
26,130,plain,155,146,5,2,0,1,1015
26,131,plain,78,72,3,1,0,1,512
26,132,plain,165,144,5,2,0,1,1072
26,133,plain,0,0,0,0,0,0,0
26,134,plain,0,0,0,0,0,0,0
26,135,plain,99,88,3,1,0,1,633
26,136,plain,186,165,6,2,0,2,1127
26,137,plain,172,162,5,2,0,1,984
26,138,plain,178,172,5,2,0,1,1095
26,139,plain,156,125,5,2,0,1,997
26,140,plain,0,0,0,0,0,0,0
26,141,plain,186,135,5,2,0,1,1169
26,142,plain,0,0,0,0,0,0,0
26,143,plain,0,0,0,0,0,0,0
26,144,plain,0,0,0,0,0,0,0
26,145,plain,0,0,0,0,0,0,0
26,146,plain,174,153,5,2,0,1,1130
26,147,plain,0,0,0,0,0,0,0
26,148,plain,0,0,0,0,0,0,0
26,149,plain,157,149,5,2,0,1,1097
26,150,plain,174,148,5,2,0,1,1168
26,151,plain,0,0,0,0,0,0,0
26,152,plain,0,0,0,0,0,0,0
26,153,plain,131,122,5,2,0,1,905
26,154,plain,260,241,7,3,0,1,1539
26,155,plain,183,165,5,2,0,1,1090
26,156,plain,138,121,5,2,0,1,863
26,157,plain,167,159,5,2,0,1,1040
26,158,plain,84,66,3,1,0,1,540
26,159,plain,68,59,3,1,0,1,433
26,160,plain,210,157,5,2,0,1,1275
26,161,plain,0,0,0,0,0,0,0
26,162,plain,0,0,0,0,0,0,0
26,163,plain,0,0,0,0,0,0,0
26,164,plain,0,0,0,0,0,0,0
26,165,plain,154,146,5,2,0,1,1058
26,166,plain,136,121,5,2,0,1,937
26,167,plain,106,90,3,1,0,1,633
26,168,plain,157,145,5,2,0,1,1003
26,169,plain,142,131,5,2,0,1,854
26,170,plain,61,52,3,1,0,1,433
26,171,plain,151,141,5,2,0,1,963
26,172,plain,169,150,5,2,0,1,974
26,173,plain,0,0,0,0,0,0,0
26,174,plain,75,52,3,1,0,1,480
26,175,plain,0,0,0,0,0,0,0
26,176,plain,190,138,5,2,0,1,1160
26,177,plain,0,0,0,0,0,0,0
26,178,plain,0,0,0,0,0,0,0
26,179,plain,0,0,0,0,0,0,0
26,180,plain,0,0,0,0,0,0,0
26,181,plain,272,243,7,3,0,1,1837
26,182,plain,0,0,0,0,0,0,0
26,183,plain,0,0,0,0,0,0,0
26,184,plain,102,91,3,1,0,1,697
26,185,plain,134,106,5,2,0,1,842
26,186,plain,0,0,0,0,0,0,0
26,187,plain,152,137,5,2,0,1,923
26,188,plain,77,68,3,1,0,1,463
26,189,plain,166,143,5,2,0,1,1043
26,190,plain,96,73,3,1,0,1,608
26,191,plain,0,0,0,0,0,0,0
26,192,plain,257,245,7,3,0,1,1554
26,193,plain,266,260,7,3,0,1,1857
26,194,plain,253,244,7,3,0,1,1578
26,195,plain,231,226,9,3,0,2,1450
26,196,plain,162,152,5,2,0,1,1027
26,197,plain,168,151,5,2,0,1,1064
26,198,plain,130,121,5,2,0,1,824
26,199,plain,104,91,3,1,0,1,633
26,200,plain,183,172,5,2,0,1,1135
26,201,plain,161,149,5,2,0,1,955
26,202,plain,139,128,5,2,0,1,924
26,203,plain,165,149,5,2,0,1,1007
26,204,plain,0,0,0,0,0,0,0
26,205,plain,177,145,5,2,0,1,1132
26,206,plain,0,0,0,0,0,0,0
26,207,plain,0,0,0,0,0,0,0
26,208,plain,247,227,7,3,0,1,1620
26,209,plain,0,0,0,0,0,0,0
26,210,plain,342,317,11,4,0,2,2162
26,211,plain,0,0,0,0,0,0,0
26,212,plain,0,0,0,0,0,0,0
26,213,plain,176,161,5,2,0,1,1096
26,214,plain,160,153,7,2,0,2,1004
26,215,plain,224,214,7,3,0,1,1390
26,216,plain,145,130,5,2,0,1,930
26,217,plain,148,141,5,2,0,1,908
26,218,plain,156,148,5,2,0,1,970
26,219,plain,139,132,5,2,0,1,941
26,220,plain,137,130,5,2,0,1,865
26,221,plain,131,120,5,2,0,1,859
26,222,plain,138,132,5,2,0,1,964
26,223,plain,164,157,7,2,0,2,1052
26,224,plain,232,223,7,3,0,1,1523
26,225,plain,220,210,7,3,0,1,1446
26,226,plain,204,195,7,2,0,2,1235
26,227,plain,845,811,22,8,0,3,5270
27,1,plain,1679,1666,23,6,0,6,9863
27,2,plain,1441,1433,23,5,0,5,8537
27,3,plain,1661,1647,27,6,0,6,9901
27,4,plain,1497,1476,24,5,0,6,9101
27,5,plain,1239,1218,21,5,0,7,7442
27,6,plain,1680,1665,29,6,0,7,10100
27,7,plain,1574,1546,22,7,0,1,9082
27,8,plain,1840,1808,38,11,0,7,10798
27,9,plain,1348,1337,24,6,0,4,7832
27,10,plain,1494,1463,34,5,0,12,8663
27,11,plain,1424,1408,29,7,0,5,8592
27,12,plain,1521,1493,29,5,0,9,8981
27,13,plain,1217,1200,28,5,0,9,7476
27,14,plain,1377,1355,32,5,0,12,8405
27,15,plain,1444,1418,32,6,0,8,8960
27,16,plain,1716,1686,33,5,0,10,10316
27,17,plain,1538,1518,30,4,0,9,9192
27,18,plain,1806,1777,31,7,2,3,10988
27,19,plain,2497,2451,49,8,0,11,14939
27,20,plain,1444,1419,26,6,0,1,8450
27,21,plain,1291,1270,31,5,0,9,7852
27,22,plain,1549,1524,36,6,0,10,9178
27,23,plain,1487,1465,30,6,0,7,8969
27,24,plain,1796,1760,40,7,0,13,10895
27,25,plain,1573,1544,36,6,0,9,9270
27,26,plain,1484,1472,37,5,0,13,8783
27,27,plain,1518,1500,33,6,0,6,9174
27,28,plain,1384,1362,31,6,0,8,8276
27,29,plain,1141,1128,27,5,0,6,7094
27,30,plain,1586,1568,32,6,0,6,9805
27,31,plain,1396,1384,35,6,0,11,8565
27,32,plain,1705,1679,38,7,0,5,10442
27,33,plain,1345,1322,33,7,0,6,8357
27,34,plain,1816,1790,41,7,0,9,10996
27,35,plain,1421,1407,31,6,0,6,8506
27,36,plain,1930,1894,45,7,0,15,11526
27,37,plain,1497,1471,37,7,0,8,9078
27,38,plain,1109,1090,25,5,0,1,6546
27,39,plain,1522,1494,37,6,0,8,9309
27,40,plain,3127,3055,66,11,0,16,18702
27,41,plain,1440,1414,27,6,0,1,8648
27,42,plain,1490,1459,30,7,0,1,9103
27,43,plain,1532,1515,37,7,0,8,8948
27,44,plain,2639,2583,58,10,0,12,15777
27,45,plain,1486,1467,39,7,0,12,9061
27,46,plain,1480,1451,39,6,0,12,9067
27,47,plain,1672,1645,42,7,0,11,9797
27,48,plain,1574,1556,42,7,0,16,9554
27,49,plain,1575,1532,38,7,0,12,9422
27,50,plain,1525,1510,42,7,0,13,9315
27,51,plain,1256,1238,33,6,0,12,7665
27,52,plain,1557,1534,39,7,0,13,9334
27,53,plain,1363,1355,34,8,0,9,8343
27,54,plain,1463,1446,35,6,0,9,9034
27,55,plain,1576,1558,40,7,0,7,9695
27,56,plain,1687,1660,50,7,0,16,10303
27,57,plain,1642,1620,43,7,0,14,9828
27,58,plain,1535,1519,53,7,0,23,9306
27,59,plain,1507,1484,41,7,0,14,9250
27,60,plain,2257,2208,56,9,0,17,13143
27,61,plain,2393,2351,62,9,0,21,14162
27,62,plain,2871,2837,69,10,0,25,16782
27,63,plain,2129,2093,55,8,0,21,12484
27,64,plain,2139,2105,66,8,0,26,13165
27,65,plain,2048,2023,49,7,0,16,12277
27,66,plain,1798,1775,47,8,0,8,10987
27,67,plain,1883,1864,51,8,0,17,11310
27,68,plain,1812,1793,49,8,0,16,11109
27,69,plain,1429,1415,38,7,0,10,8874
27,70,plain,1853,1840,57,7,0,20,11189
27,71,plain,1805,1791,52,7,0,14,10536
27,72,plain,1913,1897,52,8,0,14,11262
27,73,plain,2006,1988,55,7,0,20,11976
27,74,plain,1285,1270,42,6,0,10,7927
27,75,plain,1952,1933,62,8,3,21,11625
27,76,plain,1960,1945,60,10,4,22,11966
27,77,plain,1438,1426,42,6,3,11,8613
27,78,plain,1618,1601,43,7,0,11,9867
27,79,plain,1700,1689,52,7,3,17,10446
27,80,plain,1833,1811,58,8,0,21,10676
27,81,plain,1728,1704,50,6,4,14,10388
27,82,plain,3385,3353,94,13,0,25,20239
27,83,plain,1728,1702,54,7,0,18,10686
27,84,plain,2099,2072,59,8,7,14,12699
27,85,plain,2181,2164,75,12,3,28,12971
27,86,plain,2387,2356,73,7,3,28,14463
27,87,plain,2352,2317,73,9,3,20,14475
27,88,plain,2348,2318,73,9,3,23,14742
27,89,plain,1971,1948,65,6,2,22,12111
27,90,plain,2130,2103,76,8,3,27,12861
27,91,plain,2597,2565,77,8,6,33,15722
27,92,plain,2143,2112,71,8,3,30,13103
27,93,plain,2829,2802,79,9,3,21,16951
28,1,plain,1295,1292,20,5,0,2,7931
28,2,plain,1313,1305,26,6,0,5,7631
28,3,plain,1543,1524,31,6,0,4,9356
28,4,plain,1910,1877,39,8,0,8,11796
28,5,plain,2008,1983,54,7,0,15,12162
28,6,plain,1797,1775,40,6,0,10,11020
28,7,plain,2123,2081,50,7,0,14,12512
28,8,plain,1694,1665,33,7,0,3,10072
28,9,plain,1899,1860,51,7,0,12,11061
28,10,plain,1936,1909,52,8,0,11,11399
28,11,plain,1487,1469,33,7,0,4,8842
28,12,plain,1510,1471,40,6,0,8,9094
28,13,plain,1635,1604,42,7,0,9,9440
28,14,plain,1791,1769,54,7,0,16,11006
28,15,plain,2123,2043,62,9,0,14,12485
28,16,plain,2038,2014,64,8,0,17,11860
28,17,plain,1763,1745,47,8,0,8,10384
28,18,plain,1695,1658,48,7,0,8,10006
28,19,plain,1758,1706,44,7,0,9,10341
28,20,plain,1776,1740,55,8,0,14,10496
28,21,plain,1542,1524,54,7,0,12,9121
28,22,plain,1701,1681,52,7,0,8,9792
28,23,plain,1841,1783,53,9,0,6,11089
28,24,plain,1824,1792,50,8,0,10,10710
28,25,plain,1610,1557,47,8,0,6,9597
28,26,plain,1632,1610,47,8,0,8,9878
28,27,plain,1757,1698,63,8,0,13,10559
28,28,plain,1530,1498,52,8,0,11,9198
28,29,plain,1552,1501,50,7,0,10,9015
28,30,plain,1882,1849,62,8,0,14,11138
28,31,plain,1903,1870,57,7,0,14,11131
28,32,plain,1728,1689,50,7,0,8,10377
28,33,plain,1629,1609,48,7,0,7,9557
28,34,plain,1764,1735,61,7,0,15,10456
28,35,plain,1842,1802,62,7,0,15,11132
28,36,plain,1687,1662,60,8,0,14,10301
28,37,plain,1608,1585,59,7,0,14,9564
28,38,plain,1786,1739,60,8,0,10,10640
28,39,plain,1884,1862,70,9,0,20,11327
28,40,plain,1908,1886,67,9,0,19,11369
28,41,plain,1620,1600,56,8,0,15,9441
28,42,plain,1598,1573,63,8,0,20,9754
28,43,plain,1949,1920,73,9,0,22,11939
28,44,plain,1648,1626,60,9,0,14,10019
28,45,plain,1726,1690,54,8,0,9,10618
28,46,plain,1881,1838,67,9,0,18,11293
28,47,plain,2026,1977,65,8,0,19,11976
28,48,plain,1810,1757,59,9,0,9,10929
28,49,plain,1682,1659,57,8,0,13,10229
28,50,plain,1655,1619,63,7,0,16,10090
28,51,plain,1446,1431,53,8,0,15,8848
28,52,plain,1488,1474,51,7,0,10,8910
28,53,plain,1578,1550,61,8,0,15,9469
28,54,plain,1679,1648,62,6,0,16,10201
28,55,plain,1939,1907,73,9,0,19,11673
28,56,plain,2036,2013,72,10,0,16,11888
28,57,plain,1909,1861,67,9,0,16,11487
28,58,plain,1519,1487,59,8,0,16,9263
28,59,plain,1667,1635,55,9,0,9,10140
28,60,plain,1665,1631,66,9,0,18,10103
28,61,plain,1405,1365,57,8,0,13,8676
28,62,plain,1526,1505,61,7,0,25,9065
28,63,plain,1534,1495,57,8,0,14,9341
28,64,plain,1575,1543,57,8,0,15,9526
28,65,plain,1323,1302,48,7,0,10,7969
28,66,plain,1422,1405,55,8,0,12,8653
28,67,plain,1436,1419,55,7,0,16,8813
28,68,plain,1668,1642,69,10,0,15,10332
28,69,plain,1471,1459,58,8,0,19,8806
28,70,plain,1439,1407,55,7,0,14,8688
28,71,plain,1522,1490,54,8,0,17,9253
28,72,plain,1368,1331,54,8,0,10,8292
28,73,plain,1500,1469,60,7,0,17,8912
28,74,plain,1344,1322,55,7,0,9,8162
28,75,plain,1494,1459,54,7,0,14,9095
28,76,plain,1831,1781,69,10,0,15,10955
28,77,plain,1829,1781,73,8,0,24,10939
28,78,plain,1616,1569,57,7,0,11,9941
28,79,plain,1313,1272,49,7,0,11,7969
28,80,plain,1421,1389,60,9,0,12,8762
28,81,plain,1308,1281,52,8,0,10,7998
28,82,plain,1690,1634,66,9,0,15,10372
28,83,plain,1427,1399,58,8,0,14,8821
28,84,plain,1213,1181,48,7,0,10,7378
28,85,plain,1386,1351,51,9,0,7,8392
28,86,plain,1477,1448,57,7,0,16,8887
28,87,plain,1424,1389,60,9,0,15,8694
28,88,plain,2128,2096,70,10,0,11,12922
29,1,plain,1568,1565,17,8,0,1,9669
29,2,plain,1657,1638,30,9,0,7,10022
29,3,plain,1498,1475,27,8,0,6,9198
29,4,plain,1482,1462,27,8,0,6,9188
29,5,plain,1803,1785,20,8,0,3,10589
29,6,plain,1767,1752,21,8,0,3,10500
29,7,plain,1941,1907,22,9,0,2,11565
29,8,plain,1881,1832,19,8,0,2,11136
29,9,plain,1614,1596,23,8,0,4,9414
29,10,plain,2082,2023,30,10,0,6,12236
29,11,plain,1783,1771,23,8,0,4,10620
29,12,plain,1640,1611,17,8,0,1,9627
29,13,plain,1662,1630,21,7,0,4,10135
29,14,plain,1575,1548,15,7,0,1,9323
29,15,plain,1467,1448,17,7,0,2,8608
29,16,plain,1442,1418,18,6,0,2,8631
29,17,plain,1478,1429,16,6,0,2,8860
29,18,plain,1467,1445,27,7,0,7,8908
29,19,plain,1316,1298,18,6,0,5,8004
29,20,plain,1409,1382,18,7,0,3,8656
29,21,plain,1268,1249,17,6,0,3,7518
29,22,plain,1273,1255,15,6,0,2,7513
29,23,plain,1295,1269,19,6,0,4,7593
29,24,plain,1389,1357,17,7,0,2,8154
29,25,plain,1415,1364,13,6,0,1,8301
29,26,plain,1389,1369,15,7,0,1,8090
29,27,plain,1360,1324,19,7,0,3,8126
29,28,plain,1292,1269,13,6,0,1,7819
29,29,plain,1414,1377,15,7,0,1,8394
29,30,plain,1385,1373,15,6,0,2,8033
29,31,plain,1278,1252,13,6,0,1,7516
29,32,plain,1250,1215,13,6,0,1,7348
29,33,plain,1344,1297,13,6,0,1,7689
29,34,plain,1452,1433,13,6,0,1,8512
29,35,plain,1102,1087,13,5,0,2,6442
29,36,plain,1372,1342,13,6,0,1,8016
29,37,plain,1253,1234,13,6,0,1,7419
29,38,plain,1462,1428,15,6,0,2,8799
29,39,plain,1550,1527,15,6,0,2,9000
29,40,plain,1453,1397,15,6,0,2,8581
29,41,plain,1730,1698,18,8,0,2,10123
29,42,plain,1342,1325,13,6,0,1,7790
29,43,plain,1654,1636,17,6,0,3,9684
29,44,plain,1672,1654,13,6,0,1,9602
29,45,plain,2158,2121,22,8,0,4,12737
29,46,plain,1975,1921,18,7,0,2,11445
29,47,plain,1566,1528,13,6,0,1,8987
29,48,plain,1709,1682,12,6,0,1,9878
29,49,plain,1442,1418,11,5,0,1,8180
29,50,plain,1522,1493,13,5,0,2,8441
29,51,plain,1806,1776,15,6,0,2,10323
29,52,plain,1639,1601,15,6,0,2,9408
29,53,plain,1677,1642,13,6,0,1,9681
29,54,plain,1536,1521,13,6,0,1,8865
29,55,plain,1816,1791,15,7,0,1,10383
29,56,plain,1689,1677,15,6,0,2,9636
29,57,plain,1483,1471,13,6,0,1,8488
29,58,plain,1775,1742,15,6,0,2,10364
29,59,plain,1578,1567,13,6,0,1,9151
29,60,plain,1647,1622,15,6,0,2,9284
29,61,plain,1632,1603,13,6,0,1,9435
29,62,plain,1659,1639,13,6,0,1,9386
29,63,plain,1765,1725,13,6,0,1,9901
29,64,plain,1797,1772,15,7,0,1,10215
29,65,plain,1664,1635,11,5,0,1,9457
29,66,plain,1676,1655,13,6,0,1,9514
29,67,plain,1671,1638,13,6,0,1,9538
29,68,plain,2040,2009,15,7,0,1,11609
29,69,plain,2387,2365,17,8,0,1,13548
30,1,plain,574,571,9,3,0,2,3493
30,2,plain,731,726,9,4,0,1,4615
30,3,plain,661,650,9,4,0,1,4223
30,4,plain,696,677,9,4,0,1,4262
30,5,plain,706,691,9,4,0,1,4381
30,6,plain,689,675,13,4,0,3,4223
30,7,plain,724,706,9,4,0,1,4572
30,8,plain,765,723,9,4,0,1,4774
30,9,plain,741,687,11,4,0,2,4823
30,10,plain,703,683,9,4,0,1,4373
30,11,plain,715,701,9,4,0,1,4428
30,12,plain,682,669,11,4,0,2,4195
30,13,plain,726,704,12,4,0,3,4582
30,14,plain,742,727,11,4,0,2,4527
30,15,plain,662,645,11,4,0,2,4116
30,16,plain,689,666,14,4,0,4,4268
30,17,plain,731,714,11,4,0,2,4620
30,18,plain,681,662,11,4,0,2,4180
30,19,plain,770,739,9,4,0,1,4616
30,20,plain,739,719,13,4,0,3,4612
30,21,plain,764,725,11,4,0,2,4737
30,22,plain,889,859,13,4,0,3,5257
30,23,plain,766,740,11,4,0,2,4543
30,24,plain,709,668,13,4,0,3,4439
30,25,plain,730,696,9,4,0,1,4508
30,26,plain,772,754,11,4,0,2,4776
30,27,plain,780,743,9,4,0,1,4906
30,28,plain,788,733,11,4,0,2,5003
30,29,plain,779,753,9,4,0,1,4954
30,30,plain,1170,1133,15,5,0,3,7141
30,31,plain,736,720,9,4,0,1,4792
30,32,plain,800,782,11,4,0,2,5101
30,33,plain,789,754,9,4,0,1,4836
30,34,plain,770,751,13,4,0,3,4713
30,35,plain,715,695,9,4,0,1,4452
30,36,plain,795,763,11,4,0,2,4816
30,37,plain,781,757,11,4,0,2,4890
30,38,plain,795,764,13,4,0,4,5059
30,39,plain,829,791,11,4,0,2,5202
30,40,plain,831,784,9,4,0,1,5075
30,41,plain,810,777,9,4,0,1,5140
30,42,plain,754,735,9,4,0,1,4824
30,43,plain,784,758,9,4,0,1,4800
30,44,plain,727,708,9,4,0,1,4536
30,45,plain,798,778,9,4,0,1,5040
30,46,plain,815,770,9,4,0,1,5001
30,47,plain,802,767,11,4,0,2,4995
30,48,plain,858,806,9,4,0,1,5313
30,49,plain,822,808,9,4,0,1,5065
30,50,plain,805,775,11,4,0,2,4845
30,51,plain,764,743,9,4,0,1,4670
30,52,plain,826,802,9,4,0,1,4963
30,53,plain,794,770,9,4,0,1,4791
30,54,plain,843,810,11,4,0,2,5218
30,55,plain,791,766,11,4,0,2,4880
30,56,plain,763,730,9,4,0,1,4708
30,57,plain,834,815,9,4,0,1,5167
30,58,plain,816,782,9,4,0,1,5116
30,59,plain,924,913,9,4,0,1,5675
30,60,plain,1035,1019,15,5,0,3,6492
31,1,plain,1642,1639,17,5,0,1,9569
31,2,plain,1457,1449,19,5,0,3,8466
31,3,plain,1713,1707,22,6,0,4,9895
31,4,plain,1604,1589,23,5,0,5,9469
31,5,plain,1470,1453,16,6,0,1,8381
31,6,plain,1856,1823,25,8,0,4,11080
31,7,plain,1357,1321,15,4,0,2,7941
31,8,plain,1568,1554,22,6,0,4,9045
31,9,plain,1376,1363,15,5,0,1,8116
31,10,plain,2237,2192,22,7,0,1,13097
31,11,plain,1616,1592,17,5,0,1,9512
31,12,plain,2092,2062,24,6,0,4,12439
31,13,plain,1789,1764,22,5,0,4,10557
31,14,plain,1722,1689,19,6,0,2,10160
31,15,plain,1751,1687,17,5,0,1,10095
31,16,plain,1770,1735,16,5,0,1,10100
31,17,plain,1626,1600,23,5,0,4,9384
31,18,plain,1641,1619,17,6,0,1,9557
31,19,plain,1638,1619,20,6,0,3,9403
31,20,plain,1629,1579,16,5,0,1,9616
31,21,plain,1602,1563,16,6,0,1,9308
31,22,plain,1827,1801,21,6,0,3,10426
31,23,plain,1508,1475,15,5,0,1,8594
31,24,plain,1604,1590,18,6,0,2,9240
31,25,plain,1374,1344,14,5,0,1,7940
31,26,plain,1240,1221,13,4,0,1,7168
31,27,plain,1555,1521,19,6,0,1,9057
31,28,plain,1384,1367,14,5,0,1,7773
31,29,plain,1697,1651,19,5,0,2,9643
31,30,plain,1505,1480,16,5,0,1,8555
31,31,plain,1481,1449,18,5,0,3,8515
31,32,plain,1588,1545,21,5,0,4,9058
31,33,plain,1999,1950,20,5,0,2,11481
31,34,plain,2318,2272,23,7,0,3,12878
32,1,plain,1161,1158,14,4,0,3,6960
32,2,plain,1374,1357,12,4,0,2,7977
32,3,plain,1528,1492,11,5,0,1,8846
32,4,plain,1493,1456,10,4,0,1,8950
32,5,plain,1414,1386,12,4,0,2,8169
32,6,plain,1045,1031,9,4,0,1,6044
32,7,plain,1354,1338,10,4,0,1,7989
32,8,plain,1044,1033,9,4,0,1,6110
32,9,plain,1699,1675,11,5,0,1,9991
32,10,plain,1309,1281,9,4,0,1,7563
32,11,plain,1556,1534,13,5,0,2,8903
32,12,plain,1673,1637,11,5,0,1,9536
32,13,plain,1867,1837,13,5,0,2,10795
32,14,plain,1715,1685,11,5,0,1,10135
32,15,plain,1752,1727,11,5,0,1,10503
32,16,plain,2027,2003,15,6,0,2,11734
32,17,plain,2292,2272,19,6,0,4,12914
32,18,plain,1625,1612,11,5,0,1,9427
32,19,plain,1398,1373,9,4,0,1,8110
32,20,plain,1528,1487,11,5,0,1,8883
32,21,plain,1570,1553,13,5,0,2,9474
32,22,plain,2000,1970,15,6,0,2,11700
32,23,plain,1388,1359,9,4,0,1,7909
32,24,plain,1574,1552,11,5,0,1,9513
32,25,plain,1546,1527,11,5,0,1,9288
32,26,plain,1354,1325,9,4,0,1,8043
32,27,plain,1918,1890,11,5,0,1,10758
32,28,plain,1639,1628,11,5,0,1,9341
32,29,plain,1376,1357,9,4,0,1,7839
32,30,plain,1802,1791,11,5,0,1,10279
33,1,plain,498,479,15,3,0,9,3486
33,2,plain,509,488,15,4,0,6,3547
33,3,plain,459,448,15,3,0,9,3166
33,4,plain,644,585,18,4,0,9,4322
33,5,plain,554,500,17,4,0,7,3814
33,6,plain,614,560,19,4,0,5,4212
33,7,plain,517,484,16,4,0,6,3567
33,8,plain,472,451,15,3,0,9,3362
33,9,plain,507,470,17,4,0,9,3445
33,10,plain,508,479,17,4,0,7,3515
33,11,plain,494,477,18,4,0,7,3402
33,12,plain,499,475,17,4,0,6,3439
33,13,plain,535,486,16,4,0,6,3632
33,14,plain,476,445,15,4,0,6,3366
33,15,plain,487,460,16,4,0,7,3340
33,16,plain,476,451,17,4,0,7,3194
33,17,plain,488,453,15,4,0,6,3225
33,18,plain,522,491,17,4,0,4,3518
33,19,plain,580,521,20,4,0,7,4064
33,20,plain,529,485,17,4,0,4,3517
33,21,plain,596,569,21,5,0,9,4166
33,22,plain,514,480,16,4,0,6,3532
33,23,plain,562,520,17,4,0,4,3674
33,24,plain,500,473,17,4,0,6,3418
33,25,plain,513,486,18,4,0,7,3455
33,26,plain,634,605,19,5,0,7,4378
33,27,plain,507,480,16,4,0,6,3385
33,28,plain,513,480,18,4,0,7,3544
33,29,plain,509,480,18,4,0,7,3338
33,30,plain,531,506,18,5,0,4,3676
33,31,plain,525,491,20,5,0,7,3589
33,32,plain,572,530,21,5,0,7,3978
33,33,plain,866,814,28,6,0,6,5954
33,34,plain,553,527,21,5,0,7,3840
33,35,plain,991,914,31,8,0,7,6736
33,36,plain,598,557,20,5,0,7,4023
33,37,plain,970,868,31,7,0,8,6460
33,38,plain,525,491,17,4,0,6,3543
33,39,plain,519,498,18,4,0,6,3594
33,40,plain,752,720,26,6,0,5,5012
33,41,plain,524,513,20,5,0,7,3653
33,42,plain,482,474,19,4,0,10,3219
33,43,plain,510,481,18,4,0,7,3401
33,44,plain,511,489,20,5,0,9,3378
33,45,plain,519,497,21,5,0,7,3422
33,46,plain,495,479,18,4,0,9,3284
33,47,plain,489,470,18,4,0,7,3220
33,48,plain,491,470,19,4,0,7,3368
33,49,plain,608,565,20,5,0,6,4173
33,50,plain,962,827,27,7,0,6,6425
33,51,plain,645,568,22,5,0,7,4408
33,52,plain,565,524,20,5,0,6,3835
33,53,plain,963,850,29,7,0,4,6352
33,54,plain,512,496,18,5,0,6,3505
33,55,plain,586,538,20,5,0,4,3981
33,56,plain,822,798,28,7,0,12,5646
33,57,plain,591,563,23,5,0,5,3971
33,58,plain,592,563,22,5,0,7,4028
33,59,plain,768,729,25,6,0,6,5260
33,60,plain,585,537,22,5,0,7,4080
33,61,plain,560,546,22,5,0,7,3968
33,62,plain,520,496,21,5,0,7,3535
33,63,plain,534,509,22,5,0,8,3593
33,64,plain,530,516,18,5,0,6,3515
33,65,plain,502,489,18,4,0,9,3466
33,66,plain,542,514,23,5,0,10,3506
33,67,plain,534,511,22,5,0,7,3751
33,68,plain,546,530,22,5,0,7,3816
33,69,plain,578,550,21,5,0,7,3920
33,70,plain,553,542,22,5,0,7,3830
33,71,plain,597,569,21,5,0,7,4058
33,72,plain,1147,1109,37,8,0,10,7902
33,73,plain,976,938,32,7,0,7,6463
34,1,plain,683,651,15,4,0,5,4210
34,2,plain,474,445,12,3,0,4,3064
34,3,plain,579,524,14,3,0,6,3382
34,4,plain,400,381,12,3,0,4,2593
34,5,plain,418,400,13,3,0,4,2715
34,6,plain,454,422,11,3,0,4,2782
34,7,plain,465,434,13,3,0,5,2920
34,8,plain,438,411,13,3,0,5,2778
34,9,plain,502,452,14,3,0,5,3019
34,10,plain,460,435,15,3,0,7,2888
34,11,plain,387,367,12,3,0,4,2568
34,12,plain,534,470,12,3,0,4,3159
34,13,plain,456,425,14,3,0,5,3003
34,14,plain,422,376,13,3,0,5,2622
34,15,plain,419,378,10,3,0,3,2514
34,16,plain,382,352,9,3,0,3,2516
34,17,plain,385,369,13,3,0,4,2529
34,18,plain,358,326,10,3,0,3,2300
34,19,plain,429,389,13,3,0,4,2877
34,20,plain,356,333,11,3,0,4,2191
34,21,plain,430,397,14,3,0,6,2684
34,22,plain,432,393,14,3,0,6,2603
34,23,plain,464,423,13,3,0,5,2968
34,24,plain,409,383,12,3,0,4,2588
34,25,plain,346,324,12,3,0,4,2214
34,26,plain,354,332,14,3,0,5,2234
34,27,plain,331,310,11,3,0,4,2092
34,28,plain,436,412,18,3,0,8,2766
34,29,plain,362,348,12,3,0,4,2288
34,30,plain,346,327,15,3,0,6,2099
34,31,plain,514,454,13,3,0,5,3213
34,32,plain,351,319,13,3,0,6,2200
34,33,plain,452,380,17,3,0,7,2936
34,34,plain,393,368,12,3,0,4,2558
34,35,plain,360,344,15,3,0,6,2230
34,36,plain,359,341,9,3,0,3,2263
34,37,plain,461,421,17,3,0,8,2930
34,38,plain,317,302,9,3,0,3,2070
34,39,plain,356,327,14,3,0,5,2370
34,40,plain,364,341,11,3,0,4,2277
34,41,plain,344,320,12,3,0,4,2288
34,42,plain,376,335,15,3,0,6,2373
34,43,plain,414,353,11,3,0,3,2618
34,44,plain,360,340,14,3,0,6,2337
34,45,plain,371,341,13,3,0,4,2406
34,46,plain,394,355,9,3,0,2,2565
34,47,plain,394,369,13,3,0,4,2422
34,48,plain,306,294,12,3,0,5,2101
34,49,plain,312,302,10,3,0,3,2135
34,50,plain,426,390,13,3,0,5,2582
34,51,plain,371,348,15,3,0,5,2304
34,52,plain,385,367,15,3,0,5,2326
34,53,plain,352,336,11,3,0,4,2245
34,54,plain,516,489,17,3,0,6,3203
35,1,plain,2081,2046,43,7,0,12,12372
35,2,plain,1471,1447,31,6,0,7,8770
35,3,plain,1608,1575,37,7,0,9,9655
35,4,plain,1368,1352,36,7,0,10,8255
35,5,plain,1504,1479,34,7,0,7,8991
35,6,plain,1702,1673,45,8,0,11,10037
35,7,plain,1192,1167,29,6,0,6,7227
35,8,plain,1629,1576,40,7,0,11,9767
35,9,plain,1675,1638,43,7,0,13,9901
35,10,plain,1684,1645,43,6,0,11,10112
35,11,plain,1549,1497,35,6,0,10,9269
35,12,plain,1730,1677,38,8,0,6,10470
35,13,plain,1525,1461,37,7,0,9,8826
35,14,plain,1435,1391,38,6,0,8,8525
35,15,plain,1729,1715,45,8,0,9,10295
35,16,plain,1352,1340,38,7,0,12,7997
35,17,plain,1185,1178,31,6,0,5,6949
35,18,plain,1587,1525,42,7,0,10,9502
35,19,plain,1321,1313,36,7,0,8,7821
35,20,plain,1331,1325,36,5,0,11,7847
35,21,plain,1468,1461,33,7,0,9,8489
35,22,plain,1502,1476,34,7,0,6,8640
35,23,plain,1176,1170,38,7,0,10,7072
35,24,plain,1453,1421,37,6,0,9,8639
35,25,plain,1341,1321,46,7,0,12,8277
35,26,plain,1458,1445,41,6,0,13,8535
35,27,plain,1552,1516,40,8,0,7,9307
35,28,plain,1594,1566,44,8,0,9,9680
35,29,plain,1747,1716,48,9,0,11,10227
35,30,plain,1441,1421,39,7,0,9,8547
35,31,plain,1359,1332,38,7,0,12,8060
35,32,plain,1824,1781,51,10,0,10,10892
35,33,plain,1437,1414,44,8,0,13,8708
35,34,plain,1541,1521,44,7,0,7,9043
35,35,plain,1557,1532,45,8,0,9,9308
35,36,plain,1392,1353,41,8,0,8,8603
35,37,plain,1583,1530,47,8,0,13,9243
35,38,plain,1428,1410,42,7,0,12,8512
35,39,plain,1549,1504,47,6,0,13,9293
35,40,plain,1484,1428,43,7,0,8,8929
35,41,plain,1343,1314,37,6,0,4,7941
35,42,plain,1376,1334,43,8,0,7,8085
35,43,plain,1651,1602,49,8,0,10,9859
35,44,plain,1547,1506,47,7,0,12,9215
35,45,plain,2110,2065,56,8,0,11,12310
36,1,plain,408,406,14,6,0,2,2791
36,2,plain,418,414,14,6,0,2,2789
36,3,plain,397,390,14,6,0,2,2751
36,4,plain,394,390,14,6,0,2,2700
36,5,plain,410,403,14,6,0,2,2774
36,6,plain,412,397,14,6,0,2,2842
36,7,plain,410,395,14,6,0,2,2784
36,8,plain,421,400,14,6,0,2,2864
36,9,plain,417,398,14,6,0,2,2841
36,10,plain,415,397,14,6,0,2,2822
36,11,plain,430,405,14,6,0,2,2928
36,12,plain,438,406,14,6,0,2,2927
36,13,plain,417,397,14,6,0,2,2785
36,14,plain,402,376,14,6,0,2,2777
36,15,plain,418,397,14,6,0,2,2841
36,16,plain,404,391,14,6,0,2,2752
36,17,plain,387,377,14,6,0,2,2727
36,18,plain,413,386,14,6,0,2,2852
36,19,plain,410,391,14,6,0,2,2824
36,20,plain,409,389,14,6,0,2,2800
36,21,plain,410,397,14,6,0,2,2824
36,22,plain,408,392,14,6,0,2,2821
36,23,plain,416,391,14,6,0,2,2875
36,24,plain,394,386,14,6,0,2,2689
36,25,plain,402,392,14,6,0,2,2747
36,26,plain,404,389,14,6,0,2,2746
36,27,plain,405,394,14,6,0,2,2756
36,28,plain,410,390,14,6,0,2,2738
36,29,plain,387,376,14,6,0,2,2690
36,30,plain,409,393,14,6,0,2,2807
36,31,plain,423,405,14,6,0,2,2877
36,32,plain,411,401,14,6,0,2,2827
36,33,plain,432,411,14,6,0,2,2896
36,34,plain,419,404,14,6,0,2,2886
36,35,plain,435,414,14,6,0,2,2934
36,36,plain,439,412,14,6,0,2,2987
36,37,plain,416,397,14,6,0,2,2822
36,38,plain,450,430,14,6,0,2,2980
36,39,plain,418,402,14,6,0,2,2867
36,40,plain,420,399,14,6,0,2,2872
36,41,plain,422,407,14,6,0,2,2853
36,42,plain,422,410,14,6,0,2,2905
36,43,plain,419,398,14,6,0,2,2791
36,44,plain,414,402,14,6,0,2,2817
36,45,plain,434,406,14,6,0,2,2918
36,46,plain,433,412,14,6,0,2,2886
36,47,plain,485,442,14,6,0,2,3193
36,48,plain,434,420,14,6,0,2,2912
36,49,plain,425,409,14,6,0,2,2873
36,50,plain,425,413,14,6,0,2,2833
36,51,plain,430,412,14,6,0,2,2886
36,52,plain,443,413,14,6,0,2,3002
36,53,plain,420,404,14,6,0,2,2851
36,54,plain,436,412,14,6,0,2,2957
36,55,plain,421,408,14,6,0,2,2828
36,56,plain,411,401,14,6,0,2,2802
36,57,plain,407,398,14,6,0,2,2752
36,58,plain,432,424,14,6,0,2,2904
36,59,plain,400,393,14,6,0,2,2744
36,60,plain,436,414,14,6,0,2,2919
36,61,plain,420,410,14,6,0,2,2796
36,62,plain,414,401,14,6,0,2,2819
36,63,plain,406,398,14,6,0,2,2742
36,64,plain,413,407,14,6,0,2,2791
36,65,plain,442,415,14,6,0,2,2932
36,66,plain,430,407,14,6,0,2,2851
36,67,plain,421,401,14,6,0,2,2836
36,68,plain,421,404,14,6,0,2,2814
36,69,plain,429,408,14,6,0,2,2877
36,70,plain,413,397,14,6,0,2,2824
36,71,plain,435,412,14,6,0,2,2971
36,72,plain,420,399,14,6,0,2,2835
36,73,plain,408,395,14,6,0,2,2833
36,74,plain,411,397,14,6,0,2,2847
36,75,plain,421,408,14,6,0,2,2854
36,76,plain,420,403,14,6,0,2,2870
36,77,plain,425,407,14,6,0,2,2879
36,78,plain,433,410,14,6,0,2,2901
36,79,plain,419,402,14,6,0,2,2899
36,80,plain,419,404,14,6,0,2,2861
36,81,plain,428,405,14,6,0,2,2936
36,82,plain,420,403,14,6,0,2,2836
36,83,plain,450,429,14,6,0,2,3010
37,1,bracket,430,423,7,1,1,3,2718
37,2,bracket,425,419,8,1,2,3,2932
37,3,bracket,404,396,8,1,2,3,2638
37,4,bracket,441,434,8,1,2,3,2879
37,5,bracket,446,427,8,1,2,3,2859
37,6,bracket,347,334,7,1,1,3,2345
37,7,bracket,414,405,8,1,2,3,2602
37,8,bracket,405,389,7,1,1,3,2532
37,9,bracket,362,351,7,1,1,3,2351
37,10,bracket,409,395,7,1,1,3,2638
37,11,bracket,416,392,7,1,1,3,2598
37,12,bracket,369,359,7,1,1,3,2391
37,13,bracket,402,391,7,1,1,3,2468
37,14,bracket,371,359,7,1,1,3,2258
37,15,bracket,342,332,7,1,1,3,2171
37,16,bracket,288,271,6,1,1,2,1791
37,17,bracket,339,332,7,1,1,3,2147
37,18,bracket,339,330,7,1,1,3,2150
37,19,bracket,317,303,7,1,1,3,1917
37,20,bracket,298,283,7,1,1,3,1863
37,21,bracket,316,303,7,1,1,3,2008
37,22,bracket,280,262,7,1,0,3,1884
37,23,bracket,326,313,7,1,1,3,2040
37,24,bracket,333,322,7,1,1,3,2041
37,25,bracket,278,266,7,1,1,3,1756
37,26,bracket,281,272,7,1,1,3,1749
37,27,bracket,277,265,7,1,1,3,1747
37,28,bracket,306,293,7,1,1,3,1886
37,29,bracket,295,285,7,1,1,3,1899
37,30,bracket,301,286,7,1,1,3,1958
37,31,bracket,293,275,7,1,1,3,1804
37,32,bracket,292,280,7,1,1,3,1838
37,33,bracket,256,245,7,1,1,3,1727
37,34,bracket,240,231,7,1,1,3,1579
37,35,bracket,279,261,7,1,1,3,1775
37,36,bracket,306,293,7,1,1,3,1949
37,37,bracket,256,243,7,1,1,3,1676
37,38,bracket,236,227,7,1,1,3,1597
37,39,bracket,272,256,7,1,1,3,1674
37,40,bracket,262,254,7,1,1,3,1752
37,41,bracket,257,247,7,1,1,3,1756
37,42,bracket,243,235,7,1,1,3,1683
37,43,bracket,229,223,7,1,1,3,1514
37,44,bracket,258,251,7,1,1,3,1770
37,45,bracket,219,208,7,1,1,3,1408
37,46,bracket,241,232,7,1,1,3,1600
37,47,bracket,256,244,7,1,1,3,1729
37,48,bracket,232,219,7,1,1,3,1599
37,49,bracket,216,207,7,1,1,3,1513
37,50,bracket,230,219,7,1,1,3,1435
37,51,bracket,262,248,7,1,1,3,1664
37,52,bracket,242,234,7,1,1,3,1590
37,53,bracket,241,225,7,1,1,3,1549
37,54,bracket,241,228,7,1,1,3,1500
37,55,bracket,196,187,6,1,0,3,1274
37,56,bracket,149,134,5,1,0,3,1028
37,57,bracket,149,136,5,1,0,3,980
37,58,bracket,172,162,5,1,0,3,1123
37,59,bracket,166,153,5,1,0,3,1013
37,60,bracket,189,175,5,1,0,3,1144
37,61,bracket,182,167,5,1,0,3,1082
37,62,bracket,150,136,5,1,0,3,975
37,63,bracket,175,154,5,1,0,3,1122
37,64,bracket,163,148,5,1,0,3,1072
37,65,bracket,180,166,5,1,0,3,1148
37,66,bracket,162,154,5,1,0,3,1038
37,67,bracket,174,160,5,1,0,3,1170
37,68,bracket,156,147,5,1,0,3,1129
37,69,bracket,180,165,5,1,0,3,1184
37,70,bracket,223,202,5,1,0,3,1350
37,71,bracket,184,164,5,1,0,3,1145
37,72,bracket,186,176,5,1,0,3,1110
37,73,bracket,178,164,5,1,0,3,1158
37,74,bracket,179,167,5,1,0,3,1097
37,75,bracket,169,156,5,1,0,3,1070
37,76,bracket,151,142,5,1,0,3,1025
37,77,bracket,174,156,5,1,0,3,1105
37,78,bracket,174,163,5,1,0,3,1112
37,79,bracket,159,150,5,1,0,3,1068
37,80,bracket,171,164,5,1,0,3,1090
37,81,bracket,190,173,5,1,0,3,1233
37,82,bracket,202,184,5,1,0,3,1333
37,83,bracket,174,160,5,1,0,3,1092
37,84,bracket,183,163,5,1,0,3,1154
37,85,bracket,171,161,5,1,0,3,1132
37,86,bracket,163,149,5,1,0,3,1065
37,87,bracket,192,173,5,1,0,3,1207
37,88,bracket,191,165,5,1,0,3,1174
37,89,bracket,171,149,5,1,0,3,1075
37,90,bracket,177,157,5,1,0,3,1094
37,91,bracket,168,155,5,1,0,3,1063
37,92,bracket,177,157,5,1,0,3,1124
37,93,bracket,176,156,5,1,0,3,1118
37,94,bracket,186,173,5,1,0,3,1125
37,95,bracket,184,164,5,1,0,3,1137
37,96,bracket,168,145,5,1,0,3,1066
37,97,bracket,208,174,5,1,0,3,1256
37,98,bracket,175,153,5,1,0,3,1075
37,99,bracket,189,162,5,1,0,3,1137
37,100,bracket,194,164,5,1,0,3,1115
37,101,bracket,164,141,5,1,0,3,1006
37,102,bracket,168,137,5,1,0,3,1006
37,103,bracket,164,142,5,1,0,3,1030
37,104,bracket,164,137,5,1,0,3,1107
37,105,bracket,163,147,5,1,0,3,993
37,106,bracket,164,142,5,1,0,3,1041
37,107,bracket,193,169,5,1,0,3,1198
37,108,bracket,155,147,5,1,0,3,1016
37,109,bracket,174,164,5,1,0,3,1117
37,110,bracket,157,142,5,1,0,3,1027
37,111,bracket,135,124,5,1,0,3,884
37,112,bracket,144,135,5,1,0,3,916
37,113,bracket,180,161,5,1,0,3,1099
37,114,bracket,160,148,5,1,0,3,996
37,115,bracket,162,149,5,1,0,3,1097
37,116,bracket,178,167,5,1,0,3,1101
37,117,bracket,145,134,5,1,0,3,950
37,118,bracket,159,148,5,1,0,3,1015
37,119,bracket,176,168,5,1,0,3,1078
37,120,bracket,159,145,5,1,0,3,945
37,121,bracket,158,145,5,1,0,3,942
37,122,bracket,183,170,5,1,0,3,1102
37,123,bracket,157,144,5,1,0,3,1026
37,124,bracket,153,137,5,1,0,3,1006
37,125,bracket,137,128,5,1,0,3,886
37,126,bracket,136,123,5,1,0,3,851
37,127,bracket,185,161,5,1,0,3,1061
37,128,bracket,143,132,5,1,0,3,883
37,129,bracket,149,138,5,1,0,3,1002
37,130,bracket,143,119,5,1,0,3,930
37,131,bracket,165,147,5,1,0,3,1065
37,132,bracket,168,151,5,1,0,3,1095
37,133,bracket,143,129,5,1,0,3,910
37,134,bracket,145,134,5,1,0,3,895
37,135,bracket,135,127,5,1,0,3,831
37,136,bracket,158,137,5,1,0,3,976
37,137,bracket,190,168,5,1,0,3,1159
37,138,bracket,151,138,5,1,0,3,899
37,139,bracket,215,197,6,1,1,3,1329
37,140,bracket,190,169,5,1,0,3,1167
37,141,bracket,165,140,5,1,0,3,1030
37,142,bracket,147,127,5,1,0,3,928
37,143,bracket,161,148,5,1,0,3,961
37,144,bracket,150,132,5,1,0,3,912
37,145,bracket,136,125,5,1,0,3,919
37,146,bracket,156,138,5,1,0,3,915
37,147,bracket,151,139,5,1,0,3,890
37,148,bracket,210,197,6,1,0,3,1251
37,149,bracket,215,199,5,1,0,3,1359
37,150,bracket,170,156,5,1,0,3,1076
37,151,bracket,137,126,5,1,0,3,865
37,152,bracket,163,153,5,1,0,3,1072
37,153,bracket,183,163,5,1,0,3,1100
37,154,bracket,172,150,5,1,0,3,1095
37,155,bracket,156,143,5,1,0,3,1033
37,156,bracket,136,120,5,1,0,3,896
37,157,bracket,124,111,5,1,0,3,838
37,158,bracket,164,147,5,1,0,3,1003
37,159,bracket,184,161,5,1,0,3,1157
37,160,bracket,185,152,5,1,0,3,1150
37,161,bracket,190,159,5,1,0,3,1204
37,162,bracket,174,155,5,1,0,3,1073
37,163,bracket,176,157,5,1,0,3,1029
37,164,bracket,166,151,5,1,0,3,1029
37,165,bracket,145,132,5,1,0,3,889
37,166,bracket,152,137,5,1,0,3,952
37,167,bracket,142,129,5,1,0,3,945
37,168,bracket,160,140,5,1,0,3,996
37,169,bracket,176,155,5,1,0,3,1059
37,170,bracket,138,127,5,1,0,3,868
37,171,bracket,137,117,5,1,0,3,883
37,172,bracket,162,145,5,1,0,3,949
37,173,bracket,155,144,5,1,0,3,946
37,174,bracket,147,130,5,1,0,3,916
37,175,bracket,162,144,5,1,0,3,965
37,176,bracket,164,147,5,1,0,3,1048
37,177,bracket,163,152,5,1,0,3,1066
37,178,bracket,155,143,5,1,0,3,999
37,179,bracket,150,137,5,1,0,3,927
37,180,bracket,136,129,5,1,0,3,952
37,181,bracket,154,136,5,1,0,3,1030
37,182,bracket,256,235,6,1,1,3,1590
38,1,plain,1025,1018,23,5,0,5,6042
38,2,plain,976,966,26,5,0,6,5749
38,3,plain,966,946,27,5,0,8,5467
38,4,plain,907,885,23,5,0,5,5200
38,5,plain,818,805,19,5,0,4,4784
38,6,plain,725,705,15,4,0,2,4103
38,7,plain,699,681,16,4,0,3,3919
38,8,plain,678,649,17,4,0,3,3896
38,9,plain,626,613,16,4,0,3,3638
38,10,plain,661,639,20,4,0,5,3778
38,11,plain,633,626,14,4,0,1,3619
38,12,plain,559,543,14,4,0,2,3224
38,13,plain,473,458,10,3,0,1,2878
38,14,plain,519,505,14,3,0,3,2979
38,15,plain,593,580,15,3,0,4,3310
38,16,plain,699,684,19,4,0,5,3853
38,17,plain,1006,986,21,6,0,4,5831
38,18,plain,644,626,19,4,0,5,3680
38,19,plain,525,516,15,4,0,3,3066
38,20,plain,773,761,16,4,0,3,4654
38,21,plain,619,605,12,4,0,1,3484
38,22,plain,587,545,11,4,0,1,3339
38,23,plain,659,632,15,4,0,3,3911
38,24,plain,975,918,20,5,0,3,5824
38,25,plain,595,578,15,4,0,3,3514
38,26,plain,799,743,16,5,0,1,4557
38,27,plain,643,611,17,4,0,4,3660
38,28,plain,542,514,14,4,0,3,3232
38,29,plain,632,608,17,4,0,4,3744
38,30,plain,450,434,12,3,0,2,2686
38,31,plain,590,578,15,5,0,2,3414
38,32,plain,576,552,11,4,0,1,3314
38,33,plain,585,571,11,4,0,1,3315
38,34,plain,541,524,11,4,0,1,3068
38,35,plain,551,527,11,4,0,1,3178
38,36,plain,524,508,14,5,0,2,3007
38,37,plain,447,438,11,5,0,1,2658
38,38,plain,445,439,13,6,0,1,2716
38,39,plain,451,440,12,5,0,1,2643
38,40,plain,401,390,11,5,0,1,2315
38,41,plain,488,468,10,4,0,1,2812
38,42,plain,427,413,12,4,0,2,2457
38,43,plain,526,501,12,5,0,1,2968
38,44,plain,527,493,10,3,0,1,3007
38,45,plain,450,437,12,5,0,1,2659
38,46,plain,434,422,12,5,0,1,2525
38,47,plain,432,420,13,6,0,1,2494
38,48,plain,507,496,12,4,0,2,3006
38,49,plain,459,444,13,5,0,1,2710
38,50,plain,388,378,13,3,0,4,2290
38,51,plain,479,469,13,5,0,1,2782
38,52,plain,427,416,13,6,0,1,2568
38,53,plain,470,458,13,6,0,1,2621
38,54,plain,417,407,16,6,0,3,2471
38,55,plain,397,381,13,6,0,1,2313
38,56,plain,455,445,15,7,0,1,2530
38,57,plain,431,414,13,6,0,1,2421
38,58,plain,409,402,13,6,0,1,2382
38,59,plain,430,414,14,6,0,1,2461
38,60,plain,390,369,14,5,0,2,2309
38,61,plain,426,406,11,5,0,1,2450
38,62,plain,422,402,14,5,0,2,2375
38,63,plain,422,408,12,5,0,1,2450
38,64,plain,414,402,11,5,0,1,2474
38,65,plain,426,409,12,5,0,1,2467
38,66,plain,428,412,13,6,0,1,2509
38,67,plain,400,394,13,6,0,1,2277
38,68,plain,399,394,13,6,0,1,2256
38,69,plain,413,402,9,3,0,2,2379
38,70,plain,391,378,11,5,0,1,2279
38,71,plain,541,524,14,6,0,1,3110
38,72,plain,434,417,10,4,0,1,2517
38,73,plain,408,400,13,6,0,1,2429
38,74,plain,395,384,13,6,0,1,2298
38,75,plain,455,426,12,5,0,1,2637
38,76,plain,397,377,11,5,0,1,2325
38,77,plain,414,404,13,6,0,1,2390
38,78,plain,422,409,13,6,0,1,2325
38,79,plain,436,423,13,6,0,1,2526
38,80,plain,393,383,12,5,0,2,2245
38,81,plain,427,420,13,6,0,1,2379
38,82,plain,439,425,13,6,0,1,2593
38,83,plain,423,417,13,6,0,1,2623
38,84,plain,405,394,11,5,0,1,2287
38,85,plain,413,396,15,7,0,1,2437
38,86,plain,389,373,9,4,0,1,2164
38,87,plain,394,385,11,5,0,1,2178
38,88,plain,483,473,10,4,0,1,2705
39,1,plain,798,787,17,5,0,4,4813
39,2,plain,1005,986,23,6,0,5,5924
39,3,plain,919,867,17,5,0,2,5425
39,4,plain,886,857,18,5,0,4,5260
39,5,plain,809,762,15,5,0,3,4585
39,6,plain,835,779,16,5,0,3,4853
39,7,plain,771,705,16,5,0,3,4471
39,8,plain,715,655,12,4,0,1,4219
39,9,plain,772,725,16,5,0,3,4593
39,10,plain,620,581,17,4,0,4,3771
39,11,plain,526,512,13,4,0,2,3135
39,12,plain,578,565,15,4,0,3,3364
39,13,plain,519,504,15,4,0,3,3080
39,14,plain,402,391,10,4,0,1,2427
39,15,plain,545,513,12,4,0,2,3211
39,16,plain,468,442,12,4,0,2,2720
39,17,plain,403,377,8,3,0,1,2398
39,18,plain,439,410,10,3,0,2,2612
39,19,plain,496,476,12,4,0,2,2794
39,20,plain,454,422,12,3,0,3,2713
39,21,plain,449,399,10,3,0,2,2647
39,22,plain,563,527,13,4,0,2,3486
39,23,plain,633,580,13,5,0,2,4007
39,24,plain,537,505,14,4,0,4,3031
39,25,plain,403,388,9,3,0,1,2359
39,26,plain,416,391,9,3,0,1,2522
39,27,plain,385,365,11,3,0,2,2347
39,28,plain,431,419,14,4,0,3,2700
39,29,plain,493,457,11,3,0,3,2946
39,30,plain,360,351,10,3,0,2,2168
39,31,plain,352,340,9,3,0,2,2182
39,32,plain,332,302,7,3,0,1,1994
39,33,plain,452,437,10,3,0,2,2692
39,34,plain,417,401,9,3,0,2,2360
39,35,plain,317,287,10,2,0,3,1877
39,36,plain,356,331,8,3,0,1,2128
39,37,plain,324,308,7,3,0,1,1956
39,38,plain,451,387,10,3,0,2,2671
39,39,plain,382,365,9,3,0,1,2252
39,40,plain,381,364,9,3,0,1,2292
39,41,plain,374,329,10,3,0,3,2200
39,42,plain,446,401,12,3,0,3,2552
39,43,plain,363,343,8,3,0,1,2205
39,44,plain,304,281,9,3,0,2,1889
39,45,plain,354,326,8,3,0,1,2182
39,46,plain,398,371,9,3,0,2,2391
39,47,plain,409,359,9,3,0,2,2409
39,48,plain,356,334,10,3,0,2,2098
39,49,plain,346,306,7,3,0,1,2012
39,50,plain,355,338,9,3,0,1,2181
39,51,plain,398,363,12,4,0,2,2413
39,52,plain,426,402,10,3,0,1,2629
39,53,plain,617,585,16,4,0,4,3816
39,54,plain,399,379,12,3,0,4,2391
39,55,plain,359,331,8,3,0,1,2248
39,56,plain,411,388,10,4,0,1,2410
39,57,plain,425,408,10,4,0,1,2376
39,58,plain,383,362,10,3,0,2,2148
39,59,plain,315,296,10,3,0,2,2009
39,60,plain,379,352,10,3,0,2,2260
39,61,plain,413,394,9,3,0,1,2458
39,62,plain,363,349,9,3,0,1,2048
39,63,plain,351,324,11,3,0,3,2070
39,64,plain,306,293,8,3,0,1,1880
39,65,plain,324,290,9,3,0,2,1942
39,66,plain,338,330,11,3,0,2,2106
39,67,plain,456,410,9,3,0,2,2667
39,68,plain,354,318,10,3,0,2,2194
39,69,plain,352,312,11,4,0,2,2130
39,70,plain,324,304,9,3,0,1,1844
39,71,plain,350,279,7,3,0,1,2104
39,72,plain,283,263,8,3,0,1,1680
39,73,plain,372,327,9,3,0,2,2280
39,74,plain,319,278,7,3,0,1,1878
39,75,plain,508,470,12,4,0,2,2989
40,1,plain,782,779,11,5,0,1,4813
40,2,plain,828,816,11,5,0,1,5239
40,3,plain,1185,1159,12,5,0,1,7343
40,4,plain,1447,1419,17,6,0,2,8544
40,5,plain,1040,1000,13,6,0,1,6321
40,6,plain,842,820,11,5,0,1,4996
40,7,plain,1274,1225,14,5,0,1,7910
40,8,plain,1150,1120,14,5,0,2,6871
40,9,plain,1125,1101,14,4,0,2,6519
40,10,plain,922,897,12,4,0,2,5544
40,11,plain,1023,996,13,4,0,2,5964
40,12,plain,890,861,12,5,0,1,5281
40,13,plain,949,920,12,4,0,2,5611
40,14,plain,1119,1102,16,5,0,3,6753
40,15,plain,1292,1261,18,6,0,3,7721
40,16,plain,958,935,15,5,0,3,5670
40,17,plain,924,900,12,4,0,2,5396
40,18,plain,1091,1054,10,4,0,1,6553
40,19,plain,1149,1136,17,5,0,3,6677
40,20,plain,956,928,11,5,0,1,5663
40,21,plain,789,742,11,4,0,2,4717
40,22,plain,706,679,8,3,0,1,4427
40,23,plain,748,735,11,5,0,1,4516
40,24,plain,1177,1165,13,6,0,1,6942
40,25,plain,1006,973,13,5,0,2,6000
40,26,plain,792,762,9,3,0,2,4612
40,27,plain,784,760,13,5,0,2,4697
40,28,plain,1470,1398,17,6,0,2,8497
40,29,plain,1119,1072,13,6,0,1,6586
40,30,plain,639,593,7,3,0,1,3799
40,31,plain,628,614,7,3,0,1,3646
40,32,plain,790,776,9,4,0,1,4441
40,33,plain,833,811,9,4,0,1,4742
40,34,plain,885,838,11,5,0,1,5339
40,35,plain,1103,1058,14,5,0,2,6681
40,36,plain,1025,1008,12,5,0,1,6122
40,37,plain,1225,1174,13,6,0,1,7233
40,38,plain,921,899,9,4,0,1,5433
40,39,plain,946,926,13,5,0,2,5695
40,40,plain,1148,1117,11,5,0,1,6763
40,41,plain,902,885,11,5,0,1,5155
40,42,plain,853,825,11,4,0,1,5135
40,43,plain,933,894,11,4,0,1,5408
40,44,plain,988,968,13,4,0,2,5872
40,45,plain,942,918,11,5,0,1,5645
40,46,plain,1177,1148,17,5,0,4,7071
40,47,plain,580,531,7,3,0,1,3529
40,48,plain,737,678,9,3,0,2,4327
40,49,plain,797,738,8,3,0,1,4680
40,50,plain,641,615,7,3,0,1,3749
40,51,plain,972,946,13,5,0,2,5769
40,52,plain,858,834,9,4,0,1,4956
40,53,plain,972,954,11,5,0,1,5706
40,54,plain,833,822,10,4,0,1,4951
40,55,plain,1369,1342,10,4,0,1,8267
40,56,plain,971,928,12,5,0,1,5849
40,57,plain,933,911,12,5,0,1,5530
40,58,plain,948,920,10,4,0,1,5616
40,59,plain,868,850,9,4,0,1,5029
40,60,plain,1188,1162,17,5,0,4,6990
40,61,plain,940,902,10,4,0,1,5462
40,62,plain,619,580,7,3,0,1,3720
40,63,plain,820,771,11,5,0,1,5039
40,64,plain,1067,1018,11,5,0,1,6370
40,65,plain,871,842,11,4,0,2,5131
40,66,plain,926,891,11,5,0,1,5456
40,67,plain,1088,1026,14,5,0,2,6442
40,68,plain,767,741,9,4,0,1,4624
40,69,plain,684,666,9,4,0,1,4179
40,70,plain,715,697,11,5,0,1,4364
40,71,plain,766,751,9,4,0,1,4608
40,72,plain,715,702,9,4,0,1,4282
40,73,plain,947,897,11,5,0,1,5498
40,74,plain,662,637,10,4,0,1,4132
40,75,plain,619,601,10,4,0,1,3944
40,76,plain,877,877,10,5,0,1,5211
40,77,plain,813,782,11,5,0,1,4834
40,78,plain,1821,1764,14,12,0,1,10924
40,79,plain,785,768,11,5,0,1,4647
40,80,plain,745,714,9,4,0,1,4458
40,81,plain,710,695,11,5,0,1,4444
40,82,plain,741,698,11,5,0,1,4521
40,83,plain,784,756,11,5,0,1,4688
40,84,plain,736,712,11,5,0,1,4510
40,85,plain,848,821,13,6,0,1,5261
41,1,plain,871,869,13,4,0,2,5469
41,2,plain,802,795,12,4,0,2,5028
41,3,plain,866,850,11,4,0,2,5462
41,4,plain,800,778,11,4,0,2,4971
41,5,plain,939,898,10,4,0,1,5635
41,6,plain,1083,1048,14,5,0,3,6611
41,7,plain,832,820,14,4,0,4,5177
41,8,plain,813,799,11,4,0,2,5169
41,9,plain,839,809,9,4,0,1,5174
41,10,plain,933,908,12,4,0,2,5861
41,11,plain,761,735,9,4,0,1,4794
41,12,plain,894,856,9,4,0,1,5515
41,13,plain,829,809,9,4,0,1,5388
41,14,plain,921,882,10,4,0,2,5745
41,15,plain,906,866,13,4,0,3,5785
41,16,plain,896,854,15,4,0,4,5591
41,17,plain,859,832,9,4,0,1,5536
41,18,plain,834,825,11,4,0,2,5301
41,19,plain,762,743,9,4,0,1,4731
41,20,plain,858,833,9,4,0,1,5304
41,21,plain,906,868,11,4,0,2,5432
41,22,plain,944,913,14,4,0,4,5838
41,23,plain,882,861,12,4,0,3,5505
41,24,plain,901,877,11,4,0,2,5578
41,25,plain,910,863,11,4,0,2,5729
41,26,plain,840,819,11,4,0,2,5595
41,27,plain,832,805,11,4,0,2,5335
41,28,plain,790,764,9,4,0,1,5202
41,29,plain,803,770,11,4,0,2,5043
41,30,plain,866,834,13,4,0,3,5731
41,31,plain,872,841,9,4,0,1,5690
41,32,plain,728,722,9,4,0,1,4750
41,33,plain,842,818,9,4,0,1,5434
41,34,plain,918,881,13,4,0,3,5815
41,35,plain,802,781,9,4,0,1,5232
41,36,plain,865,846,14,4,0,4,5648
41,37,plain,911,875,9,4,0,1,5709
41,38,plain,810,789,9,4,0,1,5201
41,39,plain,833,789,9,4,0,1,5176
41,40,plain,871,827,9,4,0,1,5703
41,41,plain,801,782,9,4,0,1,5292
41,42,plain,821,803,9,4,0,1,5473
41,43,plain,866,836,9,4,0,1,5627
41,44,plain,1168,1102,13,5,0,2,7565
41,45,plain,934,892,9,4,0,1,6177
41,46,plain,949,920,9,4,0,1,6061
41,47,plain,945,891,11,4,0,2,6100
41,48,plain,884,862,11,4,0,2,5666
41,49,plain,926,910,11,4,0,2,6129
41,50,plain,1087,1015,9,4,0,1,6982
41,51,plain,909,888,9,4,0,1,6213
41,52,plain,967,944,9,4,0,1,6204
41,53,plain,1149,1114,11,5,0,1,7840
41,54,plain,1022,1005,9,4,0,1,6942
42,1,plain,774,772,7,3,0,1,4663
42,2,plain,619,616,7,3,0,1,3714
42,3,plain,810,794,13,3,0,4,4894
42,4,plain,672,651,7,3,0,1,4029
42,5,plain,902,870,15,4,0,5,5435
42,6,plain,779,757,9,4,0,1,4670
42,7,plain,991,939,16,4,0,5,5720
42,8,plain,759,728,11,4,0,2,4562
42,9,plain,820,793,10,4,0,2,4928
42,10,plain,924,897,14,4,0,4,5527
42,11,plain,1103,1062,14,5,0,3,6671
42,12,plain,938,911,13,4,0,3,5596
42,13,plain,1153,1088,17,4,0,5,7083
42,14,plain,1078,1020,14,4,0,4,6621
42,15,plain,1164,1090,19,5,0,5,7121
42,16,plain,919,885,12,4,0,3,5722
42,17,plain,908,885,16,4,0,5,5390
42,18,plain,908,874,15,4,0,5,5270
42,19,plain,913,894,12,4,0,3,5481
42,20,plain,956,919,15,4,0,5,5573
42,21,plain,978,937,14,4,0,4,6059
42,22,plain,1020,973,16,4,0,5,6089
42,23,plain,1400,1350,17,5,0,5,8385
42,24,plain,1052,1012,16,4,0,5,6375
42,25,plain,1100,1081,15,4,0,5,6540
42,26,plain,1050,1022,14,4,0,4,6276
42,27,plain,1147,1112,18,5,0,5,6939
42,28,plain,1012,988,14,4,0,4,5857
42,29,plain,929,896,13,4,0,3,5532
42,30,plain,963,946,14,4,0,4,5884
42,31,plain,944,929,15,4,0,5,5631
42,32,plain,936,925,13,4,0,4,5323
42,33,plain,823,797,9,4,0,1,4813
42,34,plain,903,887,12,4,0,3,5283
42,35,plain,882,866,12,4,0,3,5137
42,36,plain,946,911,11,4,0,3,5713
42,37,plain,1256,1242,21,5,0,7,7669
42,38,plain,1454,1430,22,6,0,6,8955
42,39,plain,992,983,16,5,0,4,6324
42,40,plain,987,958,17,4,0,6,5889
42,41,plain,832,816,11,4,0,2,5125
42,42,plain,832,806,9,4,0,1,5114
42,43,plain,1003,989,17,4,0,7,6127
42,44,plain,1028,1001,13,4,0,4,6147
42,45,plain,1117,1073,11,4,0,3,6656
42,46,plain,785,766,13,3,0,5,4547
42,47,plain,1156,1128,16,4,0,5,6602
42,48,plain,1126,1071,15,4,0,5,6765
42,49,plain,1088,1060,18,5,0,5,6512
42,50,plain,1135,1116,12,4,0,3,6741
42,51,plain,1302,1259,18,5,0,5,7451
42,52,plain,1404,1362,22,5,0,7,8266
42,53,plain,1331,1306,15,5,0,4,7756
43,1,plain,524,520,15,4,0,6,3668
43,2,plain,529,523,17,4,0,7,3627
43,3,plain,529,514,15,4,0,6,3689
43,4,plain,528,511,16,4,0,6,3571
43,5,plain,526,509,18,4,0,7,3603
43,6,plain,492,479,15,4,0,6,3302
43,7,plain,495,480,16,4,0,6,3406
43,8,plain,491,471,15,4,0,6,3402
43,9,plain,522,498,16,4,0,6,3566
43,10,plain,510,485,17,4,0,7,3433
43,11,plain,526,503,16,4,0,6,3500
43,12,plain,504,484,16,4,0,6,3385
43,13,plain,524,484,17,4,0,7,3492
43,14,plain,481,472,18,4,0,7,3299
43,15,plain,520,500,18,5,0,6,3502
43,16,plain,489,472,17,4,0,9,3287
43,17,plain,515,484,17,4,0,7,3348
43,18,plain,507,493,15,4,0,6,3520
43,19,plain,494,464,19,4,0,7,3432
43,20,plain,552,528,18,5,0,6,3762
43,21,plain,473,458,18,4,0,7,3266
43,22,plain,484,463,16,4,0,6,3305
43,23,plain,495,460,16,4,0,6,3376
43,24,plain,485,454,16,4,0,6,3242
43,25,plain,476,459,17,4,0,6,3235
43,26,plain,493,471,17,4,0,6,3397
43,27,plain,491,478,18,4,0,9,3285
43,28,plain,486,469,19,4,0,7,3351
43,29,plain,480,460,16,4,0,6,3126
43,30,plain,472,451,16,4,0,6,3153
43,31,plain,499,477,18,4,0,7,3253
43,32,plain,587,530,19,5,0,7,4027
43,33,plain,500,468,17,4,0,6,3329
43,34,plain,493,483,16,4,0,6,3253
43,35,plain,501,469,18,4,0,7,3293
43,36,plain,495,470,18,4,0,7,3397
43,37,plain,474,457,16,4,0,6,3371
43,38,plain,504,475,16,4,0,6,3347
43,39,plain,503,483,17,4,0,6,3323
43,40,plain,484,465,16,4,0,6,3177
43,41,plain,499,485,18,5,0,6,3294
43,42,plain,468,448,16,4,0,6,3138
43,43,plain,500,480,17,4,0,4,3244
43,44,plain,488,471,20,5,0,7,3270
43,45,plain,480,457,16,4,0,6,3293
43,46,plain,488,460,17,4,0,6,3250
43,47,plain,484,470,17,5,0,6,3252
43,48,plain,474,445,16,4,0,6,3207
43,49,plain,505,477,17,5,0,6,3331
43,50,plain,463,450,17,4,0,7,3008
43,51,plain,488,455,18,5,0,9,3274
43,52,plain,476,459,17,4,0,7,3040
43,53,plain,460,440,15,4,0,6,3096
43,54,plain,493,473,18,5,0,4,3342
43,55,plain,490,472,20,5,0,7,3269
43,56,plain,502,486,18,5,0,6,3309
43,57,plain,507,486,17,5,0,6,3315
43,58,plain,480,453,18,4,0,7,3182
43,59,plain,490,468,19,5,0,7,3328
43,60,plain,477,459,18,4,0,9,3207
43,61,plain,531,507,19,5,0,7,3426
43,62,plain,446,429,17,4,0,9,3022
43,63,plain,519,485,19,5,0,6,3511
43,64,plain,496,478,18,5,0,6,3389
43,65,plain,515,493,18,5,0,6,3490
43,66,plain,484,465,19,5,0,7,3222
43,67,plain,512,496,19,4,0,7,3441
43,68,plain,515,495,18,5,0,6,3355
43,69,plain,487,475,17,4,0,6,3270
43,70,plain,499,488,19,5,0,6,3340
43,71,plain,524,498,19,5,0,5,3432
43,72,plain,510,493,18,5,0,4,3341
43,73,plain,497,484,18,5,0,6,3328
43,74,plain,485,473,17,4,0,6,3194
43,75,plain,480,466,18,4,0,9,3228
43,76,plain,493,478,19,5,0,7,3303
43,77,plain,511,488,17,5,0,6,3291
43,78,plain,501,483,18,5,0,6,3360
43,79,plain,482,469,18,5,0,6,3255
43,80,plain,492,467,19,5,0,7,3325
43,81,plain,530,512,19,5,0,6,3574
43,82,plain,500,477,20,5,0,7,3344
43,83,plain,508,487,18,5,0,6,3368
43,84,plain,498,477,19,5,0,6,3264
43,85,plain,516,481,18,5,0,4,3329
43,86,plain,525,500,22,5,0,10,3692
43,87,plain,516,496,18,5,0,6,3437
43,88,plain,511,493,18,5,0,6,3324
43,89,plain,698,685,24,6,0,7,4746
44,1,plain,1006,1004,12,4,0,2,6046
44,2,plain,936,932,11,5,0,1,5361
44,3,plain,1208,1194,13,5,0,2,7099
44,4,plain,1128,1121,12,5,0,1,6735
44,5,plain,902,892,11,5,0,1,5366
44,6,plain,839,826,11,4,0,2,4927
44,7,plain,898,881,11,5,0,1,5439
44,8,plain,1013,991,11,5,0,1,5982
44,9,plain,957,950,11,5,0,1,5726
44,10,plain,958,945,13,5,0,2,5623
44,11,plain,758,750,9,4,0,1,4586
44,12,plain,937,926,11,5,0,1,5524
44,13,plain,897,881,11,5,0,1,5406
44,14,plain,884,872,11,5,0,1,5454
44,15,plain,948,936,11,5,0,1,5789
44,16,plain,975,961,11,5,0,1,5950
44,17,plain,986,969,11,5,0,1,6015
44,18,plain,965,952,11,5,0,1,5866
44,19,plain,978,963,11,5,0,1,6068
44,20,plain,1004,990,11,5,0,1,6061
44,21,plain,913,902,11,5,0,1,5596
44,22,plain,973,962,13,5,0,2,5832
44,23,plain,955,943,11,5,0,1,5549
44,24,plain,1047,1034,11,5,0,1,6067
44,25,plain,1052,1043,13,5,0,2,6346
44,26,plain,940,934,11,5,0,1,5740
44,27,plain,988,982,11,5,0,1,6071
44,28,plain,1099,1089,11,5,0,1,6571
44,29,plain,1122,1110,11,5,0,1,6688
44,30,plain,1012,1001,11,5,0,1,6194
44,31,plain,1021,1012,11,5,0,1,6252
44,32,plain,1092,1085,11,5,0,1,6608
44,33,plain,1136,1126,11,5,0,1,6783
44,34,plain,787,784,9,4,0,1,4796
44,35,plain,1176,1163,11,5,0,1,6899
44,36,plain,1096,1088,11,5,0,1,6431
44,37,plain,1144,1125,11,5,0,1,6971
44,38,plain,1177,1160,11,5,0,1,7115
44,39,plain,1209,1195,11,5,0,1,7024
44,40,plain,1071,1061,11,5,0,1,6317
44,41,plain,1307,1290,11,5,0,1,7633
44,42,plain,1265,1250,11,5,0,1,7403
44,43,plain,896,891,9,4,0,1,5273
44,44,plain,930,924,9,4,0,1,5515
44,45,plain,919,912,9,4,0,1,5450
44,46,plain,1028,1022,9,4,0,1,5919
44,47,plain,1236,1226,11,5,0,1,7171
44,48,plain,1042,1032,9,4,0,1,6186
44,49,plain,1010,1002,9,4,0,1,5891
44,50,plain,992,984,9,4,0,1,5789
44,51,plain,1243,1235,11,5,0,1,7435
44,52,plain,1024,1020,9,4,0,1,6147
44,53,plain,995,986,9,4,0,1,5991
44,54,plain,1089,1078,9,4,0,1,6486
44,55,plain,1032,1025,9,4,0,1,6149
44,56,plain,1314,1295,11,5,0,1,7655
44,57,plain,1146,1136,9,4,0,1,6722
44,58,plain,1292,1278,11,5,0,1,7686
44,59,plain,1208,1196,9,4,0,1,6970
45,1,plain,1251,1249,13,5,0,2,7395
45,2,plain,1439,1428,17,6,0,6,8647
45,3,plain,1569,1558,19,6,0,5,9129
45,4,plain,1732,1712,21,6,0,10,9991
45,5,plain,1895,1851,23,6,0,11,10691
45,6,plain,1539,1514,13,6,0,1,8679
45,7,plain,1511,1506,13,6,0,1,8372
45,8,plain,1480,1452,15,5,0,4,8563
45,9,plain,1484,1461,13,6,0,1,8856
45,10,plain,1670,1639,17,6,0,3,10090
45,11,plain,1162,1141,13,5,0,2,7400
45,12,plain,1447,1414,15,6,0,2,9383
45,13,plain,1303,1276,15,5,0,5,8276
45,14,plain,2004,1976,17,7,0,2,12654
45,15,plain,1274,1247,15,5,0,4,8322
45,16,plain,1213,1186,11,5,0,1,8245
45,17,plain,1628,1584,17,5,0,4,10601
45,18,plain,1225,1201,12,5,0,1,7940
45,19,plain,1344,1318,15,5,0,3,9202
45,20,plain,1356,1341,15,5,0,4,9068
45,21,plain,1329,1293,13,5,0,2,8807
45,22,plain,1164,1135,15,5,0,3,7751
45,23,plain,1562,1519,19,6,0,4,10309
45,24,plain,1384,1351,17,6,0,3,9155
45,25,plain,1458,1432,17,6,0,4,9511
45,26,plain,1437,1405,17,7,0,2,9317
45,27,plain,1087,1059,11,5,0,1,7088
45,28,plain,1326,1298,17,6,0,3,8980
45,29,plain,1281,1263,21,6,0,7,8358
45,30,plain,1058,1035,13,5,0,2,6930
45,31,plain,1009,987,13,5,0,2,6759
45,32,plain,1188,1151,15,5,0,4,7773
45,33,plain,975,952,11,5,0,1,6675
45,34,plain,1226,1197,17,6,0,3,8142
45,35,plain,1222,1188,17,6,0,4,8072
45,36,plain,922,905,13,4,0,3,6043
45,37,plain,1110,1093,13,5,0,2,7347
46,1,plain,838,836,13,5,0,2,5227
46,2,plain,678,667,11,4,0,2,4111
46,3,plain,795,760,16,4,0,5,4801
46,4,plain,758,712,10,4,0,2,4682
46,5,plain,721,690,14,4,0,4,4445
46,6,plain,720,705,15,4,0,4,4339
46,7,plain,688,661,12,4,0,3,4406
46,8,plain,732,683,13,4,0,4,4428
46,9,plain,823,784,15,4,0,5,4970
46,10,plain,839,797,13,4,0,3,5112
46,11,plain,778,740,13,4,0,3,4793
46,12,plain,710,676,14,4,0,4,4313
46,13,plain,796,775,17,4,0,5,4842
46,14,plain,730,711,17,4,0,5,4365
46,15,plain,1104,1008,18,4,0,6,6664
46,16,plain,793,756,13,4,0,4,4791
46,17,plain,907,850,14,4,0,4,5405
46,18,plain,780,755,15,4,0,5,4760
46,19,plain,821,794,17,4,0,7,5052
46,20,plain,884,833,16,4,0,5,5479
46,21,plain,807,767,14,4,0,4,4857
46,22,plain,747,718,13,4,0,4,4580
46,23,plain,750,722,17,4,0,5,4606
46,24,plain,882,848,17,4,0,5,5266
46,25,plain,765,740,11,4,0,3,4802
46,26,plain,888,842,15,4,0,5,5335
46,27,plain,766,748,11,4,0,2,4756
46,28,plain,861,823,16,4,0,6,5443
46,29,plain,805,767,15,4,0,4,4933
46,30,plain,772,742,11,4,0,2,4709
46,31,plain,803,777,14,4,0,4,4972
46,32,plain,722,700,15,4,0,5,4482
46,33,plain,893,858,19,4,0,7,5290
46,34,plain,875,843,16,4,0,5,5208
46,35,plain,1189,1133,22,4,0,8,7113
47,1,plain,2884,2868,37,8,0,4,16651
47,2,plain,2804,2767,33,8,0,2,16896
47,3,plain,2313,2285,31,7,0,3,13591
47,4,plain,3747,3667,47,9,0,5,22310
47,5,plain,1789,1780,24,5,0,2,10228
47,6,plain,2172,2159,32,6,0,5,12733
47,7,plain,2543,2526,51,7,0,14,14775
47,8,plain,2339,2323,38,7,0,6,13583
47,9,plain,2507,2487,39,7,0,8,14662
47,10,plain,2227,2199,36,6,0,7,13340
47,11,plain,2171,2154,40,6,0,10,12601
47,12,plain,2354,2317,44,7,0,11,14035
47,13,plain,2365,2341,35,7,0,4,13619
47,14,plain,2209,2179,43,6,0,9,13162
47,15,plain,3180,3104,61,11,0,10,19016
47,16,plain,2077,2037,37,7,0,6,12423
47,17,plain,2197,2182,45,7,0,10,12957
47,18,plain,2311,2278,49,5,0,16,13602
47,19,plain,2543,2510,48,6,0,10,15356
47,20,plain,2206,2161,38,7,0,5,13011
47,21,plain,2421,2396,47,7,0,8,13987
47,22,plain,2291,2273,51,7,0,13,13722
47,23,plain,1791,1777,38,6,0,9,10697
47,24,plain,2091,2077,48,7,0,10,12382
47,25,plain,2112,2090,48,6,0,13,12535
47,26,plain,2269,2239,41,6,0,10,13411
47,27,plain,1440,1424,35,4,0,13,8335
47,28,plain,1764,1740,29,5,0,4,10306
47,29,plain,1696,1679,33,5,0,6,10044
47,30,plain,2049,2014,42,6,0,8,12112
47,31,plain,2111,2087,38,5,0,8,12418
47,32,plain,1729,1688,35,5,0,11,10238
47,33,plain,1845,1827,44,6,0,12,10874
47,34,plain,1710,1688,33,5,0,7,10061
47,35,plain,2030,2004,36,6,0,5,12004
47,36,plain,2072,2043,47,7,0,12,12130
47,37,plain,1974,1954,38,7,0,6,11651
47,38,plain,2642,2577,49,8,0,10,15310
48,1,plain,787,779,20,4,0,4,4788
48,2,plain,751,722,20,4,0,4,4805
48,3,plain,655,645,19,4,0,4,4129
48,4,plain,737,696,19,4,0,4,4580
48,5,plain,674,638,17,4,0,3,4258
48,6,plain,816,765,20,5,0,4,5136
48,7,plain,605,589,17,4,0,3,3774
48,8,plain,590,574,18,4,0,4,3728
48,9,plain,638,618,20,4,0,4,4120
48,10,plain,671,622,17,4,0,3,4255
48,11,plain,732,668,18,4,0,3,4513
48,12,plain,685,651,19,5,0,3,4347
48,13,plain,547,526,16,3,0,3,3403
48,14,plain,621,595,19,4,0,4,3956
48,15,plain,679,625,17,4,0,2,4184
48,16,plain,708,652,20,5,0,4,4494
48,17,plain,694,647,21,5,0,4,4416
48,18,plain,709,672,20,5,0,3,4500
48,19,plain,547,535,16,4,0,3,3431
48,20,plain,639,596,16,4,0,2,3907
48,21,plain,578,556,17,4,0,3,3584
48,22,plain,556,533,16,4,0,3,3539
48,23,plain,571,546,17,4,0,3,3735
48,24,plain,687,651,18,5,0,2,4238
48,25,plain,976,885,25,6,0,4,6173
48,26,plain,879,825,24,5,0,4,5360
48,27,plain,823,777,23,5,0,4,5025
48,28,plain,667,639,20,4,0,4,4240
48,29,plain,1605,1498,41,8,0,6,10139
49,1,plain,1724,1705,32,7,0,7,10337
49,2,plain,1858,1822,31,7,0,7,11151
49,3,plain,1802,1772,39,8,0,9,10678
49,4,plain,1853,1839,39,8,0,9,11048
49,5,plain,1742,1720,42,8,0,11,10344
49,6,plain,2058,2025,41,9,0,7,12626
49,7,plain,2003,1950,53,7,0,14,12388
49,8,plain,1562,1549,37,7,0,11,9239
49,9,plain,2047,1998,48,8,0,11,12534
49,10,plain,2076,2056,57,9,0,20,12648
49,11,plain,2659,2596,54,10,0,11,16220
49,12,plain,3002,2953,58,11,0,10,18333
49,13,plain,3038,2992,62,11,0,12,17936
49,14,plain,2131,2086,50,8,0,13,12953
49,15,plain,1997,1961,45,8,0,10,11972
49,16,plain,1808,1779,48,8,0,15,10640
49,17,plain,1760,1717,44,7,0,14,10496
49,18,plain,1858,1841,40,7,0,8,11058
50,1,plain,2022,2017,23,7,0,2,12050
50,2,plain,1573,1549,20,7,0,4,9064
50,3,plain,1754,1740,19,7,0,1,10010
50,4,plain,1325,1307,18,6,0,2,7833
50,5,plain,1551,1533,21,7,0,2,9200
50,6,plain,1713,1692,19,6,0,2,9838
50,7,plain,1784,1766,20,7,0,1,10378
50,8,plain,1320,1308,16,5,0,3,7631
50,9,plain,1777,1760,18,5,0,2,10113
50,10,plain,1416,1407,17,5,0,2,8161
50,11,plain,1364,1346,16,5,0,2,7771
50,12,plain,1616,1603,17,6,0,1,9510
50,13,plain,1493,1484,16,5,0,1,8433
50,14,plain,1507,1488,14,5,0,1,8699
50,15,plain,1640,1622,15,5,0,1,9369
50,16,plain,1772,1748,17,5,0,1,10192
50,17,plain,1406,1393,14,6,0,1,7981
50,18,plain,1582,1571,24,6,0,6,8712
50,19,plain,1570,1555,21,6,0,3,8962
50,20,plain,1326,1314,18,6,0,3,7520
50,21,plain,1338,1327,18,6,0,2,7643
50,22,plain,1543,1523,21,6,0,3,8709
50,23,plain,1291,1281,16,5,0,3,7245
50,24,plain,1274,1266,14,6,0,1,7409
50,25,plain,1548,1540,23,6,0,2,8849
50,26,plain,1356,1343,21,6,0,1,7710
50,27,plain,1647,1629,23,7,0,1,9336
50,28,plain,1181,1166,17,5,0,1,6554
50,29,plain,1388,1374,21,6,0,2,7740
50,30,plain,1337,1320,23,6,0,2,7451
50,31,plain,1273,1261,19,6,0,1,7092
50,32,plain,1151,1138,18,5,0,1,6551
50,33,plain,1340,1328,23,5,0,3,7548
50,34,plain,1122,1112,16,5,0,1,6363
50,35,plain,1169,1156,17,5,0,1,6593
50,36,plain,1074,1051,16,5,0,1,6077
50,37,plain,1330,1311,20,5,0,2,7532
50,38,plain,1401,1379,20,6,0,1,7907
50,39,plain,1215,1195,20,5,0,3,6872
50,40,plain,1253,1241,20,5,0,3,7145
50,41,plain,1201,1188,17,5,0,1,6703
50,42,plain,1125,1110,16,5,0,1,6184
50,43,plain,1131,1115,18,5,0,2,6218
50,44,plain,1239,1221,17,5,0,1,6993
50,45,plain,1453,1430,20,6,0,1,8171
51,1,plain,1086,1080,15,6,0,2,6448
51,2,plain,946,939,19,6,0,4,5521
51,3,plain,907,901,15,6,0,2,5347
51,4,plain,961,954,21,6,0,5,5746
51,5,plain,992,985,15,6,0,2,5851
51,6,plain,978,970,19,6,0,4,5836
51,7,plain,948,943,17,6,0,3,5506
51,8,plain,857,851,15,6,0,2,5271
51,9,plain,1028,1017,18,6,0,4,6094
51,10,plain,899,895,16,6,0,3,5418
51,11,plain,919,912,16,6,0,3,5426
51,12,plain,861,854,21,5,0,6,4892
51,13,plain,889,880,13,6,0,1,5133
51,14,plain,847,837,22,5,0,7,5072
51,15,plain,980,971,21,6,0,5,5797
51,16,plain,971,957,19,6,0,4,5717
51,17,plain,885,878,17,5,0,4,5096
51,18,plain,1005,999,21,5,0,6,5817
51,19,plain,1008,995,19,5,0,5,5883
51,20,plain,1033,1024,20,6,0,5,5979
51,21,plain,970,961,17,5,0,4,5576
51,22,plain,1101,1089,22,6,0,6,6236
51,23,plain,1004,984,13,6,0,1,5782
51,24,plain,934,926,13,6,0,1,5565
51,25,plain,853,840,16,5,0,4,5121
51,26,plain,860,847,17,5,0,4,5040
51,27,plain,952,941,17,6,0,3,5359
51,28,plain,1027,1007,17,6,0,3,6066
51,29,plain,844,825,15,5,0,3,4909
51,30,plain,839,825,13,5,0,2,4794
51,31,plain,758,750,13,5,0,2,4549
51,32,plain,813,803,13,5,0,2,4817
51,33,plain,789,782,17,5,0,4,4605
51,34,plain,846,839,15,5,0,3,4894
51,35,plain,832,822,14,5,0,3,4823
51,36,plain,813,802,14,5,0,3,4760
51,37,plain,836,823,15,5,0,3,4819
51,38,plain,877,860,13,5,0,2,5237
51,39,plain,899,885,14,5,0,3,5261
51,40,plain,823,806,13,5,0,2,4805
51,41,plain,897,882,15,5,0,3,5046
51,42,plain,855,839,17,5,0,4,4901
51,43,plain,888,870,18,5,0,5,5145
51,44,plain,864,846,19,5,0,5,5277
51,45,plain,833,820,15,5,0,3,4831
51,46,plain,877,864,13,5,0,2,5097
51,47,plain,885,874,13,5,0,2,5136
51,48,plain,813,805,17,5,0,5,4799
51,49,plain,899,887,14,5,0,3,5281
51,50,plain,1187,1173,23,6,0,6,6881
51,51,plain,1067,1047,20,6,0,5,6083
51,52,plain,947,929,19,6,0,4,5499
51,53,plain,846,833,13,5,0,2,5125
51,54,plain,863,852,18,5,0,5,5125
51,55,plain,872,863,13,5,0,2,5255
51,56,plain,1312,1301,23,7,0,5,7723
51,57,plain,907,892,13,5,0,2,5392
51,58,plain,946,935,13,5,0,2,5685
51,59,plain,1084,1061,15,6,0,2,6242
51,60,plain,1104,1090,13,6,0,1,6362
52,1,plain,1202,1199,25,6,0,8,7274
52,2,plain,1125,1120,21,6,0,5,6891
52,3,plain,1053,1050,21,5,0,6,6382
52,4,plain,1217,1213,27,6,0,8,7422
52,5,plain,1175,1171,24,6,0,7,7041
52,6,plain,1240,1234,30,6,0,10,7218
52,7,plain,1227,1219,23,6,0,6,7691
52,8,plain,1133,1129,19,6,0,4,6903
52,9,plain,1052,1042,26,6,0,8,6492
52,10,plain,1097,1090,28,6,0,10,6917
52,11,plain,1129,1123,20,6,0,5,6959
52,12,plain,1237,1232,33,6,0,11,7609
52,13,plain,1179,1167,27,6,0,8,7316
52,14,plain,1186,1177,30,6,0,10,7253
52,15,plain,1160,1152,24,6,0,7,7293
52,16,plain,1281,1255,31,6,0,11,8021
52,17,plain,1078,1069,30,6,0,10,6998
52,18,plain,1201,1182,35,6,0,12,7573
52,19,plain,1079,1067,24,6,0,7,6921
52,20,plain,1140,1128,27,6,0,10,7431
52,21,plain,1312,1272,28,6,0,9,8388
52,22,plain,1024,1012,32,6,0,11,6734
52,23,plain,1037,1019,27,6,0,9,6863
52,24,plain,1054,1040,25,6,0,7,6939
52,25,plain,904,894,23,5,0,7,5908
52,26,plain,1063,1053,28,6,0,9,6810
52,27,plain,1077,1061,27,6,0,8,6899
52,28,plain,1124,1110,32,6,0,11,7316
52,29,plain,1025,1008,23,6,0,6,6861
52,30,plain,1065,1050,28,6,0,9,6793
52,31,plain,797,787,17,5,0,4,5491
52,32,plain,863,850,17,5,0,4,6017
52,33,plain,881,868,20,5,0,6,6052
52,34,plain,898,885,21,5,0,6,6079
52,35,plain,1058,1048,24,6,0,7,7033
52,36,plain,1075,1060,22,6,0,6,7036
52,37,plain,859,846,21,5,0,6,5784
52,38,plain,855,838,24,5,0,8,5947
52,39,plain,830,822,20,5,0,6,5672
52,40,plain,878,863,22,5,0,7,5837
52,41,plain,838,826,27,5,0,10,5641
52,42,plain,784,762,15,5,0,3,5514
52,43,plain,805,787,15,5,0,3,5380
52,44,plain,865,848,19,5,0,5,5873
52,45,plain,833,820,13,5,0,2,5643
52,46,plain,764,749,13,5,0,2,5305
52,47,plain,867,849,22,5,0,7,6066
52,48,plain,1048,1024,19,6,0,4,7256
52,49,plain,977,965,18,6,0,3,6742
53,1,plain,1558,1552,24,8,0,5,9176
53,2,plain,1217,1210,13,6,0,1,7404
53,3,plain,1278,1271,17,6,0,3,7917
53,4,plain,1205,1198,18,6,0,4,7510
53,5,plain,1223,1216,16,6,0,3,7435
53,6,plain,1172,1166,17,6,0,3,7191
53,7,plain,1103,1096,15,6,0,2,6751
53,8,plain,1292,1285,24,6,0,7,7780
53,9,plain,1232,1223,19,6,0,4,7406
53,10,plain,1160,1151,15,6,0,2,7157
53,11,plain,1354,1346,21,6,0,5,8033
53,12,plain,1226,1215,15,6,0,2,7600
53,13,plain,1138,1131,13,6,0,1,7014
53,14,plain,1086,1079,15,5,0,3,6565
53,15,plain,1222,1214,13,6,0,1,7323
53,16,plain,1108,1099,15,6,0,2,6806
53,17,plain,1078,1070,13,6,0,1,6579
53,18,plain,1087,1076,15,6,0,2,6540
53,19,plain,1132,1126,13,6,0,1,6886
53,20,plain,1283,1277,15,6,0,2,8099
53,21,plain,1219,1212,13,6,0,1,7614
53,22,plain,1080,1074,13,6,0,1,6655
53,23,plain,1261,1219,15,6,0,2,7794
53,24,plain,974,966,11,5,0,1,5990
53,25,plain,1188,1179,13,6,0,1,7227
53,26,plain,1193,1166,11,5,0,1,7236
53,27,plain,1077,1063,15,6,0,2,7069
53,28,plain,1125,1106,14,5,0,3,7205
53,29,plain,1248,1229,13,6,0,1,7659
53,30,plain,949,922,11,5,0,1,5780
53,31,plain,1309,1270,13,6,0,1,7956
53,32,plain,1348,1297,19,5,0,5,8336
53,33,plain,961,953,11,5,0,1,5933
53,34,plain,998,993,11,5,0,1,6080
53,35,plain,1228,1217,13,6,0,1,7356
53,36,plain,1086,1072,13,6,0,1,6741
53,37,plain,1059,1055,11,5,0,1,6658
53,38,plain,1123,1112,15,5,0,3,6818
53,39,plain,1053,1041,13,5,0,2,6351
53,40,plain,1075,1068,11,5,0,1,6299
53,41,plain,1150,1140,15,5,0,3,6866
53,42,plain,1047,1038,11,5,0,1,6374
53,43,plain,1167,1157,13,5,0,2,7045
53,44,plain,1058,1047,11,5,0,1,6142
53,45,plain,1066,1055,13,5,0,2,6546
53,46,plain,1093,1084,13,5,0,2,6653
53,47,plain,1112,1104,11,5,0,1,6786
53,48,plain,1027,1018,11,5,0,1,6211
53,49,plain,1088,1080,15,5,0,3,6446
53,50,plain,1021,1011,11,5,0,1,6166
53,51,plain,1040,1036,11,5,0,1,6406
53,52,plain,985,971,11,5,0,1,6047
53,53,plain,1160,1154,11,5,0,1,6919
53,54,plain,938,930,11,5,0,1,5774
53,55,plain,1014,1005,11,5,0,1,6233
53,56,plain,986,977,11,5,0,1,5901
53,57,plain,986,982,11,5,0,1,6169
53,58,plain,1021,1014,15,5,0,3,6171
53,59,plain,968,961,9,4,0,1,5928
53,60,plain,1059,1052,13,5,0,2,6469
53,61,plain,936,929,11,5,0,1,5961
53,62,plain,1082,1076,13,5,0,2,6714
54,1,plain,1409,1398,31,6,0,10,8374
54,2,plain,1374,1361,27,6,0,5,8343
54,3,plain,1632,1618,30,6,0,8,9830
54,4,plain,1515,1505,29,6,0,7,9253
54,5,plain,1543,1536,30,6,0,6,9298
54,6,plain,1444,1427,28,6,0,8,8562
54,7,plain,1543,1528,34,6,0,9,9407
54,8,plain,1493,1481,35,5,0,11,9045
54,9,plain,1433,1414,33,6,0,10,8521
54,10,plain,1434,1423,41,6,0,14,8635
54,11,plain,1338,1327,29,5,0,9,7928
54,12,plain,1434,1415,28,5,0,6,8301
54,13,plain,1407,1396,31,5,0,10,8234
54,14,plain,1252,1240,29,5,0,7,7552
54,15,plain,1272,1258,32,5,0,9,7672
54,16,plain,1375,1367,31,6,0,7,8361
54,17,plain,1646,1630,37,7,0,10,9823
54,18,plain,1247,1237,31,5,0,9,7381
54,19,plain,1485,1471,34,5,0,9,8785
54,20,plain,1323,1313,33,5,0,10,7886
54,21,plain,1304,1296,33,5,0,13,7708
54,22,plain,1534,1518,35,7,0,8,9165
54,23,plain,1380,1376,33,5,0,9,8576
54,24,plain,1526,1506,33,5,0,10,9063
54,25,plain,1390,1374,30,6,0,5,8556
54,26,plain,1301,1290,34,6,0,10,7802
54,27,plain,1614,1597,41,7,0,13,9534
54,28,plain,1663,1645,41,6,0,10,9864
54,29,plain,1567,1554,41,5,0,11,9397
54,30,plain,1252,1244,26,4,0,4,7401
54,31,plain,1463,1447,36,5,0,8,8915
54,32,plain,1475,1459,31,6,0,4,8911
54,33,plain,1514,1507,44,6,0,17,9220
54,34,plain,1777,1758,47,6,0,13,10587
54,35,plain,1673,1661,45,5,0,14,10284
54,36,plain,1463,1449,38,5,0,12,8977
54,37,plain,1796,1774,39,6,0,11,10706
54,38,plain,1516,1505,45,5,0,17,9144
54,39,plain,1515,1508,38,6,0,10,9168
54,40,plain,1452,1436,31,6,0,5,8720
54,41,plain,1305,1295,32,5,0,9,7964
54,42,plain,1617,1599,40,6,0,13,9820
54,43,plain,1547,1533,42,6,0,11,9384
54,44,plain,1471,1462,39,6,0,14,8662
54,45,plain,1461,1450,35,6,0,9,8560
54,46,plain,1423,1408,35,5,0,10,8598
54,47,plain,1321,1314,38,6,0,9,8206
54,48,plain,1607,1590,47,5,0,20,9642
54,49,plain,2945,2936,75,10,4,23,18218
54,50,plain,1449,1436,34,5,0,11,8397
54,51,plain,1210,1196,33,5,0,8,7527
54,52,plain,1525,1516,45,5,0,18,9007
54,53,plain,1541,1535,44,6,0,19,9023
54,54,plain,2289,2280,64,8,0,20,13724
54,55,plain,2233,2224,65,7,0,24,13270
55,1,plain,990,988,19,6,0,3,6041
55,2,plain,965,962,20,6,0,4,5840
55,3,plain,994,992,17,6,0,3,6004
55,4,plain,996,993,21,7,0,4,6129
55,5,plain,1056,1047,22,7,0,4,6199
55,6,plain,978,971,21,6,0,4,5981
55,7,plain,860,850,17,5,0,4,5209
55,8,plain,809,802,18,6,0,3,4899
55,9,plain,1007,995,18,7,0,2,6128
55,10,plain,900,892,16,6,0,3,5232
55,11,plain,874,866,16,6,0,2,5298
55,12,plain,906,901,15,6,0,1,5589
55,13,plain,1149,1139,19,7,0,2,6971
55,14,plain,1075,1066,22,7,0,6,6405
55,15,plain,1069,1062,20,7,0,4,6570
55,16,plain,779,769,15,5,0,3,4565
55,17,plain,924,913,17,5,0,3,5509
55,18,plain,701,691,11,5,0,1,4234
55,19,plain,971,960,19,6,0,2,5864
55,20,plain,967,958,16,6,0,2,5882
55,21,plain,718,708,11,5,0,1,4251
55,22,plain,904,896,15,6,0,2,5417
55,23,plain,727,717,13,5,0,2,4299
55,24,plain,1020,1009,18,6,0,4,6060
55,25,plain,794,784,11,5,0,1,4646
55,26,plain,1046,1039,21,7,0,5,6274
55,27,plain,1397,1384,27,9,0,6,8360
55,28,plain,798,788,11,5,0,1,4563
55,29,plain,1235,1218,21,7,0,4,7333
55,30,plain,756,746,11,5,0,1,4451
55,31,plain,1099,1089,13,6,0,1,6495
55,32,plain,886,876,11,5,0,1,5082
55,33,plain,1207,1176,17,7,0,2,7066
55,34,plain,769,759,11,5,0,1,4517
55,35,plain,1001,984,18,7,0,3,5845
55,36,plain,758,748,11,5,0,1,4445
55,37,plain,999,984,18,6,0,5,5840
55,38,plain,845,835,14,5,0,3,4886
55,39,plain,1297,1281,26,7,0,6,7655
55,40,plain,841,831,11,5,0,1,5055
55,41,plain,1168,1148,20,6,0,5,6795
55,42,plain,825,815,11,5,0,1,4679
55,43,plain,1033,1026,18,6,0,4,5996
55,44,plain,1007,996,20,6,0,6,5879
55,45,plain,912,902,11,5,0,1,5356
55,46,plain,1102,1089,20,6,0,4,6764
55,47,plain,899,889,11,5,0,1,5219
55,48,plain,1127,1122,17,6,0,3,6822
55,49,plain,796,786,11,5,0,1,4720
55,50,plain,1033,1027,17,6,0,4,6347
55,51,plain,801,791,14,5,0,3,4888
55,52,plain,1042,1034,15,6,0,2,6333
55,53,plain,876,866,13,5,0,2,5170
55,54,plain,1096,1079,16,6,0,3,6583
55,55,plain,859,849,11,5,0,1,4907
55,56,plain,1350,1336,22,8,0,4,8339
55,57,plain,831,821,14,5,0,3,5072
55,58,plain,1035,1024,17,6,0,3,6146
55,59,plain,790,780,11,5,0,1,4697
55,60,plain,1240,1232,23,6,0,4,7424
55,61,plain,823,813,11,5,0,1,4914
55,62,plain,962,955,16,5,0,4,5958
55,63,plain,833,823,11,5,0,1,4933
55,64,plain,955,952,13,6,0,1,5916
55,65,plain,889,879,11,5,0,1,5373
55,66,plain,969,963,13,6,0,1,6186
55,67,plain,888,878,11,5,0,1,5471
55,68,plain,1024,1016,15,6,0,2,6349
55,69,plain,870,860,11,5,0,1,5065
55,70,plain,1055,1049,15,6,0,2,6685
55,71,plain,852,842,11,5,0,1,5267
55,72,plain,1010,1006,15,6,0,2,6463
55,73,plain,821,811,11,5,0,1,5072
55,74,plain,1026,1019,18,6,0,4,6219
55,75,plain,805,795,11,5,0,1,4842
55,76,plain,1021,1013,15,6,0,2,6405
55,77,plain,1032,1022,13,5,0,2,5980
55,78,plain,1344,1332,19,7,0,3,7958
56,1,plain,1196,1192,19,9,0,1,7292
56,2,plain,1088,1083,23,9,0,3,6601
56,3,plain,1172,1170,27,9,0,5,7180
56,4,plain,1080,1074,25,9,0,4,6585
56,5,plain,1010,1003,25,9,0,4,6283
56,6,plain,946,940,21,9,0,2,5741
56,7,plain,1027,1020,25,9,0,4,6292
56,8,plain,967,955,23,8,0,4,5884
56,9,plain,855,842,21,8,0,3,5206
56,10,plain,983,976,24,8,0,5,5952
56,11,plain,932,926,23,8,0,4,5597
56,12,plain,755,751,21,8,0,3,4802
56,13,plain,815,810,23,8,0,4,5290
56,14,plain,890,883,21,9,0,2,5444
56,15,plain,813,810,21,8,0,4,5157
56,16,plain,816,810,21,9,0,2,5141
56,17,plain,804,799,19,8,0,2,5016
56,18,plain,896,886,19,9,0,1,5533
56,19,plain,759,752,19,8,0,2,4777
56,20,plain,861,856,26,10,0,4,5366
56,21,plain,820,812,25,10,0,4,5140
56,22,plain,806,800,23,10,0,2,5149
56,23,plain,778,773,23,10,0,2,4953
56,24,plain,862,852,23,10,0,2,5367
56,25,plain,811,801,30,11,0,7,5235
56,26,plain,758,752,23,10,0,3,4711
56,27,plain,735,722,19,9,0,1,4597
56,28,plain,796,792,21,10,0,1,4931
56,29,plain,687,685,19,9,0,1,4356
56,30,plain,806,803,23,10,0,2,4897
56,31,plain,712,710,21,9,0,3,4455
56,32,plain,685,682,19,9,0,1,4186
56,33,plain,721,715,21,10,0,1,4599
56,34,plain,699,695,21,9,0,2,4445
56,35,plain,712,702,19,9,0,1,4325
56,36,plain,694,689,19,9,0,1,4266
56,37,plain,714,712,21,9,0,2,4480
56,38,plain,641,635,17,8,0,1,3946
56,39,plain,605,600,17,8,0,1,3640
56,40,plain,728,721,19,9,0,1,4361
56,41,plain,710,697,19,8,0,2,4292
56,42,plain,706,700,19,9,0,1,4457
56,43,plain,686,680,21,9,0,2,4222
56,44,plain,658,654,19,9,0,1,4226
56,45,plain,655,648,21,8,0,3,4124
56,46,plain,696,691,19,8,0,2,4246
56,47,plain,682,663,17,8,0,1,4180
56,48,plain,676,670,19,9,0,1,4123
56,49,plain,603,593,19,9,0,1,3705
56,50,plain,738,729,24,9,0,4,4480
56,51,plain,666,660,19,9,0,1,4119
56,52,plain,657,650,20,8,0,3,4011
56,53,plain,601,596,19,8,0,2,3808
56,54,plain,535,528,20,8,0,3,3409
56,55,plain,610,605,19,9,0,1,3973
56,56,plain,695,685,22,9,0,3,4292
56,57,plain,662,654,20,8,0,3,4097
56,58,plain,602,595,17,8,0,1,3703
56,59,plain,598,587,18,8,0,2,3804
56,60,plain,651,641,19,8,0,3,3977
56,61,plain,637,620,17,8,0,1,3967
56,62,plain,645,632,19,8,0,2,3892
56,63,plain,599,593,19,8,0,2,3572
56,64,plain,578,567,19,8,0,2,3521
56,65,plain,623,606,17,8,0,1,3824
56,66,plain,582,576,17,8,0,1,3467
56,67,plain,598,594,19,8,0,2,3686
56,68,plain,555,547,19,8,0,3,3364
56,69,plain,583,566,17,8,0,1,3509
56,70,plain,614,598,19,8,0,3,3748
56,71,plain,617,609,17,8,0,1,3704
56,72,plain,680,662,19,9,0,1,3981
56,73,plain,673,661,21,9,0,2,4169
56,74,plain,752,743,23,10,0,2,4561
56,75,plain,761,752,21,10,0,1,4606
56,76,plain,639,628,19,9,0,1,3862
56,77,plain,584,578,19,9,0,1,3686
56,78,plain,609,605,19,9,0,1,3836
56,79,plain,751,744,24,10,0,3,4739
56,80,plain,592,584,20,9,0,2,3764
56,81,plain,604,598,19,9,0,1,3887
56,82,plain,726,719,21,9,0,2,4395
56,83,plain,651,644,20,9,0,2,3901
56,84,plain,635,630,20,9,0,2,3933
56,85,plain,720,708,22,9,0,3,4277
56,86,plain,548,542,17,8,0,1,3499
56,87,plain,680,671,19,9,0,1,4165
56,88,plain,622,614,19,9,0,1,3789
56,89,plain,698,690,21,9,0,2,4317
56,90,plain,570,560,17,8,0,1,3375
56,91,plain,634,624,20,9,0,2,3935
56,92,plain,562,552,17,8,0,1,3410
56,93,plain,539,533,18,8,0,2,3256
56,94,plain,668,664,19,9,0,1,4041
56,95,plain,807,800,23,10,0,2,5028
56,96,plain,900,891,23,11,0,1,5532
57,1,plain,1546,1529,16,6,0,2,9392
57,2,plain,1388,1365,14,6,0,1,8014
57,3,plain,1535,1515,14,5,0,2,9017
57,4,plain,1377,1324,13,5,0,3,8309
57,5,plain,841,824,9,4,0,1,5202
57,6,plain,1237,1214,13,5,0,3,7411
57,7,plain,1091,1059,11,4,0,2,6614
57,8,plain,1126,1096,14,4,0,3,6923
57,9,plain,1302,1274,14,5,0,3,7860
57,10,plain,1386,1316,13,4,0,3,8117
57,11,plain,1236,1212,11,4,0,2,7449
57,12,plain,1490,1448,15,5,0,3,8870
57,13,plain,1542,1479,13,5,0,2,9267
57,14,plain,1398,1358,11,5,0,1,8770
57,15,plain,1109,1078,10,3,0,2,6661
57,16,plain,1399,1339,19,5,0,5,8735
57,17,plain,1147,1124,11,4,0,2,6975
57,18,plain,1430,1398,17,5,0,4,8756
57,19,plain,1311,1270,15,4,0,4,8159
57,20,plain,1522,1448,13,4,0,3,9275
57,21,plain,1252,1202,15,4,0,4,7678
57,22,plain,1167,1143,13,4,0,3,7005
57,23,plain,1175,1148,9,4,0,1,7425
57,24,plain,1126,1104,9,4,0,1,6918
57,25,plain,1605,1546,10,4,0,1,9918
57,26,plain,1087,1056,9,3,0,2,6583
57,27,plain,1335,1260,13,3,0,3,8449
57,28,plain,1230,1192,15,4,0,4,7384
57,29,plain,1439,1398,12,4,0,2,8638
58,1,plain,1130,1101,21,5,0,5,6857
58,2,plain,1083,1045,20,5,0,4,6639
58,3,plain,1032,991,20,5,0,4,6262
58,4,plain,915,861,14,5,0,1,5629
58,5,plain,924,891,19,5,0,4,5767
58,6,plain,941,906,25,5,0,8,5845
58,7,plain,1049,972,22,5,0,6,6427
58,8,plain,946,869,19,4,0,4,6024
58,9,plain,832,788,20,4,0,6,5279
58,10,plain,761,730,21,4,0,7,4882
58,11,plain,1037,976,20,5,0,5,6330
58,12,plain,885,847,15,4,0,2,5579
58,13,plain,817,776,15,4,0,2,5172
58,14,plain,788,758,16,4,0,4,4925
58,15,plain,636,619,14,3,0,3,4141
58,16,plain,675,653,17,3,0,5,4278
58,17,plain,668,647,20,3,0,6,4295
58,18,plain,840,809,18,4,0,4,5309
58,19,plain,803,777,19,4,0,5,5131
58,20,plain,744,730,17,4,0,4,4957
58,21,plain,835,819,18,4,0,5,5435
58,22,plain,1443,1352,29,6,0,8,9187
59,1,plain,1357,1337,21,6,0,5,8087
59,2,plain,1841,1761,31,8,0,9,11310
59,3,plain,1162,1135,15,5,0,3,7207
59,4,plain,1108,1086,20,5,0,6,6760
59,5,plain,1233,1207,17,6,0,3,7712
59,6,plain,1070,1032,17,5,0,4,6543
59,7,plain,1144,1081,17,5,0,4,7184
59,8,plain,1098,1066,17,5,0,4,6685
59,9,plain,1361,1303,24,6,0,7,8116
59,10,plain,1236,1199,21,6,0,5,7646
59,11,plain,1121,1064,17,6,0,3,6860
59,12,plain,1099,1062,18,5,0,5,6565
59,13,plain,1093,1071,14,5,0,3,6615
59,14,plain,1112,1069,15,5,0,3,6875
59,15,plain,1096,1077,17,5,0,5,6686
59,16,plain,1077,1049,17,5,0,4,6565
59,17,plain,1077,1056,15,5,0,3,6518
59,18,plain,1270,1240,23,6,0,6,7805
59,19,plain,1209,1186,19,6,0,4,7439
59,20,plain,1165,1143,18,5,0,5,7086
59,21,plain,1290,1254,21,6,0,5,7756
59,22,plain,1208,1184,18,5,0,5,7465
59,23,plain,1707,1673,30,10,0,6,10590
59,24,plain,1449,1416,21,5,0,7,8811
60,1,plain,2021,1935,29,8,0,3,11944
60,2,plain,1350,1319,21,6,0,1,8055
60,3,plain,1605,1579,26,7,0,3,9406
60,4,plain,2100,1998,32,8,0,3,12071
60,5,plain,1630,1607,31,7,0,3,9643
60,6,plain,1532,1506,28,7,0,2,8817
60,7,plain,1507,1479,31,7,0,2,9023
60,8,plain,1590,1550,34,6,0,7,9525
60,9,plain,1483,1448,32,6,0,5,9019
60,10,plain,2130,2016,41,10,0,3,12762
60,11,plain,1486,1447,31,7,0,3,8663
60,12,plain,2330,2266,57,11,0,9,13970
60,13,plain,1892,1860,40,8,0,6,11086
61,1,plain,1400,1380,19,6,0,4,8248
61,2,plain,1363,1349,19,6,0,4,7930
61,3,plain,1227,1209,19,5,0,5,7135
61,4,plain,1447,1429,23,6,0,6,8304
61,5,plain,1698,1653,25,7,0,6,9969
61,6,plain,1770,1710,27,7,0,7,10509
61,7,plain,1481,1457,21,6,0,5,8622
61,8,plain,1577,1556,23,7,0,5,9292
61,9,plain,1631,1605,17,7,0,2,9835
61,10,plain,1503,1484,17,6,0,3,8684
61,11,plain,1494,1466,16,6,0,3,8618
61,12,plain,1501,1474,13,6,0,1,8719
61,13,plain,1615,1595,15,6,0,2,9405
61,14,plain,2077,2018,19,8,0,2,12113
62,1,plain,927,906,15,4,0,4,5795
62,2,plain,1015,981,18,3,0,7,6352
62,3,plain,800,783,15,4,0,4,4952
62,4,plain,751,731,14,3,0,5,4570
62,5,plain,1194,1153,19,5,0,5,7439
62,6,plain,975,948,17,4,0,5,5855
62,7,plain,890,869,18,4,0,6,5621
62,8,plain,1075,1037,21,4,0,7,6580
62,9,plain,1217,1186,19,5,0,6,7722
62,10,plain,906,881,16,4,0,5,5849
62,11,plain,1118,1083,17,4,0,5,7022
63,1,plain,1859,1821,33,7,0,7,11018
63,2,plain,1629,1605,31,7,0,7,9367
63,3,plain,1635,1614,37,6,0,12,9805
63,4,plain,1668,1619,28,7,0,4,9971
63,5,plain,1185,1156,23,5,0,6,6881
63,6,plain,1301,1271,27,5,0,7,7449
63,7,plain,1281,1242,30,6,0,8,7552
63,8,plain,1226,1193,25,6,0,5,7168
63,9,plain,1659,1631,38,7,0,12,9593
63,10,plain,1314,1273,25,6,0,4,7362
63,11,plain,1528,1507,34,6,0,11,8545
64,1,plain,1462,1433,21,5,0,5,8783
64,2,plain,1663,1642,23,6,0,5,9664
64,3,plain,1583,1559,15,5,0,1,9159
64,4,plain,1545,1519,19,5,0,3,8920
64,5,plain,1505,1476,15,6,0,1,9045
64,6,plain,2129,2094,21,6,0,1,12619
64,7,plain,2056,2020,24,7,0,5,12041
64,8,plain,1690,1669,17,6,0,1,9873
64,9,plain,2620,2567,26,8,0,3,15286
64,10,plain,1832,1810,17,5,0,2,10541
64,11,plain,2005,1982,22,6,0,4,11475
64,12,plain,1835,1816,18,6,0,1,10769
64,13,plain,1914,1900,20,6,0,2,11192
64,14,plain,2138,2103,21,6,0,4,12312
64,15,plain,2080,2064,20,6,0,3,12113
64,16,plain,2033,1998,23,7,0,3,12186
64,17,plain,1913,1891,24,7,0,6,11078
64,18,plain,1687,1676,17,6,0,1,9677
65,1,plain,2140,2070,37,8,0,8,12686
65,2,plain,1650,1589,22,5,0,3,9499
65,3,plain,1661,1630,34,6,0,11,9614
65,4,plain,1673,1617,26,6,0,3,9716
65,5,plain,1223,1194,23,5,0,4,7153
65,6,plain,1907,1841,28,7,0,2,11141
65,7,plain,1346,1304,21,5,0,3,7866
65,8,plain,1302,1271,20,5,0,3,7746
65,9,plain,1153,1135,21,5,0,4,6621
65,10,plain,1148,1122,16,5,0,1,6675
65,11,plain,1436,1381,25,6,0,6,8618
65,12,plain,2082,2042,39,7,0,12,12140
66,1,plain,1632,1606,23,6,0,5,9604
66,2,plain,1621,1599,20,6,0,2,9637
66,3,plain,1719,1664,29,7,0,7,10293
66,4,plain,1576,1534,17,5,0,1,9462
66,5,plain,1358,1322,18,4,0,1,8379
66,6,plain,1894,1851,29,6,0,6,11317
66,7,plain,1402,1382,23,5,0,7,8123
66,8,plain,1967,1889,24,7,0,3,11763
66,9,plain,1521,1498,17,5,0,2,9235
66,10,plain,1537,1486,19,6,0,2,9061
66,11,plain,1575,1530,22,6,0,5,9289
66,12,plain,2090,2055,27,7,0,6,12324
67,1,plain,487,472,10,3,0,2,3095
67,2,plain,543,516,16,3,0,4,3277
67,3,plain,445,420,12,3,0,2,2864
67,4,plain,444,429,12,3,0,2,2905
67,5,plain,463,436,15,3,0,4,2975
67,6,plain,444,426,10,3,0,1,2813
67,7,plain,432,418,11,3,0,2,2666
67,8,plain,413,392,13,3,0,3,2608
67,9,plain,418,391,12,3,0,2,2599
67,10,plain,389,370,13,3,0,3,2436
67,11,plain,449,435,14,3,0,3,2792
67,12,plain,402,386,12,3,0,2,2574
67,13,plain,370,356,15,3,0,4,2405
67,14,plain,387,375,12,3,0,2,2510
67,15,plain,409,381,12,3,0,2,2628
67,16,plain,388,367,11,3,0,2,2455
67,17,plain,367,339,11,3,0,2,2370
67,18,plain,345,332,13,3,0,3,2228
67,19,plain,400,375,13,3,0,3,2509
67,20,plain,351,326,12,3,0,2,2257
67,21,plain,378,357,12,3,0,2,2433
67,22,plain,371,351,12,3,0,2,2324
67,23,plain,370,348,14,3,0,3,2442
67,24,plain,334,317,13,3,0,3,2151
67,25,plain,345,331,12,3,0,2,2211
67,26,plain,312,299,15,3,0,4,1972
67,27,plain,350,321,11,3,0,2,2085
67,28,plain,372,346,12,3,0,2,2380
67,29,plain,351,328,12,3,0,2,2231
67,30,plain,566,547,17,4,0,3,3540
68,1,plain,976,967,20,4,0,5,6104
68,2,plain,837,827,18,5,0,3,5358
68,3,plain,896,886,23,5,0,5,5473
68,4,plain,925,917,24,5,0,5,6014
68,5,plain,827,819,19,5,0,3,5150
68,6,plain,829,823,19,5,0,3,5087
68,7,plain,917,898,22,5,0,4,5761
68,8,plain,767,761,19,5,0,3,4962
68,9,plain,803,791,20,5,0,3,5116
68,10,plain,736,726,19,4,0,4,4726
68,11,plain,771,763,23,5,0,5,4971
68,12,plain,842,833,22,5,0,4,5342
68,13,plain,787,780,22,5,0,4,5027
68,14,plain,823,817,23,5,0,5,5164
68,15,plain,843,829,20,5,0,3,5220
68,16,plain,750,743,18,5,0,2,4706
68,17,plain,815,791,20,5,0,4,4972
68,18,plain,713,708,18,4,0,3,4426
68,19,plain,819,807,18,5,0,2,5181
68,20,plain,801,791,18,5,0,2,4968
68,21,plain,695,686,17,5,0,2,4394
68,22,plain,715,704,18,5,0,2,4404
68,23,plain,746,738,20,5,0,3,4725
68,24,plain,847,838,22,5,0,4,5264
68,25,plain,718,710,18,5,0,2,4648
68,26,plain,738,725,17,5,0,2,4485
68,27,plain,831,826,20,6,0,2,5222
68,28,plain,775,758,19,6,0,2,4812
68,29,plain,788,777,20,6,0,2,4992
68,30,plain,774,765,19,5,0,2,4957
68,31,plain,772,762,21,5,0,3,4762
68,32,plain,862,843,19,5,0,2,5197
68,33,plain,803,786,20,6,0,2,5115
68,34,plain,745,733,20,5,0,3,4634
68,35,plain,875,863,22,6,0,3,5544
68,36,plain,826,816,21,5,0,3,5084
68,37,plain,745,735,20,5,0,3,4627
68,38,plain,740,730,19,5,0,3,4577
68,39,plain,800,779,20,6,0,2,4979
68,40,plain,715,707,19,5,0,2,4573
68,41,plain,776,761,22,5,0,4,4902
68,42,plain,925,907,22,5,0,4,5956
68,43,plain,891,874,25,6,0,4,5680
68,44,plain,806,785,21,6,0,3,5169
68,45,plain,829,818,22,6,0,3,5175
68,46,plain,835,819,21,5,0,3,5156
68,47,plain,793,781,21,6,0,3,5086
68,48,plain,1023,996,23,6,0,4,6375
68,49,plain,871,850,22,6,0,3,5509
68,50,plain,884,873,22,6,0,2,5557
68,51,plain,929,905,27,6,0,6,5887
68,52,plain,985,974,23,6,0,3,6043
69,1,plain,409,406,13,4,0,2,2515
69,2,plain,367,362,14,4,0,2,2336
69,3,plain,387,378,13,4,0,2,2487
69,4,plain,406,400,14,4,0,2,2635
69,5,plain,371,362,13,4,0,2,2322
69,6,plain,391,379,16,4,0,3,2512
69,7,plain,395,368,12,4,0,2,2536
69,8,plain,355,347,13,4,0,2,2231
69,9,plain,378,367,14,4,0,2,2459
69,10,plain,367,352,13,4,0,2,2342
69,11,plain,379,368,13,4,0,2,2452
69,12,plain,364,348,14,4,0,2,2230
69,13,plain,339,329,12,4,0,2,2061
69,14,plain,332,317,14,4,0,3,2125
69,15,plain,311,304,12,4,0,1,1998
69,16,plain,305,292,13,4,0,3,1942
69,17,plain,385,365,14,4,0,2,2355
69,18,plain,375,362,16,4,0,3,2429
69,19,plain,360,341,13,4,0,2,2098
69,20,plain,357,346,14,4,0,2,2229
69,21,plain,316,309,13,4,0,2,2030
69,22,plain,299,295,14,4,0,2,1933
69,23,plain,284,281,13,4,0,2,1877
69,24,plain,367,350,14,4,0,2,2243
69,25,plain,339,314,14,4,0,2,2055
69,26,plain,323,316,12,4,0,1,2003
69,27,plain,302,295,11,4,0,1,1852
69,28,plain,305,300,12,3,0,2,1862
69,29,plain,313,307,13,4,0,2,2028
69,30,plain,306,301,14,4,0,2,1985
69,31,plain,317,312,14,4,0,2,1989
69,32,plain,333,322,12,4,0,1,2072
69,33,plain,303,294,13,4,0,2,2017
69,34,plain,366,359,13,4,0,2,2174
69,35,plain,288,280,16,4,0,4,1858
69,36,plain,287,283,12,4,0,1,1869
69,37,plain,292,286,13,4,0,2,1822
69,38,plain,312,305,13,4,0,2,1888
69,39,plain,301,295,11,4,0,1,1901
69,40,plain,340,331,15,4,0,3,2176
69,41,plain,322,311,12,4,0,1,2074
69,42,plain,307,295,13,4,0,2,2092
69,43,plain,292,282,13,4,0,2,1799
69,44,plain,290,283,13,4,0,2,1831
69,45,plain,241,232,11,4,0,1,1618
69,46,plain,260,252,11,4,0,1,1683
69,47,plain,240,230,12,4,0,2,1613
69,48,plain,294,286,13,4,0,2,1753
69,49,plain,279,268,13,4,0,2,1771
69,50,plain,312,302,14,4,0,2,1892
69,51,plain,298,291,14,4,0,3,2007
69,52,plain,348,339,13,4,0,2,2223
70,1,plain,1198,1191,20,5,0,6,7088
70,2,plain,1185,1178,19,5,0,6,7110
70,3,plain,1041,1034,13,5,0,2,6041
70,4,plain,1071,1054,13,4,0,3,6453
70,5,plain,861,855,9,4,0,1,5364
70,6,plain,727,720,9,3,0,2,4170
70,7,plain,814,808,11,3,0,4,4698
70,8,plain,809,799,12,4,0,3,4743
70,9,plain,813,806,9,3,0,2,4839
70,10,plain,697,687,13,3,0,5,4138
70,11,plain,902,875,14,4,0,5,5401
70,12,plain,545,540,10,2,0,4,3279
70,13,plain,670,664,9,3,0,2,3907
70,14,plain,599,587,10,2,0,4,3422
70,15,plain,756,749,12,4,0,3,4497
70,16,plain,781,777,10,3,0,3,4520
70,17,plain,821,812,12,3,0,4,4766
70,18,plain,915,911,17,3,0,7,5428
70,19,plain,906,901,9,4,0,1,5574
70,20,plain,769,764,15,3,0,5,4636
70,21,plain,718,712,9,3,0,2,4367
70,22,plain,797,792,12,4,0,3,4859
70,23,plain,664,658,9,3,0,2,4113
70,24,plain,764,756,14,3,0,6,4544
70,25,plain,716,710,12,3,0,4,4199
70,26,plain,760,753,10,3,0,3,4490
70,27,plain,699,689,10,3,0,3,4091
70,28,plain,754,743,10,3,0,3,4492
70,29,plain,715,709,16,3,0,6,4334
70,30,plain,689,672,9,3,0,3,4291
70,31,plain,680,671,8,3,0,2,4096
70,32,plain,719,710,14,3,0,6,4336
70,33,plain,761,757,13,3,0,5,4644
70,34,plain,748,741,13,3,0,5,4476
70,35,plain,679,673,11,3,0,3,4138
70,36,plain,496,485,7,2,0,3,3064
70,37,plain,434,425,6,2,0,2,2700
70,38,plain,584,570,10,2,0,4,3585
70,39,plain,694,684,13,3,0,5,3923
70,40,plain,743,727,9,3,0,2,4397
70,41,plain,571,558,8,2,0,3,3345
70,42,plain,752,733,11,3,0,3,4492
70,43,plain,695,679,14,3,0,5,4159
70,44,plain,836,821,12,3,0,4,4885
71,1,plain,1342,1325,23,5,0,7,7960
71,2,plain,1449,1437,23,6,0,4,8627
71,3,plain,1321,1310,21,5,0,5,8045
71,4,plain,1581,1548,27,5,0,7,9282
71,5,plain,1283,1271,25,5,0,6,7583
71,6,plain,1398,1387,29,6,0,7,8236
71,7,plain,1477,1449,23,5,0,5,8760
71,8,plain,1099,1094,14,5,0,2,6672
71,9,plain,1017,1006,20,5,0,5,6225
71,10,plain,1233,1222,23,5,0,6,7440
71,11,plain,1312,1302,20,5,0,5,7703
71,12,plain,1296,1283,22,6,0,5,7586
71,13,plain,1136,1122,17,5,0,3,6603
71,14,plain,1337,1330,27,6,0,7,7665
71,15,plain,1086,1073,14,4,0,2,6459
71,16,plain,1145,1132,19,5,0,4,6531
71,17,plain,1155,1141,17,5,0,3,6680
71,18,plain,1314,1302,26,5,0,8,7434
71,19,plain,1163,1153,18,5,0,3,6528
71,20,plain,1092,1082,17,4,0,4,6216
71,21,plain,1308,1288,21,5,0,6,7689
71,22,plain,1174,1168,19,5,0,5,7082
71,23,plain,1341,1324,21,5,0,4,7974
71,24,plain,1329,1314,23,6,0,6,7852
71,25,plain,1273,1251,19,6,0,4,7471
71,26,plain,1306,1291,19,5,0,4,7677
71,27,plain,1273,1256,25,6,0,7,7615
71,28,plain,1623,1593,22,6,0,4,9492
72,1,plain,1253,1232,33,6,0,6,7826
72,2,plain,1010,991,29,5,0,5,6365
72,3,plain,1017,1005,31,5,0,7,6327
72,4,plain,962,952,26,5,0,5,6015
72,5,plain,1014,1000,30,6,0,6,6719
72,6,plain,1074,1056,34,6,0,8,6756
72,7,plain,935,924,30,5,0,7,5788
72,8,plain,844,829,26,5,0,5,5384
72,9,plain,943,921,27,6,0,4,5940
72,10,plain,976,955,35,6,0,7,6029
72,11,plain,1022,1006,37,6,0,7,6513
72,12,plain,934,914,33,6,0,6,5840
72,13,plain,964,942,35,6,0,8,5921
72,14,plain,884,869,33,6,0,7,5543
72,15,plain,929,919,34,6,0,7,5685
72,16,plain,890,869,32,6,0,7,5703
72,17,plain,987,964,34,7,0,6,6156
72,18,plain,988,972,32,6,0,7,5907
72,19,plain,906,889,34,6,0,7,5646
72,20,plain,836,820,29,6,0,5,5068
72,21,plain,825,811,31,6,0,6,5024
72,22,plain,804,788,28,6,0,5,4820
72,23,plain,869,842,34,7,0,7,5501
72,24,plain,821,800,30,6,0,6,5032
72,25,plain,776,756,33,6,0,7,4866
72,26,plain,852,840,30,5,0,7,5183
72,27,plain,839,819,31,7,0,5,5301
72,28,plain,934,905,33,6,0,6,5840
73,1,plain,413,407,10,3,0,1,2549
73,2,plain,443,435,13,4,0,2,2840
73,3,plain,430,422,13,4,0,2,2752
73,4,plain,435,424,16,3,0,4,2734
73,5,plain,435,426,14,4,0,2,2753
73,6,plain,432,418,14,4,0,2,2746
73,7,plain,354,347,11,4,0,1,2292
73,8,plain,389,374,12,4,0,1,2518
73,9,plain,367,348,14,3,0,3,2295
73,10,plain,379,369,14,4,0,2,2492
73,11,plain,338,322,12,3,0,2,2188
73,12,plain,364,355,13,4,0,2,2301
73,13,plain,311,303,11,3,0,2,1985
73,14,plain,341,321,13,4,0,3,2196
73,15,plain,350,329,14,4,0,3,2225
73,16,plain,331,318,15,4,0,3,2235
73,17,plain,307,290,13,3,0,3,2014
73,18,plain,299,286,12,3,0,2,1928
73,19,plain,346,331,13,4,0,2,2193
73,20,plain,1012,882,29,7,0,5,6400
74,1,plain,777,772,24,6,0,5,5110
74,2,plain,746,743,29,7,0,8,4835
74,3,plain,755,752,24,6,0,6,5119
74,4,plain,754,751,29,6,0,9,5160
74,5,plain,732,729,26,6,0,7,5057
74,6,plain,806,801,30,6,0,9,5240
74,7,plain,763,754,26,6,0,9,5107
74,8,plain,724,718,25,6,0,8,4818
74,9,plain,684,677,25,6,0,9,4645
74,10,plain,684,678,28,6,0,9,4568
74,11,plain,805,796,26,6,0,8,5368
74,12,plain,704,697,29,6,0,11,4722
74,13,plain,710,705,27,6,0,9,4750
74,14,plain,730,723,29,6,0,10,4823
74,15,plain,716,709,30,6,0,10,4845
74,16,plain,703,695,27,6,0,8,4830
74,17,plain,750,741,26,6,0,8,5035
74,18,plain,714,709,25,6,0,7,4922
74,19,plain,697,690,28,6,0,10,4776
74,20,plain,698,690,24,6,0,7,4829
74,21,plain,745,742,27,6,0,9,4925
74,22,plain,721,716,29,6,0,10,4872
74,23,plain,732,724,27,6,0,9,4911
74,24,plain,703,694,28,6,0,10,4834
74,25,plain,753,743,33,6,0,13,5031
74,26,plain,723,717,28,6,0,10,4709
74,27,plain,706,699,25,6,0,7,4634
74,28,plain,720,714,25,6,0,7,4744
74,29,plain,709,704,27,6,0,9,4806
74,30,plain,758,754,25,6,0,7,5113
74,31,plain,936,822,21,6,0,3,5998
74,32,plain,684,680,20,6,0,3,4526
74,33,plain,690,684,21,6,0,4,4685
74,34,plain,688,681,23,6,0,6,4686
74,35,plain,711,704,22,6,0,4,4741
74,36,plain,721,714,24,6,0,5,4699
74,37,plain,742,730,21,6,0,4,4914
74,38,plain,726,715,21,6,0,3,4682
74,39,plain,715,709,22,6,0,5,4827
74,40,plain,717,712,22,6,0,6,4970
74,41,plain,692,689,21,6,0,4,4596
74,42,plain,697,692,21,6,0,4,4628
74,43,plain,729,720,25,6,0,8,4894
74,44,plain,708,702,24,6,0,7,4739
74,45,plain,742,730,25,6,0,7,4936
74,46,plain,737,730,21,6,0,5,4850
74,47,plain,714,709,24,6,0,5,4845
74,48,plain,758,748,23,6,0,6,5223
74,49,plain,736,725,24,6,0,7,4880
74,50,plain,708,702,22,6,0,5,4966
74,51,plain,691,687,21,6,0,3,4598
74,52,plain,780,769,24,6,0,7,5234
74,53,plain,792,785,24,6,0,6,5193
74,54,plain,728,722,24,6,0,5,4884
74,55,plain,729,723,24,6,0,6,4957
74,56,plain,1002,982,26,6,0,5,6393
75,1,plain,494,487,14,3,0,3,3194
75,2,plain,524,517,20,4,0,6,3549
75,3,plain,491,481,15,4,0,3,3268
75,4,plain,447,435,16,4,0,3,3000
75,5,plain,485,476,16,4,0,3,3190
75,6,plain,445,438,18,4,0,5,2843
75,7,plain,388,382,12,3,0,2,2491
75,8,plain,364,359,15,3,0,4,2404
75,9,plain,329,320,12,3,0,2,2174
75,10,plain,356,347,15,3,0,4,2194
75,11,plain,321,314,13,3,0,3,2096
75,12,plain,353,344,15,3,0,3,2338
75,13,plain,418,397,17,4,0,4,2755
75,14,plain,340,332,16,3,0,4,2293
75,15,plain,336,331,14,3,0,3,2213
75,16,plain,419,411,14,4,0,2,2881
75,17,plain,364,352,15,4,0,2,2526
75,18,plain,323,315,15,4,0,3,2271
75,19,plain,339,330,15,4,0,3,2463
75,20,plain,338,332,14,3,0,3,2329
75,21,plain,308,304,14,3,0,3,2153
75,22,plain,323,317,15,3,0,4,2174
75,23,plain,460,456,20,4,0,6,2968
75,24,plain,283,276,12,3,0,2,1937
75,25,plain,293,285,11,3,0,2,1916
75,26,plain,363,356,14,3,0,3,2366
75,27,plain,296,287,11,3,0,2,2050
75,28,plain,290,280,13,3,0,3,1962
75,29,plain,336,328,13,4,0,2,2215
75,30,plain,338,330,15,3,0,3,2262
75,31,plain,366,360,14,4,0,2,2436
75,32,plain,295,289,15,4,0,3,2071
75,33,plain,354,348,15,4,0,3,2371
75,34,plain,294,288,12,3,0,2,2033
75,35,plain,286,280,11,3,0,2,1921
75,36,plain,404,395,19,4,0,4,2807
75,37,plain,390,382,16,4,0,3,2630
75,38,plain,387,376,14,4,0,3,2630
75,39,plain,463,453,18,4,0,4,3107
75,40,plain,643,631,21,5,0,4,4119
76,1,plain,2542,2526,26,6,0,2,14314
76,2,plain,2236,2214,33,5,0,9,12542
76,3,plain,1825,1813,33,5,0,10,10335
76,4,plain,1532,1519,30,5,0,9,8619
76,5,plain,1731,1720,28,5,0,7,9703
76,6,plain,1592,1577,26,4,0,7,8840
76,7,plain,1682,1670,29,5,0,6,9218
76,8,plain,1593,1579,26,7,0,6,8820
76,9,plain,1348,1329,26,4,0,7,7584
76,10,plain,1026,1016,18,4,0,3,5480
76,11,plain,951,934,20,4,0,4,5131
76,12,plain,1058,1045,18,5,0,3,6078
76,13,plain,824,813,16,4,0,2,4583
76,14,plain,836,820,18,4,0,4,4590
76,15,plain,645,632,15,4,0,3,3751
76,16,plain,715,705,10,3,0,1,4140
76,17,plain,792,780,15,4,0,3,4636
76,18,plain,732,727,12,3,0,2,4025
76,19,plain,643,626,14,3,0,3,3828
76,20,plain,659,646,12,3,0,2,3857
76,21,plain,820,790,18,4,0,4,4813
76,22,plain,577,563,8,2,0,1,3497
76,23,plain,922,910,16,4,0,3,5363
76,24,plain,677,662,16,4,0,4,4160
76,25,plain,703,693,15,3,0,3,4273
76,26,plain,867,854,15,4,0,3,4966
76,27,plain,729,717,17,4,0,3,4593
76,28,plain,678,658,17,4,0,3,4317
76,29,plain,572,556,15,3,0,3,3433
76,30,plain,755,741,16,3,0,3,4603
76,31,plain,840,817,14,4,0,2,4991
77,1,plain,1273,1267,12,5,0,1,7480
77,2,plain,1309,1305,14,5,0,2,7496
77,3,plain,1224,1220,13,5,0,2,7051
77,4,plain,1211,1207,11,5,0,1,7307
77,5,plain,1278,1270,11,5,0,1,7665
77,6,plain,1216,1211,11,5,0,1,6907
77,7,plain,1353,1346,11,5,0,1,7894
77,8,plain,1223,1216,11,5,0,1,7040
77,9,plain,1385,1378,11,5,0,1,7786
77,10,plain,1273,1268,11,5,0,1,7546
77,11,plain,1052,1046,9,4,0,1,6213
77,12,plain,1046,1040,9,4,0,1,5860
77,13,plain,1151,1146,9,4,0,1,6507
77,14,plain,1228,1218,11,5,0,1,7189
77,15,plain,1185,1179,11,5,0,1,6877
77,16,plain,1303,1296,11,5,0,1,7558
77,17,plain,1395,1387,11,5,0,1,8153
77,18,plain,1378,1371,11,5,0,1,8043
77,19,plain,1386,1380,11,5,0,1,8118
77,20,plain,1381,1372,11,5,0,1,8050
77,21,plain,1461,1453,11,5,0,1,8439
77,22,plain,1226,1222,11,4,0,2,6820
77,23,plain,1343,1336,11,5,0,1,7983
77,24,plain,1117,1111,9,4,0,1,6485
77,25,plain,1443,1435,11,5,0,1,8027
77,26,plain,1107,1101,11,4,0,2,6366
77,27,plain,1181,1167,9,4,0,1,6811
77,28,plain,1331,1325,11,5,0,1,7843
77,29,plain,1314,1306,11,5,0,1,7251
77,30,plain,1325,1320,11,5,0,1,7498
77,31,plain,1131,1122,9,4,0,1,6498
77,32,plain,1086,1077,9,4,0,1,6218
77,33,plain,1189,1183,9,4,0,1,6758
77,34,plain,1131,1125,9,4,0,1,6439
77,35,plain,1222,1213,9,4,0,1,6904
77,36,plain,1563,1552,11,5,0,1,8985
77,37,plain,1379,1373,11,5,0,1,7789
77,38,plain,1574,1560,11,5,0,1,9160
77,39,plain,1439,1429,11,5,0,1,8242
77,40,plain,1070,1064,9,4,0,1,6128
77,41,plain,1527,1518,11,5,0,1,8888
77,42,plain,1521,1515,11,5,0,1,8763
77,43,plain,1535,1523,11,5,0,1,8806
77,44,plain,1489,1483,11,5,0,1,8563
77,45,plain,1410,1404,11,5,0,1,7946
77,46,plain,1503,1493,11,5,0,1,8340
77,47,plain,1434,1428,11,5,0,1,8157
77,48,plain,1517,1506,11,5,0,1,8698
77,49,plain,1487,1481,11,5,0,1,8508
77,50,plain,1433,1424,11,5,0,1,8309
78,1,plain,1562,1555,19,5,0,3,9282
78,2,plain,1566,1562,22,6,0,4,9234
78,3,plain,1365,1361,17,5,0,3,8225
78,4,plain,1501,1496,17,5,0,2,8738
78,5,plain,1510,1505,17,5,0,2,8791
78,6,plain,1492,1483,20,5,0,4,8401
78,7,plain,1451,1447,19,4,0,4,8250
78,8,plain,1795,1790,24,6,0,5,10292
78,9,plain,1631,1626,24,5,0,6,9335
78,10,plain,1555,1549,19,5,0,4,8811
78,11,plain,1759,1754,22,5,0,5,10027
78,12,plain,1689,1680,24,5,0,7,9908
78,13,plain,1842,1837,19,5,0,3,10134
78,14,plain,1809,1800,20,5,0,3,10512
78,15,plain,1523,1515,15,4,0,2,8605
78,16,plain,1435,1432,18,5,0,3,8392
78,17,plain,1595,1586,16,4,0,3,9176
78,18,plain,1807,1794,19,5,0,3,10371
78,19,plain,1596,1586,16,5,0,2,9045
78,20,plain,1777,1764,20,5,0,4,10216
78,21,plain,1691,1686,15,5,0,1,9506
78,22,plain,1514,1507,16,5,0,2,8661
78,23,plain,1544,1539,14,5,0,1,9115
78,24,plain,1463,1456,13,4,0,1,8556
78,25,plain,1458,1450,13,4,0,1,8653
78,26,plain,1545,1542,20,5,0,5,9192
78,27,plain,1762,1756,21,5,0,4,10462
78,28,plain,1601,1594,15,4,0,2,9431
78,29,plain,1722,1714,20,5,0,4,10063
78,30,plain,1615,1603,14,5,0,1,9650
78,31,plain,1738,1729,14,5,0,1,10190
78,32,plain,1471,1468,13,4,0,1,8803
78,33,plain,1594,1589,13,4,0,1,9432
78,34,plain,1573,1569,17,4,0,3,9270
78,35,plain,1490,1482,16,4,0,3,8891
78,36,plain,1494,1486,14,4,0,2,8747
78,37,plain,1669,1647,16,4,0,3,9780
78,38,plain,1676,1654,14,4,0,2,9953
78,39,plain,1837,1820,16,5,0,2,10444
78,40,plain,2145,2113,16,5,0,1,12355
79,1,plain,1669,1664,33,7,0,8,9729
79,2,plain,1844,1838,36,7,0,7,10632
79,3,plain,1586,1581,38,6,0,12,9249
79,4,plain,1466,1458,36,6,0,12,8541
79,5,plain,1550,1544,35,6,0,11,9297
79,6,plain,1645,1638,36,7,0,9,9640
79,7,plain,1444,1438,39,6,0,11,8406
79,8,plain,1638,1633,44,7,0,15,9737
79,9,plain,1452,1449,40,6,0,14,8571
79,10,plain,1671,1659,36,6,0,10,9830
79,11,plain,1334,1327,35,5,0,7,8013
79,12,plain,1307,1298,32,6,0,4,7813
79,13,plain,1770,1762,48,8,0,15,10284
79,14,plain,1669,1660,43,6,0,14,9671
79,15,plain,1322,1316,35,5,0,12,7801
79,16,plain,1646,1633,40,6,0,11,9361
79,17,plain,1450,1443,43,6,0,13,8656
79,18,plain,1548,1540,50,6,0,15,9282
79,19,plain,1512,1499,40,6,0,7,8853
79,20,plain,1465,1458,43,5,0,13,8711
79,21,plain,1149,1144,33,5,0,7,6980
79,22,plain,1330,1324,39,6,0,9,7992
79,23,plain,1102,1097,34,6,0,8,6648
79,24,plain,1637,1629,46,7,0,11,9796
79,25,plain,1405,1390,43,6,0,12,8302
79,26,plain,1331,1322,41,6,0,12,7942
79,27,plain,1310,1297,41,5,0,14,7728
79,28,plain,1220,1212,39,6,0,10,7459
79,29,plain,1170,1162,38,6,0,11,6843
79,30,plain,1233,1225,37,5,0,13,7220
79,31,plain,1140,1130,34,5,0,13,6730
79,32,plain,1258,1252,39,6,0,15,7505
79,33,plain,1263,1255,47,6,0,15,7496
79,34,plain,1197,1191,29,6,0,3,7239
79,35,plain,1433,1422,38,6,0,11,8364
79,36,plain,1263,1254,43,6,0,13,7398
79,37,plain,1147,1142,33,6,0,6,6918
79,38,plain,1343,1336,43,7,0,12,8011
79,39,plain,1045,1040,29,5,0,6,6041
79,40,plain,1706,1691,56,7,0,15,10115
79,41,plain,1206,1200,37,6,0,7,7169
79,42,plain,1158,1147,32,6,0,5,6602
79,43,plain,1099,1091,31,5,0,7,6390
79,44,plain,946,937,30,5,0,7,5594
79,45,plain,1344,1335,41,6,0,11,7843
79,46,plain,1515,1495,39,6,0,10,8644
80,1,plain,1465,1460,22,6,0,5,8728
80,2,plain,1403,1396,19,6,0,4,8114
80,3,plain,1304,1294,17,5,0,4,7857
80,4,plain,1288,1278,22,6,0,6,8038
80,5,plain,1346,1338,19,6,0,4,8085
80,6,plain,1269,1264,15,5,0,3,7556
80,7,plain,1094,1084,17,5,0,5,6752
80,8,plain,1109,1099,15,5,0,3,6771
80,9,plain,1197,1195,16,5,0,4,6951
80,10,plain,1159,1154,15,5,0,2,6913
80,11,plain,1100,1094,16,4,0,5,6637
80,12,plain,1170,1164,15,5,0,3,7067
80,13,plain,1188,1185,15,5,0,3,7290
80,14,plain,1119,1116,17,5,0,4,6910
80,15,plain,1050,1045,13,5,0,2,6369
80,16,plain,1071,1068,13,4,0,3,6677
80,17,plain,1309,1302,18,6,0,4,7858
80,18,plain,1078,1071,13,4,0,3,6527
80,19,plain,1291,1282,18,5,0,5,7786
80,20,plain,1237,1229,18,6,0,4,7137
80,21,plain,1248,1239,13,5,0,2,7154
80,22,plain,1354,1347,19,5,0,6,7896
80,23,plain,1128,1118,13,5,0,2,6857
80,24,plain,1197,1191,18,5,0,5,7006
80,25,plain,1139,1132,23,5,0,8,6728
80,26,plain,1177,1170,17,5,0,4,6906
80,27,plain,1088,1082,15,5,0,3,6486
80,28,plain,1123,1119,15,5,0,3,6562
80,29,plain,1212,1207,21,5,0,6,7160
80,30,plain,1018,1014,11,5,0,1,6315
80,31,plain,1122,1118,13,5,0,2,6716
80,32,plain,1121,1113,15,5,0,3,6759
80,33,plain,1108,1101,13,5,0,2,6576
80,34,plain,1174,1164,13,5,0,2,6983
80,35,plain,1215,1209,13,5,0,2,7155
80,36,plain,1223,1217,15,5,0,3,7119
80,37,plain,1222,1212,13,5,0,2,7452
80,38,plain,1256,1249,12,5,0,1,7550
80,39,plain,1032,1030,13,5,0,2,6259
80,40,plain,1105,1096,11,5,0,1,6512
80,41,plain,1044,1041,9,4,0,1,6148
80,42,plain,934,927,9,4,0,1,5792
81,1,plain,1104,1099,22,4,0,7,6517
81,2,plain,957,951,20,4,0,6,5725
81,3,plain,939,932,20,4,0,7,5754
81,4,plain,960,954,20,4,0,6,6076
81,5,plain,1062,1056,21,4,0,6,6441
81,6,plain,865,856,16,4,0,5,5340
81,7,plain,966,961,23,4,0,8,6021
81,8,plain,1068,1059,17,4,0,5,6490
81,9,plain,964,958,21,4,0,7,5901
81,10,plain,932,927,22,4,0,8,5738
81,11,plain,878,872,20,4,0,7,5358
81,12,plain,931,927,22,4,0,8,5832
81,13,plain,897,890,17,4,0,5,5618
81,14,plain,964,955,18,4,0,5,6021
81,15,plain,957,951,15,4,0,4,6145
81,16,plain,902,897,16,4,0,4,5779
81,17,plain,886,880,15,4,0,3,5620
81,18,plain,1001,994,19,4,0,5,6418
81,19,plain,909,900,15,4,0,4,6052
81,20,plain,1050,1038,17,4,0,4,6982
81,21,plain,964,961,15,4,0,3,6543
81,22,plain,956,951,15,4,0,4,6495
81,23,plain,1001,993,16,4,0,4,6524
81,24,plain,953,945,15,4,0,3,6459
81,25,plain,954,945,14,4,0,3,6515
81,26,plain,965,960,10,4,0,1,6018
81,27,plain,964,955,10,4,0,1,6402
81,28,plain,1085,1076,13,4,0,2,7265
81,29,plain,1193,1180,12,4,0,2,7318
82,1,plain,1755,1746,33,7,0,7,10476
82,2,plain,1504,1495,32,5,0,13,8874
82,3,plain,1407,1398,35,6,0,14,8365
82,4,plain,1457,1446,33,6,0,12,8691
82,5,plain,1896,1875,38,7,0,12,11125
82,6,plain,1622,1603,35,6,0,8,9880
82,7,plain,1666,1653,30,6,0,8,9995
82,8,plain,1586,1573,41,7,0,15,9464
82,9,plain,1372,1362,32,7,0,8,8304
82,10,plain,1495,1484,30,6,0,9,8877
82,11,plain,1276,1272,28,5,0,8,7810
82,12,plain,1169,1162,21,5,0,2,6787
82,13,plain,1430,1419,32,6,0,8,8661
82,14,plain,1718,1706,41,7,0,13,10344
82,15,plain,1393,1383,27,6,0,6,8484
82,16,plain,1246,1234,31,5,0,11,7341
82,17,plain,1238,1223,32,5,0,11,7380
82,18,plain,1322,1306,28,6,0,6,7928
82,19,plain,1705,1676,41,7,0,16,10004
83,1,plain,2248,2244,31,7,0,6,13297
83,2,plain,1668,1657,24,5,0,6,9967
83,3,plain,1879,1867,28,6,0,7,11369
83,4,plain,1493,1484,27,5,0,8,8982
83,5,plain,1236,1232,22,5,0,7,7481
83,6,plain,1295,1283,18,5,0,4,7639
83,7,plain,1432,1422,17,5,0,2,8603
83,8,plain,1077,1070,12,4,0,1,6576
83,9,plain,1181,1178,14,4,0,2,7154
83,10,plain,1168,1162,13,4,0,1,7040
83,11,plain,1024,1018,13,4,0,2,6174
83,12,plain,1114,1107,15,4,0,3,6868
83,13,plain,1262,1248,15,4,0,3,7568
83,14,plain,1523,1509,17,5,0,3,9115
83,15,plain,1308,1296,14,5,0,2,7752
83,16,plain,997,991,13,4,0,2,5995
83,17,plain,969,955,14,4,0,3,5795
83,18,plain,1310,1300,16,5,0,3,7853
83,19,plain,1001,994,12,4,0,2,6037
83,20,plain,671,668,8,3,0,1,4177
83,21,plain,757,752,9,4,0,1,4659
83,22,plain,864,857,10,4,0,1,5246
83,23,plain,740,737,8,3,0,1,4654
83,24,plain,823,813,12,4,0,2,4931
83,25,plain,898,889,10,4,0,1,5349
83,26,plain,963,953,11,4,0,2,5821
83,27,plain,952,946,15,5,0,3,5801
83,28,plain,912,905,15,5,0,3,5470
83,29,plain,1015,1005,18,4,0,5,6202
83,30,plain,1064,1054,21,5,0,6,6454
83,31,plain,1097,1086,18,5,0,4,6874
83,32,plain,908,897,19,4,0,7,5493
83,33,plain,920,911,16,4,0,5,5831
83,34,plain,878,866,8,3,0,1,5343
83,35,plain,832,829,9,4,0,1,5096
83,36,plain,1499,1487,19,5,0,6,8754
84,1,plain,1334,1327,24,7,0,6,7932
84,2,plain,1447,1436,21,7,0,4,8600
84,3,plain,1226,1218,19,6,0,5,7302
84,4,plain,1388,1378,23,7,0,6,8422
84,5,plain,1142,1131,13,6,0,1,6846
84,6,plain,1444,1429,24,7,0,6,8561
84,7,plain,1232,1219,18,6,0,4,7349
84,8,plain,1344,1335,21,7,0,4,8485
84,9,plain,1310,1302,18,7,0,3,7984
84,10,plain,1113,1099,17,5,0,4,6333
84,11,plain,1048,1041,17,5,0,4,6303
84,12,plain,1306,1300,17,6,0,3,7610
84,13,plain,1118,1110,19,5,0,5,6699
84,14,plain,1107,1098,19,5,0,5,6540
84,15,plain,1194,1185,20,6,0,5,7151
84,16,plain,977,970,11,5,0,1,5800
84,17,plain,1061,1053,13,5,0,2,6338
84,18,plain,1040,1033,15,5,0,3,6231
84,19,plain,1272,1263,15,6,0,2,7889
84,20,plain,1177,1168,17,5,0,4,7147
84,21,plain,1213,1199,13,5,0,2,7435
84,22,plain,1150,1144,13,5,0,2,6874
84,23,plain,1222,1214,17,5,0,4,7496
84,24,plain,1150,1140,11,5,0,1,7157
84,25,plain,1550,1535,16,6,0,3,9239
85,1,plain,1226,1220,23,4,0,6,7379
85,2,plain,930,926,16,3,0,4,5366
85,3,plain,1360,1353,29,4,0,11,8391
85,4,plain,1425,1417,19,4,0,5,8506
85,5,plain,919,915,16,3,0,4,5683
85,6,plain,904,899,16,3,0,4,5618
85,7,plain,839,829,15,3,0,4,5224
85,8,plain,1025,1008,16,3,0,4,6177
85,9,plain,999,982,16,3,0,4,6068
85,10,plain,1182,1153,16,3,0,3,7398
85,11,plain,985,964,17,3,0,4,6257
85,12,plain,869,863,14,3,0,3,5426
85,13,plain,921,912,18,3,0,5,5632
85,14,plain,1009,1002,17,3,0,5,6216
85,15,plain,902,896,12,3,0,2,5725
85,16,plain,1003,998,17,3,0,5,6198
85,17,plain,885,878,12,3,0,2,5756
85,18,plain,957,954,16,3,0,4,6262
85,19,plain,949,942,12,3,0,2,6000
85,20,plain,871,865,16,3,0,4,5654
85,21,plain,922,916,18,3,0,5,5919
85,22,plain,1014,1010,15,3,0,3,6564
86,1,plain,1567,1558,31,8,0,5,8901
86,2,plain,1115,1104,20,7,0,1,6517
86,3,plain,1505,1500,31,8,0,5,8814
86,4,plain,1810,1803,41,9,0,9,10600
86,5,plain,1670,1660,34,10,0,4,9683
86,6,plain,1495,1488,29,10,0,3,8608
86,7,plain,1616,1607,28,10,0,2,9526
86,8,plain,1763,1755,39,11,0,8,10126
86,9,plain,1846,1839,37,11,0,5,10616
86,10,plain,1827,1820,36,11,0,4,10525
86,11,plain,1700,1696,35,11,0,6,9652
86,12,plain,1646,1641,31,11,0,3,9414
86,13,plain,1989,1982,43,10,0,7,11656
86,14,plain,1649,1643,35,10,0,7,9620
86,15,plain,1478,1472,30,10,0,3,9057
86,16,plain,1715,1708,29,9,0,1,10174
86,17,plain,2082,2070,39,12,0,2,12260
87,1,plain,1492,1483,22,4,0,8,8740
87,2,plain,1483,1479,17,4,0,5,8810
87,3,plain,1517,1511,23,4,0,9,9104
87,4,plain,1265,1259,17,4,0,6,7382
87,5,plain,1115,1109,13,3,0,5,6334
87,6,plain,1186,1175,17,3,0,6,6946
87,7,plain,1314,1300,15,4,0,4,7704
87,8,plain,1264,1256,14,3,0,4,7360
87,9,plain,1484,1477,15,4,0,5,8730
87,10,plain,1261,1255,16,4,0,6,7324
87,11,plain,1033,1024,15,3,0,5,6088
87,12,plain,1038,1031,10,3,0,3,5942
87,13,plain,1120,1114,16,3,0,6,6456
87,14,plain,1189,1182,13,3,0,4,7085
87,15,plain,1210,1201,14,3,0,5,7036
87,16,plain,1323,1314,15,3,0,5,7731
87,17,plain,1390,1382,19,4,0,7,8340
87,18,plain,1098,1091,13,3,0,5,6531
87,19,plain,1499,1493,14,4,0,4,8873
88,1,plain,883,875,15,5,0,3,5410
88,2,plain,784,778,21,4,0,8,4754
88,3,plain,839,837,20,5,0,6,5116
88,4,plain,918,914,26,5,0,9,5465
88,5,plain,810,804,19,5,0,5,5005
88,6,plain,814,805,18,5,0,5,5042
88,7,plain,817,810,13,5,0,2,5018
88,8,plain,872,866,21,5,0,7,5360
88,9,plain,860,856,22,5,0,7,5407
88,10,plain,869,865,20,5,0,6,5290
88,11,plain,840,834,21,5,0,7,5307
88,12,plain,819,814,21,5,0,7,5171
88,13,plain,805,801,19,5,0,5,5194
88,14,plain,904,902,27,5,0,11,5758
88,15,plain,809,807,15,5,0,3,5186
88,16,plain,846,843,17,5,0,4,5425
88,17,plain,919,909,15,5,0,3,5695
88,18,plain,881,875,22,5,0,8,5514
88,19,plain,841,835,20,5,0,7,5408
88,20,plain,918,911,18,5,0,6,5820
88,21,plain,904,897,21,5,0,6,5681
88,22,plain,869,862,15,5,0,4,5681
88,23,plain,974,968,19,5,0,5,6143
88,24,plain,950,942,17,5,0,4,6076
88,25,plain,992,986,25,5,0,9,6190
88,26,plain,1055,1048,19,5,0,6,6821
89,1,plain,1114,1111,22,6,0,6,6806
89,2,plain,1038,1034,23,6,0,6,6296
89,3,plain,1072,1066,22,6,0,6,6528
89,4,plain,926,919,14,5,0,3,5522
89,5,plain,856,846,14,5,0,3,5355
89,6,plain,802,792,18,5,0,5,4938
89,7,plain,777,774,15,5,0,3,5011
89,8,plain,798,787,16,5,0,4,5111
89,9,plain,895,887,18,5,0,5,5691
89,10,plain,893,887,16,5,0,4,5833
89,11,plain,749,745,13,5,0,2,5077
89,12,plain,829,825,13,5,0,2,5571
89,13,plain,843,833,11,5,0,1,5454
89,14,plain,997,991,19,5,0,6,6258
89,15,plain,1072,1051,20,5,0,7,6678
89,16,plain,1002,984,17,5,0,5,6341
89,17,plain,996,989,16,5,0,4,6273
89,18,plain,945,937,17,5,0,4,6105
89,19,plain,945,939,15,5,0,3,6356
89,20,plain,959,953,15,5,0,3,6385
89,21,plain,928,917,15,5,0,3,5978
89,22,plain,1025,1015,13,5,0,2,6320
89,23,plain,1024,1005,15,5,0,3,6555
89,24,plain,974,962,11,5,0,1,6176
89,25,plain,1016,1009,11,5,0,1,6697
89,26,plain,998,992,15,5,0,3,6249
89,27,plain,985,980,13,5,0,2,6372
89,28,plain,1084,1078,17,5,0,4,6901
89,29,plain,973,969,15,5,0,3,6439
89,30,plain,966,963,11,5,0,1,6137
90,1,plain,1062,1056,11,5,0,1,6147
90,2,plain,1279,1272,13,5,0,2,7291
90,3,plain,1269,1260,13,5,0,2,7411
90,4,plain,1204,1198,11,5,0,1,7085
90,5,plain,1074,1063,13,5,0,2,6322
90,6,plain,1330,1323,13,6,0,1,7717
90,7,plain,1185,1177,13,5,0,2,6900
90,8,plain,1143,1135,13,5,0,2,6483
90,9,plain,1114,1109,15,5,0,3,6420
90,10,plain,1322,1315,17,6,0,3,7625
90,11,plain,1283,1275,15,5,0,3,7455
90,12,plain,1100,1091,11,5,0,1,6308
90,13,plain,1194,1187,15,5,0,3,7110
90,14,plain,1146,1138,15,4,0,4,6517
90,15,plain,1185,1179,13,5,0,2,6934
90,16,plain,1234,1227,13,5,0,2,7081
90,17,plain,1382,1363,17,5,0,4,8359
90,18,plain,1205,1198,11,5,0,1,7025
90,19,plain,1192,1178,13,5,0,2,6811
90,20,plain,1200,1194,11,5,0,1,6857
91,1,plain,1501,1494,25,6,0,8,8445
91,2,plain,1090,1084,18,6,0,4,6456
91,3,plain,1094,1088,22,5,0,7,6214
91,4,plain,1077,1071,20,5,0,6,6222
91,5,plain,1142,1133,21,6,0,7,6672
91,6,plain,1103,1094,21,5,0,6,6234
91,7,plain,1496,1487,31,7,0,10,8875
91,8,plain,1942,1931,39,8,0,12,11347
91,9,plain,1283,1277,27,6,0,8,7674
91,10,plain,1190,1183,17,7,0,2,6975
91,11,plain,989,984,17,5,0,4,6132
91,12,plain,1041,1033,17,5,0,4,6112
91,13,plain,1038,1021,14,5,0,3,5983
91,14,plain,1137,1119,13,6,0,1,6901
91,15,plain,1318,1311,15,6,0,2,7516
92,1,plain,1253,1247,13,6,0,1,7532
92,2,plain,1142,1136,13,6,0,1,6831
92,3,plain,1226,1217,13,6,0,1,7509
92,4,plain,1122,1117,13,6,0,1,7137
92,5,plain,1197,1189,13,6,0,1,7389
92,6,plain,1043,1036,11,5,0,1,6423
92,7,plain,1060,1053,11,5,0,1,6513
92,8,plain,993,981,11,5,0,1,6192
92,9,plain,1062,1056,13,6,0,1,6571
92,10,plain,1032,1025,13,6,0,1,6382
92,11,plain,1056,1046,13,6,0,1,6392
92,12,plain,987,980,11,5,0,1,6006
92,13,plain,1016,1006,13,6,0,1,6306
92,14,plain,981,972,11,5,0,1,6015
92,15,plain,1087,1079,13,6,0,1,6706
92,16,plain,871,866,11,5,0,1,5282
92,17,plain,1162,1153,13,6,0,1,6878
92,18,plain,1065,1059,13,6,0,1,6447
92,19,plain,895,888,9,4,0,1,5485
92,20,plain,993,982,11,5,0,1,5932
92,21,plain,1025,1019,13,5,0,2,6111
93,1,plain,1020,1016,17,5,0,4,6130
93,2,plain,927,921,20,5,0,6,5594
93,3,plain,953,943,18,5,0,5,5859
93,4,plain,958,947,23,5,0,7,5970
93,5,plain,1038,1025,19,5,0,5,6410
93,6,plain,862,853,15,5,0,3,5380
93,7,plain,988,983,23,5,0,7,6258
93,8,plain,876,869,19,5,0,5,5723
93,9,plain,855,848,20,5,0,6,5580
93,10,plain,1019,1011,21,5,0,6,6394
93,11,plain,962,953,17,5,0,4,6413
94,1,plain,2941,2933,33,8,0,7,17389
94,2,plain,2288,2282,38,7,0,11,13654
94,3,plain,2288,2281,25,8,0,4,13294
94,4,plain,2415,2408,41,8,0,10,13994
94,5,plain,2327,2320,34,8,0,6,13766
94,6,plain,2018,2012,27,6,0,6,11952
94,7,plain,2239,2230,41,7,0,9,13222
94,8,plain,2260,2252,33,8,0,7,13048
95,1,plain,2074,2068,25,6,0,5,12255
95,2,plain,1720,1717,17,6,0,1,10225
95,3,plain,1808,1802,21,6,0,4,10682
95,4,plain,2436,2427,32,8,0,6,15202
95,5,plain,2097,2087,29,6,0,7,12510
95,6,plain,2296,2281,31,7,0,8,13949
95,7,plain,1769,1762,18,6,0,2,10705
95,8,plain,1925,1917,18,6,0,2,11584
96,1,plain,1873,1864,39,9,0,4,11190
96,2,plain,1740,1734,44,10,0,8,10348
96,3,plain,1714,1706,43,9,0,6,10314
96,4,plain,1858,1853,45,9,0,7,11355
96,5,plain,1892,1885,60,10,0,13,11599
96,6,plain,1614,1610,44,9,0,8,9800
96,7,plain,1853,1846,54,10,0,10,11297
96,8,plain,1747,1740,59,10,0,12,10475
96,9,plain,1399,1393,47,8,0,5,8786
96,10,plain,1623,1618,46,8,0,11,9757
96,11,plain,1451,1443,44,9,0,5,8982
96,12,plain,1553,1550,48,8,0,9,9306
96,13,plain,1502,1493,50,8,0,11,8971
96,14,plain,1712,1705,51,9,0,10,10003
96,15,plain,1575,1562,46,8,0,6,9082
96,16,plain,1399,1395,46,8,0,9,8484
96,17,plain,1459,1453,52,8,0,14,8644
96,18,plain,1354,1347,46,8,0,9,8049
96,19,plain,1833,1824,56,8,0,11,11102
97,1,plain,955,945,27,5,0,6,6012
97,2,plain,923,913,23,6,0,2,5765
97,3,plain,890,880,21,6,0,2,5633
97,4,plain,900,884,30,6,0,7,5799
97,5,plain,993,985,27,7,0,4,6196
98,1,plain,2684,2662,65,12,0,12,16537
98,2,plain,2158,2151,66,10,0,16,13490
98,3,plain,2053,2049,55,9,0,11,12813
98,4,plain,2089,2070,63,9,0,15,13022
98,5,plain,2921,2891,88,10,0,24,18056
98,6,plain,2320,2291,67,9,0,17,13906
98,7,plain,2447,2430,62,9,0,13,14751
98,8,plain,2796,2762,78,10,0,21,16591
99,1,plain,2041,2033,42,6,0,11,12676
99,2,plain,1747,1740,35,5,0,8,10885
99,3,plain,1428,1422,25,4,0,7,8793
99,4,plain,1715,1708,28,5,0,7,10548
99,5,plain,1455,1450,30,4,0,9,9048
99,6,plain,1667,1654,36,5,0,13,10731
99,7,plain,2115,2104,48,5,0,15,12998
99,8,plain,2265,2254,53,6,0,17,14056
100,1,plain,2078,2073,32,6,0,8,12202
100,2,plain,1270,1264,17,5,0,4,7569
100,3,plain,1251,1245,26,5,0,9,7468
100,4,plain,1062,1055,17,5,0,4,6322
100,5,plain,1216,1210,21,5,0,6,7533
100,6,plain,1612,1604,37,6,0,14,9720
100,7,plain,1436,1427,28,5,0,11,8684
100,8,plain,1354,1342,25,5,0,8,8213
100,9,plain,1303,1288,24,5,0,10,7868
100,10,plain,1385,1376,20,5,0,7,8203
100,11,plain,1481,1469,17,5,0,4,8682
101,1,plain,1683,1681,21,6,0,2,10245
101,2,plain,1415,1411,25,5,0,8,8646
101,3,plain,1485,1477,22,5,0,4,9051
101,4,plain,1620,1611,24,5,0,5,10173
101,5,plain,1580,1572,24,5,0,5,9976
101,6,plain,1590,1583,34,5,0,12,9997
101,7,plain,1609,1603,26,5,0,7,10067
101,8,plain,1720,1712,27,5,0,8,10697
101,9,plain,1691,1685,25,5,0,5,10532
101,10,plain,1529,1522,16,5,0,1,9497
101,11,plain,1768,1763,32,5,0,10,10989
102,1,plain,1835,1830,37,7,0,7,11440
102,2,plain,1687,1682,36,7,0,7,10179
102,3,plain,1475,1469,30,8,0,3,9037
102,4,plain,1435,1428,36,7,0,7,8785
102,5,plain,1574,1564,36,8,0,6,9792
102,6,plain,1521,1516,37,8,0,6,9521
102,7,plain,1566,1555,34,8,0,5,9450
102,8,plain,2197,2185,51,10,0,8,13642
103,1,plain,1446,1442,38,7,0,9,8596
103,2,plain,1640,1635,45,8,0,9,10115
103,3,plain,2394,2376,96,8,0,25,14967
104,1,plain,2773,2768,38,7,0,11,16024
104,2,plain,3002,2996,52,7,0,19,16867
104,3,plain,3117,3110,42,7,0,13,17306
104,4,plain,1906,1896,18,5,0,3,10470
104,5,plain,1921,1912,15,6,0,2,10721
104,6,plain,2058,2053,19,5,0,3,11263
104,7,plain,2556,2553,24,6,0,5,14051
104,8,plain,2566,2560,33,5,0,10,14210
104,9,plain,2459,2456,23,5,0,6,13809
105,1,plain,2200,2186,29,8,0,5,13326
105,2,plain,1920,1912,33,7,0,10,11686
105,3,plain,1660,1653,29,7,0,7,10266
105,4,plain,1863,1856,37,7,0,11,11351
105,5,plain,2370,2362,38,10,0,9,14468
106,1,plain,2359,2352,28,7,0,3,13820
106,2,plain,2120,2109,32,7,0,4,12220
106,3,plain,2625,2616,44,8,0,8,15090
106,4,plain,3130,3119,51,9,0,10,17714
107,1,plain,1290,1282,26,5,0,6,7724
107,2,plain,1397,1388,33,5,0,10,8464
107,3,plain,1253,1246,25,4,0,8,7350
107,4,plain,1123,1118,16,4,0,2,6817
107,5,plain,1098,1092,23,4,0,7,7029
107,6,plain,1404,1398,26,4,0,7,8382
107,7,plain,1408,1404,27,4,0,6,8603
108,1,plain,2001,1992,38,7,0,7,12323
108,2,plain,2239,2232,48,8,0,8,13901
108,3,plain,2431,2422,56,9,0,11,14872
109,1,plain,1878,1875,35,7,0,8,11132
109,2,plain,1799,1793,40,7,0,11,10679
109,3,plain,1723,1715,32,7,0,7,9761
109,4,plain,1829,1820,34,7,0,7,10605
109,5,plain,1658,1650,34,7,0,8,9584
109,6,plain,1930,1921,33,7,0,6,11558
110,1,plain,2983,2977,34,10,0,5,17871
110,2,plain,3014,3005,28,9,0,3,17991
110,3,plain,3841,3825,44,10,0,11,23778
111,1,plain,1290,1279,32,8,0,5,8321
111,2,plain,1305,1295,36,8,0,7,8460
111,3,plain,1281,1275,37,9,0,7,8302
111,4,plain,1355,1349,38,9,0,6,8912
111,5,plain,1486,1477,37,9,0,3,9602
112,1,plain,2378,2373,26,8,0,6,14145
112,2,plain,1960,1954,27,7,0,7,11585
112,3,plain,2252,2245,35,8,0,11,13169
112,4,plain,2299,2293,28,8,0,7,13481
113,1,plain,1931,1921,27,11,0,3,11131
113,2,plain,1708,1700,32,10,0,6,10270
113,3,plain,1721,1713,33,11,0,6,10359
113,4,plain,1694,1685,25,11,0,2,10262
113,5,plain,2093,2083,39,13,0,7,12583
114,1,plain,1821,1812,23,6,0,4,10931
114,2,plain,1743,1739,27,6,0,8,10268
114,3,plain,1785,1781,25,6,0,7,10645
114,4,plain,2064,2057,28,6,0,8,12589
114,5,plain,2046,2039,23,6,0,5,12389
114,6,plain,1734,1730,18,6,0,4,10412
